date,Close,Return,LogReturn,Gap,Body,UpperShadow,LowerShadow,BETA10,BETA20,BETA30,BETA5,BETA60,CNTD10,CNTD20,CNTD30,CNTD5,CNTD60,CNTN10,CNTN20,CNTN30,CNTN5,CNTN60,CNTP10,CNTP20,CNTP30,CNTP5,CNTP60,CORD10,CORD20,CORD30,CORD5,CORD60,CORR10,CORR20,CORR30,CORR5,CORR60,IMAX10,IMAX20,IMAX30,IMAX5,IMAX60,IMIN10,IMIN20,IMIN30,IMIN5,IMIN60,IMXD10,IMXD20,IMXD30,IMXD5,IMXD60,MA10,MA20,MA30,MA5,MA60,MAX10,MAX20,MAX30,MAX5,MAX60,MIN10,MIN20,MIN30,MIN5,MIN60,QTLD10,QTLD20,QTLD30,QTLD5,QTLD60,QTLU10,QTLU20,QTLU30,QTLU5,QTLU60,RANK10,RANK20,RANK30,RANK5,RANK60,RESI10,RESI20,RESI30,RESI5,RESI60,ROC10,ROC20,ROC30,ROC5,ROC60,RSQR10,RSQR20,RSQR30,RSQR5,RSQR60,RSV10,RSV20,RSV30,RSV5,RSV60,STD10,STD20,STD30,STD5,STD60,SUMD10,SUMD20,SUMD30,SUMD5,SUMD60,SUMN10,SUMN20,SUMN30,SUMN5,SUMN60,SUMP10,SUMP20,SUMP30,SUMP5,SUMP60,VMA10,VMA20,VMA30,VMA5,VMA60,VSTD10,VSTD20,VSTD30,VSTD5,VSTD60,VSUMD10,VSUMD20,VSUMD30,VSUMD5,VSUMD60,VSUMN10,VSUMN20,VSUMN30,VSUMN5,VSUMN60,VSUMP10,VSUMP20,VSUMP30,VSUMP5,VSUMP60,WVMA10,WVMA20,WVMA30,WVMA5,WVMA60
2026-07-06T12:00:00Z,724.49,0.0167852582,0.0166459425,0.0132345305,0.0035043493,0.0012189041,0.0046816998,-0.0031887844,0.0004858227,-0.0004492547,-0.0010510842,0.0001264158,-0.2,0,-0.0666666667,-0.2,-0.1,0.6,0.5,0.5333333333,0.6,0.55,0.4,0.5,0.4666666667,0.4,0.45,-0.2144755996,-0.055899303,-0.0575855803,-0.6152559002,-0.2699256678,-0.4970637372,-0.3225305225,-0.0974145394,-0.7267525082,-0.4421625738,0.2,0.6,0.0666666667,0.2,0.5333333333,0.7,0.2,0.4666666667,0.4,0.15,-0.5,0.4,-0.4,-0.2,0.3833333333,1.0001269859,0.9942915016,0.9973036205,0.9908307913,0.9959160927,1.0181230935,1.0181230935,1.0287512595,1.008709575,1.0287512595,0.9767008516,0.9702618394,0.9702618394,0.9767008516,0.9464312827,0.9935609877,0.9834918356,0.984499441,0.9834918356,0.980662259,1.0083230962,1.0037129567,1.0149484465,1,1.015535066,0.4,0.65,0.6,0.8,0.5833333333,0.014222544,0.0010931828,0.0092105726,0.0112713771,0.0003546418,0.0019361352,0.0240286082,-0.0171209182,-0.0036992217,-0.0166406515,0.5918629568,0.0558666617,0.0749699723,0.0258018232,0.0151050749,0.5624791736,0.6213410238,0.5084365782,0.7278999569,0.6507377599,0.0119053332,0.0118521534,0.0142016293,0.0092539535,0.0178131264,0.0243859955,0.1363599904,-0.0746878144,-0.0743299254,-0.0331199179,0.4878070023,0.4318200048,0.5373439072,0.5371649627,0.5165599589,0.5121929977,0.5681799952,0.4626560928,0.4628350373,0.4834400411,1.2546949832,1.2875838114,1.3333178842,1.3888148476,1.6679138386,0.2701750155,0.2831324545,0.3562240503,0.2453959656,0.873507759,-0.0203669298,-0.0418169824,-0.0951739462,0.054244047,-0.00743244,0.5101834649,0.5209084912,0.5475869731,0.4728779765,0.50371622,0.4898165351,0.4790915088,0.4524130269,0.5271220235,0.49628378,0.7203389269,0.9415746319,1.0569500314,0.5351422972,1.1730978751
2026-07-06T15:00:00Z,721.32,-0.0043754917,-0.0043850922,-0.0003864788,-0.0039905552,0.0025130832,0.00037282,-0.0029006586,0.0006221311,-0.000302694,0.0027366495,0.0001736711,-0.4,-0.1,-0.1333333333,-0.2,-0.1333333333,0.7,0.55,0.5666666667,0.6,0.5666666667,0.3,0.45,0.4333333333,0.4,0.4333333333,-0.3344891226,-0.2887466259,-0.0513331851,-0.7256326674,-0.2657247133,-0.4956340755,-0.4014846628,-0.1737137067,-0.8538091518,-0.4304229208,0.1,0.55,0.0333333333,0,0.5166666667,0.6,0.15,0.4333333333,0.2,0.1333333333,-0.5,0.4,-0.4,-0.2,0.3833333333,1.0032468253,0.9983637637,1.0008597664,0.9942619087,0.9998240494,1.0225974602,1.0225974602,1.0332723341,1.013142572,1.0332723341,0.9809931792,0.9745258692,0.9745258692,0.9809931792,0.9505905839,0.9979274109,0.9878140077,0.9888260411,0.9878140077,0.9849719958,1.0090112571,1.0081239949,1.0127543947,1,1.0194088615,0.4,0.55,0.5333333333,0.8,0.5333333333,0.0098061382,-0.0042740096,0.0035292972,0.0002647923,-0.0049473468,-0.0125937688,-0.0059122669,-0.0242015124,-0.0045953219,-0.0273593938,0.5080547795,0.0925466525,0.0370906922,0.2069311832,0.0294686146,0.4568477174,0.5299206921,0.4336283186,0.5912031048,0.5975855131,0.0116887566,0.0117922699,0.0136038121,0.008507877,0.0175205604,-0.1730950141,-0.0390995261,-0.1052105387,-0.0904154222,-0.0550640469,0.5865475071,0.519549763,0.5526052693,0.5452077111,0.5275320234,0.4134524929,0.480450237,0.4473947307,0.4547922889,0.4724679766,1.272476782,1.306090368,1.3688113727,1.3646374434,1.744696336,0.2951244709,0.2811460608,0.3700311479,0.3152239175,0.9175720585,-0.1352920679,-0.1661193687,-0.0782425749,-0.3273608276,-0.004712825,0.5676460339,0.5830596844,0.5391212874,0.6636804138,0.5023564125,0.4323539661,0.4169403156,0.4608787126,0.3363195862,0.4976435875,0.8049661602,0.8507880464,1.0612352337,0.5522263305,1.1790246736
2026-07-06T18:00:00Z,722.75,0.0019824766,0.0019805141,0.0004159042,0.0015659211,0.0033397079,0.000332585,-0.0018492081,0.0005221962,-0.0001256864,0.0053697682,0.0002157802,-0.4,0,-0.1333333333,0.2,-0.1,0.7,0.5,0.5666666667,0.4,0.55,0.3,0.5,0.4333333333,0.6,0.45,-0.2107246989,-0.2401040749,-0.0438086426,-0.5857019939,-0.2603203047,-0.4878102472,-0.3518891474,-0.3459070938,-0.7774274087,-0.4329765656,0,0.5,0,0.6,0.5,0.5,0.1,0.4,0,0.1166666667,-0.5,0.4,-0.4,0.6,0.3833333333,0.9994638533,0.9970449671,0.9980991583,0.9931041162,0.9974990199,1.0205741958,1.0205741958,1.0312279488,1.0045382221,1.0312279488,0.9790522311,0.9725977171,0.9725977171,0.9790522311,0.948709789,0.9959529575,0.9858595642,0.9868695953,0.9858595642,0.9830231754,1.006129367,1.006129367,1.0070148737,1,1.0145693532,0.5,0.55,0.5666666667,0.8,0.5666666667,0.0088575831,-0.0020058309,0.003723294,-0.0038436527,-0.0038645353,-0.0176623694,0.0133051061,-0.0228750659,0.0040634877,-0.0203852045,0.2685171198,0.0675633168,0.0072292041,0.7151353634,0.0470302411,0.5044985005,0.5711607787,0.4673746313,0.8219326819,0.6215627096,0.0102500686,0.0115844132,0.0127947603,0.0089800016,0.0172315067,-0.2632965252,0.0960526316,-0.0989415824,0.0874831763,-0.0410827938,0.6316482626,0.4519736842,0.5494707912,0.4562584118,0.5205413969,0.3683517374,0.5480263158,0.4505292088,0.5437415882,0.4794586031,0.93145747,0.9121965942,0.9616202538,0.9845334138,1.2502379008,0.2100555173,0.1585767521,0.2396688056,0.2261138478,0.6581849623,0.0823265516,-0.1259282277,-0.0761988162,0.0251373216,-0.0015877918,0.4588367242,0.5629641139,0.5380994081,0.4874313392,0.5007938959,0.5411632758,0.4370358861,0.4619005919,0.5125686608,0.4992061041,0.8819528793,0.7937707032,1.05370184,0.6944205775,1.1874447467
2026-07-07T12:00:00Z,707.595,-0.020968523,-0.0211914848,-0.0087582152,-0.0123181932,0,0.0037338433,-0.0018063749,0.0001983633,-0.000093761,-0.0016407691,0.0001988864,-0.4,-0.1,-0.1333333333,0.2,-0.1,0.7,0.55,0.5666666667,0.4,0.55,0.3,0.45,0.4333333333,0.6,0.45,-0.1414216575,-0.1342727007,-0.0360652406,-0.2741828811,-0.2349736623,-0.672913754,-0.3560090206,-0.2879063245,-0.5379663586,-0.4247962379,0.1,0.45,0,0.4,0.4833333333,0.9,0.05,0.3666666667,0.8,0.1,-0.8,0.4,-0.3666666667,-0.4,0.3833333333,1.0169517874,1.0177078696,1.0180522286,1.0143330578,1.018456179,1.0342356857,1.0424324649,1.0437467761,1.0260530388,1.0533143959,0.9962195889,0.9934284442,0.9934284442,0.9962195889,0.9690288936,1.0069743285,1.0055469584,1.0069743285,1.0069743285,1.0036390873,1.0241027707,1.0276782623,1.0276782623,1.0214176188,1.0362990129,0.1,0.1,0.1,0.2,0.15,-0.0088231005,-0.0195923213,-0.0166926938,-0.0110515196,-0.0243233284,-0.0377046728,-0.0136399119,-0.0409652761,-0.0002048775,-0.0238318595,0.2581409304,0.0084183708,0.0040304104,0.0631214408,0.0376580182,0.0994423792,0.1341023792,0.1305996349,0.1267171956,0.3674547284,0.0102118968,0.0124664613,0.012783121,0.0092357892,0.0177491149,-0.4326285402,-0.0890881777,-0.1639855682,-0.0039720586,-0.0469015136,0.7163142701,0.5445440889,0.5819927841,0.5019860293,0.5234507568,0.2836857299,0.4554559111,0.4180072159,0.4980139707,0.4765492432,0.9869783727,0.9841089296,1.0396712923,1.0098487712,1.3331326502,0.2213891746,0.1693247912,0.2529700034,0.225849728,0.7074024898,-0.0560363444,0.0279645342,0.0296315178,-0.2004806602,-0.0176546366,0.5280181722,0.4860177329,0.4851842411,0.6002403301,0.5088273183,0.4719818278,0.5139822671,0.5148157589,0.3997596699,0.4911726817,0.7839527946,0.8153356845,1.0003689923,0.6987210035,1.1908973818
2026-07-07T15:00:00Z,713.41,0.0082179778,0.0081843941,-0.0009539355,0.0091806711,0.0006082725,0.0014570248,-0.0014950815,-0.0000220428,0.0000076525,-0.0050300669,0.0001683959,-0.2,0,-0.0666666667,0.2,-0.0666666667,0.6,0.5,0.5333333333,0.4,0.5333333333,0.4,0.5,0.4666666667,0.6,0.4666666667,-0.3446695146,-0.1612376764,-0.0516266152,-0.3958961009,-0.2256460834,-0.5197944921,-0.3286352918,-0.1792909527,-0.3066613292,-0.4121183519,0,0.4,0,0.2,0.4666666667,0.8,0,0.3333333333,0.6,0.0833333333,-0.8,0.4,-0.3333333333,-0.4,0.3833333333,1.006642744,1.0092089402,1.0086383239,1.0063119384,1.0101056896,1.0258056377,1.0339356051,1.035141083,1.0176896876,1.0447288376,0.9880994099,0.9853310158,0.9853310158,0.9880994099,0.9611303458,0.9987664877,0.997350752,0.9987664877,1,0.995458432,1.0155310411,1.0193016638,1.0171009658,1.0130920509,1.0278521467,0.4,0.35,0.3,0.4,0.3,0.0000851225,-0.0089995334,-0.0087492858,0.0037481953,-0.0150733685,-0.0197988514,-0.0040554784,-0.0323888836,0.0012350357,-0.0029349695,0.1989194654,0.0001036607,0.0000304819,0.628164755,0.0273671884,0.3156133829,0.3018024513,0.2944983819,0.4021790621,0.4649564051,0.0096283792,0.0124840586,0.0119970283,0.008975362,0.0176285548,-0.2309294872,-0.0253523585,-0.1259493671,0.0234479083,-0.0057568946,0.6154647436,0.5126761793,0.5629746835,0.4882760458,0.5028784473,0.3845352564,0.4873238207,0.4370253165,0.5117239542,0.4971215527,1.1745621205,1.1491120777,1.2239739024,1.0550297758,1.5331323953,0.2403297603,0.2004405501,0.2897903404,0.1365423749,0.8180257534,0.0782063058,-0.0170723863,0.02064738,-0.473286951,-0.0491619575,0.4608968471,0.5085361932,0.48967631,0.7366434755,0.5245809788,0.5391031529,0.4914638068,0.51032369,0.2633565245,0.4754190212,0.7849727437,0.7653527532,0.9634094911,0.7457748222,1.2154669005
2026-07-07T18:00:00Z,710.01,-0.0047658429,-0.0047772358,0.0003644468,-0.0051284207,0,0.0050303361,-0.0012795381,-0.0004340032,0.0000995928,-0.0045013451,0.0000960805,-0.2,0,-0.1333333333,-0.2,-0.0666666667,0.6,0.5,0.5666666667,0.6,0.5333333333,0.4,0.5,0.4333333333,0.4,0.4666666667,-0.3485821887,-0.1714793772,-0.0780880931,0.111762763,-0.2033260073,-0.4410836731,-0.363133617,-0.274917768,-0.363704226,-0.3672715333,0.1,0.35,0.5666666667,0,0.45,0.7,0.05,0.3,0.4,0.0666666667,-0.6,0.3,0.2666666667,-0.4,0.3833333333,1.009044943,1.0140086055,1.0121552279,1.0070520134,1.015171852,1.0292812777,1.0388867762,1.0388867762,1.0225630625,1.0497316939,0.9928310869,0.9928170026,0.9900494359,0.9928310869,0.965732877,1,1.0021267306,1.0021267306,1,1.0002253489,1.0179434092,1.024182758,1.0206194279,1.0159293531,1.0327741863,0.3,0.2,0.1666666667,0.4,0.2,-0.0032870216,-0.0098855751,-0.0135993238,0.0019506768,-0.0180062268,-0.0236117605,-0.0006615246,-0.0379007561,-0.0199864732,0.0139378793,0.159451381,0.039575064,0.0058405071,0.5604135677,0.0091164427,0.1966769706,0.1559156221,0.2037490988,0.2411179536,0.4079476861,0.0092037763,0.012579922,0.0112795559,0.0085036031,0.0174270089,-0.2635052179,-0.0041908159,-0.1454422547,-0.4998274077,0.0276549926,0.631752609,0.5020954079,0.5727211273,0.7499137038,0.4861725037,0.368247391,0.4979045921,0.4272788727,0.2500862962,0.5138274963,0.8808727958,0.8305668638,0.877544288,0.8209666335,1.0641446171,0.1594450355,0.148553656,0.2077572987,0.1266308382,0.5251959018,0.1990810485,0.0409465137,-0.0001586255,0.4280583032,-0.0876109972,0.4004594757,0.4795267431,0.5000793128,0.2859708484,0.5438054986,0.5995405243,0.5204732569,0.4999206872,0.7140291516,0.4561945014,0.6953066774,0.7811274211,0.9374581805,0.8667660224,1.0995402936
2026-07-08T12:00:00Z,705.21,-0.0067604682,-0.0067834236,-0.0092393065,0.0025019547,0.0064681214,0.0005117635,-0.0013793441,-0.0009245633,-0.0000223066,-0.0046319536,0.0000601213,-0.2,-0.1,-0.1333333333,-0.2,-0.1,0.6,0.55,0.5666666667,0.6,0.55,0.4,0.45,0.4333333333,0.4,0.45,-0.2702825897,-0.1013170376,-0.0930800923,0.1609624485,-0.1289794988,-0.2283878634,-0.2271936088,-0.1841544256,0.4207059963,-0.3367195403,0,0.3,0.5333333333,0,0.4333333333,0.9,0.95,0.2666666667,0.8,0.05,-0.9,-0.65,0.2666666667,-0.8,0.3833333333,1.0131563648,1.0204630536,1.0184082283,1.0093376441,1.0217176444,1.0362870634,1.0459579416,1.0459579416,1.0282894457,1.056876675,0.9969938033,0.9969938033,0.9967881908,0.9969938033,0.9723061216,1.0035875838,1.0068064832,1.0074729513,1.0033819713,1.0068064832,1.0228442592,1.0311538407,1.0275662569,1.0116277421,1.0398037464,0.1,0.1,0.0666666667,0.2,0.1166666667,-0.0069493162,-0.0116797023,-0.0180847831,-0.0000737369,-0.0234912238,-0.0268267439,-0.0088683382,-0.0187290411,-0.0223340542,-0.0213707831,0.1743846311,0.162486886,0.0002650334,0.5711737328,0.0034323198,0.0765066763,0.0613958876,0.0653208363,0.0960579973,0.3274647887,0.0094873626,0.0132258415,0.0118596415,0.0086675246,0.017771948,-0.2882989767,-0.0544387887,-0.0757030371,-0.5264705882,-0.0456485653,0.6441494884,0.5272193944,0.5378515186,0.7632352941,0.5228242827,0.3558505116,0.4727806056,0.4621484814,0.2367647059,0.4771757173,1.3542261587,1.3099365604,1.3851381105,1.3024408416,1.6798068084,0.2784806764,0.2469901095,0.338767973,0.2103729435,0.8409567931,-0.1568177716,-0.0488497925,-0.0392207693,-0.0173676248,-0.0272010849,0.5784088858,0.5244248963,0.5196103847,0.5086838124,0.5136005425,0.4215911142,0.4755751037,0.4803896153,0.4913161876,0.4863994575,0.6774708625,0.7454611152,0.9483906869,0.8077194212,1.0979045923
2026-07-08T15:00:00Z,708.56,0.004750358,0.0047391107,0.0000141802,0.0047361107,0.0035308131,0.0060123082,-0.0013270192,-0.0014711878,-0.0001321077,-0.0008848933,0.000025586,0,0,-0.0666666667,-0.2,-0.0666666667,0.5,0.5,0.5333333333,0.6,0.5333333333,0.5,0.5,0.4666666667,0.4,0.4666666667,-0.226711008,-0.0766690159,-0.0835540805,0.135119227,-0.1256311041,-0.21663675,-0.1896853034,-0.1594073206,0.2887658037,-0.3222245196,0.3,0.25,0.5,0,0.4166666667,0.9,0.95,0.9666666667,0.8,0.0333333333,-0.6,-0.7,-0.4666666667,-0.8,0.3833333333,1.0067764198,1.0158938551,1.0132475255,1.0005602913,1.0166701949,1.0246556396,1.0410127583,1.0410127583,1.0110929209,1.051879869,0.9893022468,0.9893022468,0.9893022468,0.9893022468,0.9677091566,0.9988427233,1.002046404,1.002046404,0.9986380829,1.0014818787,1.018008355,1.0262786497,1.0227080275,1.002046404,1.0348876595,0.4,0.2,0.2,0.6,0.2,-0.0008048334,-0.0019175713,-0.0113319639,0.0012094953,-0.0174249814,-0.0156496371,0.0051351888,-0.0102666536,-0.0196333449,-0.0128451615,0.1651680607,0.4390509084,0.0090159562,0.1062778516,0.0006187421,0.3025948104,0.2068777293,0.2068777293,0.4909326425,0.3836351442,0.0093786677,0.0128028452,0.0120423555,0.0038387031,0.0178134297,-0.1707982715,0.0321263756,-0.0412018611,-0.4363468635,-0.0272877945,0.5853991358,0.4839368122,0.5206009305,0.7181734317,0.5136438972,0.4146008642,0.5160631878,0.4793990695,0.2818265683,0.4863561028,1.1128854462,1.0859025885,1.1491609649,1.0462832137,1.3880357154,0.2349549481,0.206729749,0.2837822892,0.167796056,0.7014897689,-0.05936289,-0.0257533827,-0.0193379565,-0.1543740581,-0.0249270568,0.529681445,0.5128766913,0.5096689783,0.5771870291,0.5124635284,0.470318555,0.4871233087,0.4903310217,0.4228129709,0.4875364716,0.7138921266,0.7757168097,0.9470867313,0.7277108113,1.1026292517
2026-07-08T18:00:00Z,709.14,0.0008185616,0.0008182268,-0.0006068646,0.0014262918,0.0043706664,0,-0.0021791226,-0.0017764979,-0.0002364988,-0.0014087486,-0.0000138606,0.2,0,0,0.2,-0.0333333333,0.4,0.5,0.5,0.4,0.5166666667,0.6,0.5,0.5,0.6,0.4833333333,-0.1488341368,-0.0978420475,-0.0893257279,0.0721921204,-0.1283310572,0.025608046,-0.0413259481,-0.0665469697,0.2790737763,-0.2883827452,0.2,0.2,0.4666666667,0,0.4,0.8,0.9,0.9333333333,0.6,0.0166666667,-0.6,-0.7,-0.4666666667,-0.6,0.3833333333,1.0061504075,1.0145990213,1.012122665,1.00017768,1.0157070536,1.0238175819,1.0401613222,1.0401613222,1.0066277463,1.0510195448,0.9884931043,0.9884931043,0.9884931043,0.9884931043,0.9669176749,0.9991821079,1,1,0.9991821079,1,1.017175734,1.0254392645,1.0218715627,1.0012268381,1.034041233,0.4,0.25,0.2333333333,0.6,0.2166666667,0.0036556444,0.0022777086,-0.0086934318,0.0026398172,-0.0152981654,0.0019781276,-0.0091935394,-0.0088057699,0.0021834524,-0.0078350169,0.460694139,0.6062062262,0.0280436059,0.2876770019,0.000180109,0.325748503,0.2227074236,0.2227074236,0.634525661,0.393360161,0.0092215156,0.0131568016,0.0122236615,0.0037144621,0.017886083,0.0257116621,-0.0642076503,-0.0352941176,0.0860964057,-0.0166954863,0.487144169,0.5321038251,0.5176470588,0.4569517972,0.5083477431,0.512855831,0.4678961749,0.4823529412,0.5430482028,0.4916522569,1.5139075608,1.5393391052,1.6020185793,1.3935107012,1.9910636024,0.3591255974,0.3229030834,0.3560069657,0.3087975308,1.0246720223,-0.2442875256,-0.095463144,-0.16115347,-0.2821983699,-0.0297390984,0.6221437628,0.547731572,0.580576735,0.6410991849,0.5148695492,0.3778562372,0.452268428,0.419423265,0.3589008151,0.4851304508,0.8050638727,0.8442161642,0.9519747756,0.4870490734,1.1179925528
2026-07-09T12:00:00Z,719.315,0.0143483656,0.014246402,0.0111261528,0.0031867565,0.0047487553,0.0025521945,-0.0017975014,-0.0016790097,-0.0002018034,0.0031335368,-0.000039679,0.2,0,0,0.2,0,0.4,0.5,0.5,0.4,0.5,0.6,0.5,0.5,0.6,0.5,-0.1718151667,-0.0743477237,-0.0565189294,0.138603834,-0.1307920531,-0.0761769396,-0.0344027379,-0.0691157833,-0.3842626917,-0.2742302946,0.1,0.15,0.4333333333,0.8,0.3833333333,0.7,0.85,0.9,0.4,0,-0.6,-0.7,-0.4666666667,0.4,0.3833333333,0.9928612638,0.9999944392,0.9977958196,0.9876716042,1.0015513602,1.0093352704,1.0254478219,1.0254478219,1.0047336702,1.0361524506,0.9745104718,0.9745104718,0.9745104718,0.9745104718,0.9532402355,0.9850482751,0.9858545978,0.9858545978,0.9850482751,0.9858545978,1.0027873741,1.0109340136,1.0074167785,0.9870640818,1.0194143039,0.7,0.45,0.5666666667,1,0.4666666667,0.0152274923,0.0159561527,0.005130329,0.0060613222,-0.0003808306,0.0095224061,-0.0050280102,-0.0002988062,0.0082771478,0.0128771984,0.3025382847,0.5612050817,0.0210158429,0.4555389797,0.0015349995,0.7319361277,0.5004093886,0.5004093886,0.8433762649,0.5639671362,0.0093865508,0.0129237404,0.012048811,0.0065657905,0.0175390704,0.1133951701,-0.0344794878,-0.001164775,0.2647388478,0.0268162158,0.443302415,0.5172397439,0.5005823875,0.3676305761,0.4865918921,0.556697585,0.4827602561,0.4994176125,0.6323694239,0.5134081079,1.4380696545,1.5745991546,1.6542350462,1.3611597443,2.0457202408,0.3048385475,0.3599323546,0.384294572,0.3682114293,1.0726819409,-0.3376300108,-0.0678969036,-0.030172053,-0.2105332411,-0.0312660858,0.6688150054,0.5339484518,0.5150860265,0.6052666206,0.5156330429,0.3311849946,0.4660515482,0.4849139735,0.3947333794,0.4843669571,0.8114943445,0.8461770226,0.9334801368,0.5386933919,1.119354195
2026-07-09T15:00:00Z,723.79,0.0062211966,0.0062019248,0.0003266997,0.0058925717,0.0006114933,0.0001806685,-0.0001125389,-0.0014977862,-0.0002441004,0.0066200141,-0.0000791304,0.2,0,0.0666666667,0.6,0.0333333333,0.4,0.5,0.4666666667,0.2,0.4833333333,0.6,0.5,0.5333333333,0.8,0.5166666667,0.1246389269,-0.0614860335,-0.0019345902,0.6610314831,-0.0603680196,-0.2061729387,-0.0605283573,-0.0958727909,-0.5407892262,-0.2074642571,0,0.1,0.4,0.8,0.3666666667,0.6,0.8,0.8666666667,0.2,0.05,-0.6,-0.7,-0.4666666667,0.6,0.3166666667,0.986625955,0.9938600975,0.9923773931,0.9853728291,0.9959015506,1.0030948203,1.0191077522,1.0191077522,1.0006079111,1.0297461971,0.9684853341,0.9684853341,0.9684853341,0.9684853341,0.9546968043,0.9789579851,0.9797593225,0.9809613286,0.9789579851,0.9804086821,0.9965874079,1.004683679,1.0011881899,0.9938172674,1.0131115379,1,0.65,0.7333333333,1,0.6166666667,0.0138804701,0.0203688718,0.0111620625,0.0013871427,0.0064327975,-0.0009661969,0.0009680676,0.0230391949,0.0194081773,0.0336460877,0.0012387213,0.4506691914,0.0322335379,0.9132445198,0.0064555156,0.9105788423,0.6225436681,0.6225436681,0.9810752688,0.6036450663,0.0091842334,0.0128652055,0.0117680283,0.0097967128,0.0170560496,-0.0133715377,0.006377551,0.092079991,0.5893926433,0.0702109906,0.5066857689,0.4968112245,0.4539600045,0.2053036784,0.4648945047,0.4933142311,0.5031887755,0.5460399955,0.7946963216,0.5351054953,1.2823546947,1.4138268387,1.4846550981,1.072064084,1.7569036414,0.2912670666,0.3392120794,0.360287651,0.1679903399,0.712093133,-0.0819079405,-0.0459276263,-0.0536782438,-0.5613470903,-0.1645053821,0.5409539702,0.5229638131,0.5268391219,0.7806735451,0.582252691,0.4590460298,0.4770361869,0.4731608781,0.2193264549,0.417747309,0.8762923985,0.7995675075,0.9698492186,0.5707462168,0.9841913433
2026-07-09T18:00:00Z,723,-0.0010914768,-0.0010920729,-0.0000276323,-0.0010638739,0.0003454136,0.0013263882,0.0012228509,-0.0011831966,-0.000132197,0.0060207469,-0.000105024,0.2,-0.1,0,0.6,0,0.4,0.55,0.5,0.2,0.5,0.6,0.45,0.5,0.8,0.5,0.1131537048,-0.120289308,-0.1528076985,0.1483328368,-0.0454454497,-0.256347731,-0.1373252833,-0.1769977937,-0.4089009979,-0.1709690436,0,0.05,0.3666666667,0.6,0.35,0.5,0.75,0.8333333333,0,0.0333333333,-0.5,-0.7,-0.4666666667,0.6,0.3166666667,0.9879363762,0.9944260028,0.9933414016,0.9913706777,0.9973422084,1.0029875519,1.0202213001,1.0202213001,1.0017012448,1.0308713693,0.9695435685,0.9695435685,0.9695435685,0.9695435685,0.9557399723,0.9800276625,0.9808298755,0.982033195,0.9808298755,0.982033195,0.9996542185,1.0022821577,1.0020608575,1,1.0142185339,0.9,0.65,0.7,0.8,0.5833333333,0.0065607947,0.0168143648,0.0085754547,-0.0034121715,0.0057559992,0.0023290634,-0.0102940371,-0.0035969736,0.0252265283,0.0216048947,0.1376025943,0.3004306952,0.0095728346,0.860553605,0.0115631677,0.9106699752,0.6009825328,0.6009825328,0.9470967742,0.58910162,0.0094686307,0.0124474554,0.011694738,0.0091785991,0.0169141582,0.0336201721,-0.0729247479,-0.0163441668,0.9184305627,0.046492535,0.4831899139,0.5364623739,0.5081720834,0.0407847186,0.4767537325,0.5168100861,0.4635376261,0.4918279166,0.9592152814,0.5232462675,1.1912836541,1.296209884,1.355860117,0.9906389452,1.5910482512,0.2782275376,0.3201807306,0.3213041263,0.1541339612,0.5761550213,-0.0380169351,-0.092909069,-0.1254778294,-0.0865396849,-0.1028629666,0.5190084676,0.5464545345,0.5627389147,0.5432698425,0.5514314833,0.4809915324,0.4535454655,0.4372610853,0.4567301575,0.4485685167,0.9468806566,0.8749289786,0.8916280769,0.8048527406,0.9932642902
2026-07-10T12:00:00Z,720.29,-0.0037482711,-0.0037553135,-0.0037759336,0.0000277674,0.0052757994,0.0044844295,0.0024668515,-0.0007937436,-0.0001610107,0.0036075747,-0.0001518717,0,-0.2,0,0.2,0,0.5,0.6,0.5,0.4,0.5,0.5,0.4,0.5,0.6,0.5,0.1102413829,-0.0796435039,-0.1227084467,0.2648177883,-0.0672852283,-0.5625623046,-0.157372526,-0.1504399046,0.4809942952,-0.1501030629,0.7,0,0.3333333333,0.4,0.3333333333,0.4,0.7,0.8,0,0.0166666667,0.3,-0.7,-0.4666666667,0.4,0.3166666667,0.9913118327,0.997094573,0.9974040548,0.998357606,1.0015154776,1.005470019,1.0240597537,1.0240597537,1.005470019,1.0347498924,0.9731913535,0.9731913535,0.9731913535,0.9831179108,0.9593358231,0.9837148926,0.9845201238,0.9857279707,0.9986463785,0.9863804856,1,1.0058309847,1.0058309847,1.0037623735,1.0180344028,0.8,0.55,0.5666666667,0.6,0.4833333333,-0.0024126646,0.010445991,0.0049306007,-0.0055727554,0.0029647363,-0.0034036666,-0.0210059192,0.0098561534,0.0165547025,0.0259079903,0.6023546578,0.1636537627,0.0142369654,0.4897521596,0.0250167542,0.8305376344,0.5270196507,0.5270196507,0.7552795031,0.5392120766,0.0091294339,0.0113139187,0.0116797976,0.0072902455,0.0166288247,-0.048,-0.1536205954,0.0468510497,0.6262680192,0.0558026812,0.524,0.5768102977,0.4765744752,0.1868659904,0.4720986594,0.476,0.4231897023,0.5234255248,0.8131340096,0.5279013406,1.2872640131,1.4619018321,1.4975539617,1.0400883783,1.8002940277,0.3053680346,0.3810853208,0.3239516493,0.0612425418,0.6655112406,-0.2814212346,-0.0624710745,-0.1700850382,-0.5769809576,-0.0352713056,0.6407106173,0.5312355372,0.5850425191,0.7884904788,0.5176356528,0.3592893827,0.4687644628,0.4149574809,0.2115095212,0.4823643472,0.9424716792,0.9136601576,0.841375642,0.9092493393,1.0134704494
2026-07-10T15:00:00Z,725.44,0.007149898,0.0071244586,0.0002915492,0.0068563498,0.0010895212,0.0015961138,0.0027155515,-0.0002727979,-0.0001073262,0.0012061645,-0.000194008,0.2,-0.1,0,0.2,0.0333333333,0.4,0.55,0.5,0.4,0.4833333333,0.6,0.45,0.5,0.6,0.5166666667,0.1661510691,-0.0598656832,-0.0730335054,0.2682674515,-0.053154492,-0.4906603199,-0.3495639513,-0.1758087312,0.884326386,-0.0887394414,0.9,0.05,0.3,0.8,0.3166666667,0.3,0.65,0.7666666667,0,0,0.6,-0.6,-0.4666666667,0.8,0.3166666667,0.9867342578,0.9893350932,0.9906936939,0.9957639502,0.9950139456,1.0010821019,1.0087946625,1.0167898103,1.0010821019,1.0274040582,0.966282532,0.966282532,0.966282532,0.9858844288,0.9525253639,0.9775308778,0.9775308778,0.97873015,0.9929008602,0.9808116453,0.996636524,0.9986904499,0.9989110057,0.9977255183,1.0108072342,1,0.9,0.8333333333,1,0.6666666667,0.0010457603,0.0132564867,0.0108625362,0.0018237208,0.010709291,0.0252192285,-0.013436327,0.0112353286,0.0229855882,0.0378848575,0.654358505,0.0240566025,0.0062804852,0.3002735946,0.0439525678,0.9689047336,0.7931258106,0.6675764192,0.9287981859,0.6340206186,0.0096422224,0.0101419082,0.0117219119,0.0031128843,0.0160261003,0.4326585041,-0.0938004367,0.053349219,0.6995708155,0.0807366303,0.283670748,0.5469002184,0.4733253905,0.1502145923,0.4596316849,0.716329252,0.4530997816,0.5266746095,0.8497854077,0.5403683151,1.0940157215,1.2615905551,1.3146788237,0.9411976977,1.5542759023,0.251678229,0.3333719101,0.2924679126,0.0603206267,0.5497092602,-0.1875664107,-0.1109925799,-0.0407667237,0.2459283616,-0.0796866197,0.5937832053,0.5554962899,0.5203833619,0.3770358192,0.5398433099,0.4062167947,0.4445037101,0.4796166381,0.6229641808,0.4601566901,0.5642096881,0.8631386767,0.8428986407,0.6399339857,1.0250866204
2026-07-10T18:00:00Z,726.27,0.0011441332,0.0011434792,-0.0000137847,0.0011579339,0.0001654191,0.000372193,0.0032766427,0.0001159649,-0.0000624,0.0010189048,-0.0002556805,0.2,0,0.0666666667,0.2,0.0666666667,0.4,0.5,0.4666666667,0.4,0.4666666667,0.6,0.5,0.5333333333,0.6,0.5333333333,0.2368448609,-0.1669405519,-0.0739778195,0.5889340221,-0.0684645845,-0.5708642786,-0.3856342359,-0.2193029348,-0.2464353739,-0.0286664276,0.9,0,0.2666666667,0.8,0.3,0.2,0.6,0.7333333333,0.4,0.0166666667,0.7,-0.6,-0.4666666667,0.4,0.2833333333,0.9873772839,0.988097746,0.9900184045,0.9965412312,0.9946862049,1.0001652278,1.0076417861,1.0156277968,1.0001652278,1.0262299145,0.9651782395,0.9651782395,0.9651782395,0.9872912278,0.9560631721,0.9764137304,0.9764137304,0.977611632,0.9954975422,0.981081416,0.996585292,0.9975491209,0.9988571743,0.9988571743,1.0096520578,1,0.95,0.8333333333,1,0.6833333333,-0.002122176,0.0108005877,0.0108863954,0.0014209591,0.0128563712,0.0180261,-0.0021296474,0.0138975172,0.0096689211,0.0510419682,0.8108028678,0.0044773735,0.0020812974,0.2518641442,0.0866770097,0.9952774498,0.8200389105,0.6902292576,0.9871657754,0.626177394,0.0104519764,0.0099933386,0.0118387731,0.0028712132,0.0150399372,0.3546607832,-0.015710521,0.0659948954,0.4983876747,0.1099267571,0.3226696084,0.5078552605,0.4670025523,0.2508061627,0.4450366215,0.6773303916,0.4921447395,0.5329974477,0.7491938373,0.5549633785,1.3720437398,1.637665266,1.6987125614,1.2080730994,1.9992258024,0.3469340084,0.4544958666,0.4047303363,0.1195974263,0.7138006729,-0.1960742788,-0.0460653761,-0.0731422167,-0.1552430496,-0.0616289346,0.5980371394,0.5230326881,0.5365711084,0.5776215248,0.5308144673,0.4019628606,0.4769673119,0.4634288916,0.4223784752,0.4691855327,0.6756499349,0.9310771161,0.8500663327,0.68537454,1.056856814
2026-07-13T12:00:00Z,717.89,-0.0115384086,-0.0116054925,-0.0121993198,0.0006690735,0.0005087746,0.0066349786,0.0027160825,0.0003327159,-0.0001553372,-0.0005906197,-0.0003316032,0.2,0,0.0666666667,-0.2,0.0333333333,0.4,0.5,0.4666666667,0.6,0.4833333333,0.6,0.5,0.5333333333,0.4,0.5166666667,0.4692514393,-0.1373588414,-0.038954955,0.393905257,-0.0467192233,-0.4521702153,-0.3483959918,-0.1709900165,0.4299466538,-0.0292148007,0.8,0.05,0.2333333333,0.6,0.2833333333,0.1,0.55,0.7,0.8,0,0.7,-0.5,-0.4666666667,-0.2,0.2833333333,1.0000006965,0.9989848723,1.0019190498,1.0065302484,1.00680803,1.0118402541,1.0179832565,1.0274833192,1.0118402541,1.0382091964,0.9764448592,0.9764448592,0.9764448592,0.9927008316,0.9672233908,0.9878115032,0.9878115032,0.989023388,1.0033431306,0.993550544,1.0082185293,1.0082185293,1.0105169316,1.0105169316,1.0214378247,0.4,0.45,0.4,0.2,0.35,-0.0122230679,-0.0021456729,0.0003333395,-0.0053490089,0.0029742635,0.0110984352,-0.0127753789,0.0104295687,-0.0081515357,0.0316141919,0.6028009894,0.0396020766,0.0130338,0.0365307196,0.1576695593,0.6654860291,0.5670690812,0.4615174672,0.3813682678,0.4617346939,0.0100480771,0.0096407393,0.0117768501,0.0043701248,0.0144625557,0.1910766246,-0.0873120301,0.0483082339,-0.3303471445,0.0678300549,0.4044616877,0.543656015,0.475845883,0.6651735722,0.4660849726,0.5955383123,0.456343985,0.524154117,0.3348264278,0.5339150274,1.3614976743,1.77643146,1.8313113256,1.2561267703,2.1870377441,0.2328091936,0.5271978482,0.4684857007,0.1826490289,0.7991982836,-0.5166243261,-0.067939399,-0.1053116695,-0.4159005822,-0.0208043382,0.758312163,0.5339696995,0.5526558347,0.7079502911,0.5104021691,0.241687837,0.4660303005,0.4473441653,0.2920497089,0.4895978309,0.6752005832,0.8746874033,0.8614349167,0.7296445636,1.0585556171
2026-07-13T15:00:00Z,712.07,-0.0081070916,-0.0081401328,0.0003969968,-0.0085007136,0.0006265882,0.0002854457,0.0011052284,0.0003993493,-0.0002968581,-0.0033690508,-0.0003903063,0.2,0,0,-0.2,0,0.4,0.5,0.5,0.6,0.5,0.6,0.5,0.5,0.4,0.5,0.2554291002,-0.1252689382,-0.0411730761,0.2364149137,-0.0967191244,-0.1521337135,-0.3508491835,-0.0920312576,0.6081410703,0.0279707096,0.7,0,0.2,0.4,0.2666666667,0,0.5,0.6666666667,0.8,0.8333333333,0.7,-0.5,-0.4666666667,-0.4,-0.5666666667,1.0091374444,1.006266589,1.0101338352,1.0116870532,1.0150946068,1.0201103824,1.0263035937,1.0358813038,1.0201103824,1.0466948474,0.9844256885,0.9844256885,0.9844256885,0.999712107,0.9844256885,1,0.995885236,0.997107026,1.0081733537,1.001671184,1.016459056,1.0153496145,1.0187762439,1.0187762439,1.0297863974,0.3,0.35,0.2666666667,0.2,0.1833333333,-0.0141109722,-0.0100604074,-0.0058293925,-0.0049489516,-0.0035805714,0.0097275989,-0.0173601049,0.000772993,-0.0151175657,0.003466693,0.1314549749,0.0584545999,0.0470129617,0.4245523434,0.2168801013,0.4364423455,0.371898055,0.3026746725,0.0141135972,0.250112765,0.0087556926,0.0095244392,0.0118503,0.0073123494,0.0145142965,0.162328443,-0.1146868447,0.0034772713,-0.4775010922,0.0077739856,0.4188357785,0.5573434224,0.4982613644,0.7387505461,0.4961130072,0.5811642215,0.4426565776,0.5017386356,0.2612494539,0.5038869928,1.2800299037,1.6746068762,1.7610178035,1.1437299828,2.1085637706,0.2375372968,0.5238601968,0.4789887156,0.1647143222,0.7886530046,-0.273161233,-0.1899775748,-0.0897143411,-0.5387482958,-0.0522142505,0.6365806165,0.5949887874,0.5448571705,0.7693741479,0.5261071253,0.3634193835,0.4050112126,0.4551428295,0.2306258521,0.4738928747,0.6845214624,0.873960585,0.8410309589,0.5201094691,1.0633905348
2026-07-13T18:00:00Z,710.91,-0.0016290533,-0.0016303817,0.0000280871,-0.0016570939,0.0017975256,0.0010391945,-0.0004205024,0.0003601547,-0.0005125268,-0.0060851585,-0.0004378308,0,0,0,-0.2,-0.0333333333,0.5,0.5,0.5,0.6,0.5166666667,0.5,0.5,0.5,0.4,0.4833333333,0.129130376,-0.1354573683,-0.038468842,0.2241308383,-0.1158669602,0.3261955131,-0.3419663804,-0.012078402,0.3382541132,0.0876394271,0.6,0.8,0.1666666667,0.2,0.25,0,0.45,0.6333333333,0.8,0.8166666667,0.6,0.35,-0.4666666667,-0.6,-0.5666666667,1.0111146277,1.0072815124,1.012062005,1.0106989633,1.0166627984,1.0217749082,1.0217749082,1.0375715632,1.0217749082,1.0484027514,0.9960895191,0.9860319872,0.9860319872,0.9989590806,0.9860319872,1.0016317115,0.9975102334,1,1.0016317115,1.0022787695,1.0181176239,1.0170063721,1.0204385928,1.0204385928,1.0314667117,0.2,0.35,0.2333333333,0.2,0.1666666667,-0.0092223667,-0.0107029823,-0.004630367,0.0014713536,-0.0037467909,0.0033165858,-0.0123849547,0.0084688059,-0.0130225326,-0.0052611695,0.0212709826,0.0465391248,0.149241089,0.9003294135,0.2688687628,0.152245345,0.3907910272,0.2710152838,0.045622688,0.2239512855,0.0082813612,0.0096266644,0.011483164,0.009069559,0.0146229972,0.0586473671,-0.0840839425,0.0390834697,-0.4395501406,-0.0120304601,0.4706763164,0.5420419712,0.4804582651,0.7197750703,0.5060152301,0.5293236836,0.4579580288,0.5195417349,0.2802249297,0.4939847699,1.0009281358,1.3381453335,1.4234706695,0.9342084328,1.6852170535,0.1231917272,0.4287862541,0.3986225239,0.1322774354,0.5953225198,-0.3334192669,-0.1333086562,-0.0787309197,-0.038635693,-0.0956553212,0.6667096335,0.5666543281,0.5393654599,0.5193178465,0.5478276606,0.3332903665,0.4333456719,0.4606345401,0.4806821535,0.4521723394,0.7861371055,0.935976957,0.8885610732,0.6362554699,1.0954499691
2026-07-14T12:00:00Z,719.57,0.0121815701,0.0121079719,0.0066815771,0.0054634882,0.0037308219,0.0017466395,-0.0012539897,0.000241832,-0.0005416812,-0.002832247,-0.0004457215,0,0.1,0,-0.2,-0.0333333333,0.5,0.45,0.5,0.6,0.5166666667,0.5,0.55,0.5,0.4,0.4833333333,-0.0609367646,-0.1160810744,-0.0916009549,-0.4266607682,-0.1131896685,0.4233861545,-0.2846922161,0.0026303059,-0.2902615424,0.1001396009,0.5,0.75,0.1333333333,0,0.2333333333,0.8,0.4,0.6,0.6,0.8,-0.3,0.35,-0.4666666667,-0.6,-0.5666666667,1.000395375,0.9959809331,1.0000602212,0.9969037064,1.0044115467,1.0094778826,1.0094778826,1.0250844254,1.0094778826,1.0357852606,0.9869366427,0.9741651264,0.9741651264,0.9869366427,0.9741651264,0.9976652723,0.9867142877,0.9879650347,0.9895771086,0.9902163792,1.0058646136,1.0047667357,1.0081576497,1,1.0190530456,0.5,0.6,0.4333333333,0.8,0.4166666667,0.0052475784,0.0017216631,0.007794156,0.0087607877,0.0087372384,0.0147079561,0.0167151779,0.0053791986,-0.0080916409,-0.0009441166,0.2766985261,0.0230877323,0.1720506752,0.2694625494,0.2853075451,0.5795314427,0.7316017316,0.5073689956,0.5795314427,0.4192602616,0.0068472708,0.0091773843,0.0113032877,0.0077160836,0.0144513122,0.2166147456,0.1153021442,0.0255593175,-0.2362173038,-0.0021544896,0.3916926272,0.4423489279,0.4872203412,0.6181086519,0.5010772448,0.6083073728,0.5576510721,0.5127796588,0.3818913481,0.4989227552,1.2347656836,1.6114112828,1.7592242123,1.0881548633,2.0992059989,0.1736640751,0.5178279868,0.5171574837,0.0974225742,0.7591281248,-0.1968137921,-0.2334317635,-0.1097335429,-0.4855655553,-0.0547429591,0.5984068961,0.6167158818,0.5548667714,0.7427827776,0.5273714796,0.4015931039,0.3832841182,0.4451332286,0.2572172224,0.4726285204,0.6561273629,0.87301672,0.8872327193,0.6521915346,1.1068468552
2026-07-14T15:00:00Z,721.53,0.002723849,0.002720146,0.0000555888,0.0026681119,0.000903267,0.0025291477,-0.0011737684,0.0002464687,-0.0004911791,0.0020484249,-0.000450522,0,0.1,0,-0.2,-0.0333333333,0.5,0.45,0.5,0.6,0.5166666667,0.5,0.55,0.5,0.4,0.4833333333,-0.068046922,-0.1473187612,-0.0743542514,-0.4409268194,-0.1175707527,0.3028787268,-0.2855577807,-0.0190677186,-0.8525283571,0.1084921507,0.4,0.7,0.1,0.6,0.2166666667,0.7,0.35,0.5666666667,0.4,0.7833333333,-0.3,0.35,-0.4666666667,0.2,-0.5666666667,0.9979848378,0.9938990756,0.9972780065,0.9928817929,1.00168704,1.0067356867,1.0067356867,1.0222998351,1.0009840201,1.032971602,0.9842556789,0.9715188558,0.9715188558,0.9842556789,0.9715188558,0.9949551647,0.9840339279,0.9852812773,0.986888972,0.9875265062,1.0031322329,1.0020373373,1.0054190401,0.9972835502,1.0162848392,0.6,0.7,0.5666666667,1,0.5,0.0072971199,0.0037594714,0.0098440903,0.0030213574,0.0116033597,0.0030793185,0.0126310471,-0.0019641746,-0.0065264984,0.000235666,0.2417339774,0.0240493528,0.1427780854,0.2497274641,0.2930963321,0.7003699137,0.8087367178,0.5608624454,0.9411764706,0.4634641407,0.0068571007,0.0091644407,0.0112511862,0.0057969811,0.0144115647,0.0554651308,0.0902074772,-0.0097688498,-0.182448037,0.0005371757,0.4722674346,0.4548962614,0.5048844249,0.5912240185,0.4997314121,0.5277325654,0.5451037386,0.4951155751,0.4087759815,0.5002685879,1.3392980863,1.6854011429,1.9293487165,1.1662722185,2.2885840332,0.2244526053,0.4875442172,0.6026846193,0.1358919463,0.818100579,-0.224063277,-0.3097706702,-0.091133219,-0.3125290876,-0.0907748151,0.6120316385,0.6548853351,0.5455666095,0.6562645438,0.5453874075,0.3879683615,0.3451146649,0.4544333905,0.3437354562,0.4546125925,0.6538188604,0.944106338,0.9346785025,0.594293521,1.1138839053
2026-07-14T18:00:00Z,719.88,-0.0022868072,-0.0022894259,-0.0000970161,-0.0021900036,0.0004920578,0.0007068999,-0.0008473634,0.0004631202,-0.0004557304,0.003645052,-0.000461468,-0.2,0,-0.0666666667,-0.2,-0.0333333333,0.6,0.5,0.5333333333,0.6,0.5166666667,0.4,0.5,0.4666666667,0.4,0.4833333333,-0.1751274225,0.0093129483,-0.086203948,-0.5633286142,-0.1247083819,0.2314784435,-0.3340198413,-0.0249342689,-0.2761976555,0.1113325552,0.3,0.65,0.0666666667,0.4,0.2,0.6,0.3,0.5333333333,0.2,0.7666666667,-0.3,0.35,-0.4666666667,0.2,-0.5666666667,0.9997291215,0.9958569484,0.9994151803,0.9957103962,1.0039498481,1.0090431739,1.0090431739,1.0246429961,1.0032783242,1.0353392232,0.9865116408,0.9737456243,0.9737456243,0.9865116408,0.9737456243,0.9972356504,0.9862893816,0.9875395899,0.9891509696,0.989789965,1.0043340557,1.0039867756,1.0077235095,1,1.0186142135,0.5,0.6,0.5,0.8,0.45,0.004084014,-0.0002565904,0.0071929103,-0.0030005001,0.0096634579,-0.0054021194,-0.0063630968,-0.0044392814,0.0027720124,-0.0019825041,0.1337593106,0.0893989181,0.1231402038,0.7127948646,0.305818218,0.5986436498,0.7438016529,0.5158296943,0.8044739022,0.4262516915,0.0066547951,0.0089314799,0.0112408014,0.0061057137,0.0144514097,-0.105362436,-0.0515314107,-0.0218560632,0.1033766234,-0.0044958657,0.552681218,0.5257657053,0.5109280316,0.4483116883,0.5022479328,0.447318782,0.4742342947,0.4890719684,0.5516883117,0.4977520672,0.8463325845,1.0522501696,1.2068842992,0.7919377221,1.438341869,0.1434424076,0.3058155087,0.3817077673,0.1344629088,0.5185295803,0.0130956444,-0.0494424127,-0.0354584601,0.3513216965,-0.0120169632,0.4934521778,0.5247212063,0.5177292301,0.3243391517,0.5060084816,0.5065478222,0.4752787937,0.4822707699,0.6756608483,0.4939915184,0.717917308,0.9897044258,0.9198250591,0.7027176167,1.1075803395
2026-07-15T12:00:00Z,715.95,-0.0054592432,-0.0054741993,0.0029727177,-0.0084069693,0.0035456082,0.0029085067,-0.0008278892,0.0005442897,-0.0003833049,0.0014512187,-0.0004372848,-0.2,0,-0.1333333333,-0.2,-0.0666666667,0.6,0.5,0.5666666667,0.6,0.5333333333,0.4,0.5,0.4333333333,0.4,0.4666666667,-0.1414228525,0.0151460401,-0.1250369164,-0.5417023493,-0.129421897,0.0901791443,-0.3550933568,-0.0733103978,-0.4935949863,0.1265218464,0.2,0.6,0.0333333333,0.8,0.1833333333,0.5,0.25,0.5,0,0.75,-0.3,0.35,-0.4666666667,0.8,-0.5666666667,1.0042321391,1.0009483903,1.0042228275,1.0022599344,1.0088878413,1.0145820239,1.0145820239,1.0302674768,1.0120539144,1.0410224178,0.9919268105,0.9790907186,0.9790907186,0.9919268105,0.9790907186,1,0.9917033312,0.9929604023,1,0.9952231301,1.0077938404,1.00949787,1.0121516866,1.0054892101,1.0237865773,0.3,0.45,0.3666666667,0.4,0.3166666667,-0.0005066377,-0.0061191424,0.0013350935,-0.0051623717,0.0040120601,-0.0097510373,-0.0074446847,-0.0199446969,0.0054489025,-0.0332316085,0.1274069324,0.1251814822,0.0916245767,0.1499383036,0.283962466,0.356350185,0.5891381346,0.408569869,0.40111034,0.3376184032,0.0066619698,0.0088706592,0.0109604302,0.0053001914,0.0142113131,-0.1751552795,-0.0595211705,-0.1016251657,0.2235023041,-0.0812881916,0.5875776398,0.5297605852,0.5508125828,0.3882488479,0.5406440958,0.4124223602,0.4702394148,0.4491874172,0.6117511521,0.4593559042,0.904050088,1.1283374601,1.2825245077,0.8997847779,1.5524888847,0.1411974426,0.331922428,0.4078929572,0.1507498292,0.5664715808,-0.0860415077,-0.0544723423,-0.0916380425,0.2188239682,-0.0165829327,0.5430207539,0.5272361712,0.5458190213,0.3905880159,0.5082914664,0.4569792461,0.4727638288,0.4541809787,0.6094119841,0.4917085336,0.6191525021,0.989799868,0.9477759555,0.7088405015,1.1245017814
2026-07-15T15:00:00Z,717.16,0.0016900622,0.0016886356,-0.0000139675,0.0017040534,0.0006844149,0.0079196581,-0.0008431405,0.0006887128,-0.0002376867,-0.0014501645,-0.0004003107,0,0,-0.1333333333,0.2,-0.0666666667,0.5,0.5,0.5666666667,0.4,0.5333333333,0.5,0.5,0.4333333333,0.6,0.4666666667,-0.1266199262,0.0077965496,-0.0881490205,-0.4814108187,-0.1232851847,-0.0050227656,-0.4808498008,-0.1185255059,-0.676948955,0.1543710162,0.1,0.55,0,0.6,0.1666666667,0.4,0.2,0.4666666667,0.8,0.7333333333,-0.3,0.35,-0.4666666667,-0.2,-0.5666666667,1.0021013442,0.9988698477,1.001664668,1.0023118969,1.0065937169,1.0128702103,1.0128702103,1.0285291985,1.0103463662,1.0392659936,0.990253221,0.9774387863,0.9774387863,0.9903926599,0.9774387863,0.9983127893,0.9900301188,0.9912850689,1,0.993543979,1.0060934798,1.0060934798,1.0102208712,1.003792738,1.0186290368,0.4,0.5,0.4,0.4,0.35,0.0016927882,-0.0054126196,0.0017817892,0.0005884321,0.0052154491,-0.004345472,-0.007734348,-0.0252601105,0.0087915489,-0.0342970254,0.1322329714,0.2112519107,0.041920706,0.5401874275,0.2550822295,0.4309494451,0.6367571822,0.4415938865,0.4814814815,0.3649075327,0.0066597368,0.0086403966,0.0100480046,0.0027903587,0.013726424,-0.0807741935,-0.0621111111,-0.133364429,0.3589890867,-0.0843684786,0.5403870968,0.5310555556,0.5666822145,0.3205054566,0.5421842393,0.4596129032,0.4689444444,0.4333177855,0.6794945434,0.4578157607,0.7236460593,0.8567912691,0.9907067486,0.7474087047,1.2044670413,0.1411953954,0.235094688,0.3155370217,0.1700659069,0.4381457428,0.1731435469,-0.1032021143,-0.0143399707,0.3058060897,0.0044283191,0.4134282266,0.5516010571,0.5071699853,0.3470969551,0.4977858404,0.5865717734,0.4483989429,0.4928300147,0.6529030449,0.5022141596,0.6589718016,1.0040423667,0.9864933829,0.6657687615,1.1274030476
2026-07-15T18:00:00Z,717.63,0.0006553628,0.0006551482,0.0001115511,0.000543751,0.0013105794,0.0032206793,-0.0002922076,0.0005211337,-0.0000809905,-0.0014659365,-0.0003613568,0,0.1,-0.0666666667,0.2,-0.0333333333,0.5,0.45,0.5333333333,0.4,0.5166666667,0.5,0.55,0.4666666667,0.6,0.4833333333,-0.2110047547,-0.036826312,-0.0958504771,-0.1470325164,-0.1278168419,-0.2068784162,-0.4101596231,-0.2540081699,-0.6090528429,0.134796967,0,0.5,0.0333333333,0.4,0.15,0.3,0.15,0.4333333333,0.6,0.7166666667,-0.3,0.35,-0.4,-0.2,-0.5666666667,1.0003567298,0.9989148308,1.000186958,1.0011147806,1.0053594238,1.0122068475,1.0122068475,1.0197734208,1.0096846564,1.0385853434,0.9896046709,0.9767986288,0.9767986288,0.9897440185,0.9767986288,0.9976589607,0.990635843,0.990635843,0.9993450664,0.9928932737,1.0031353204,1.0054345554,1.0085838106,1.0031353204,1.0178782938,0.5,0.5,0.4333333333,0.6,0.3833333333,0.0009582046,-0.0038656013,0.0009874049,0.0018170924,0.0053006028,-0.01076588,0.0141818413,-0.0240575532,-0.0026960546,-0.0333517423,0.020471143,0.1352045611,0.0060253587,0.5501665358,0.2240148305,0.4599260173,0.6552538371,0.5398832685,0.5143256464,0.3755074425,0.0058660735,0.0081723949,0.0090309222,0.0027950081,0.0132220315,-0.2292339301,0.1332403904,-0.1269010043,-0.2104121475,-0.0819541904,0.6146169651,0.4333798048,0.5634505022,0.6052060738,0.5409770952,0.3853830349,0.5666201952,0.4365494978,0.3947939262,0.4590229048,1.0217044818,1.1991720526,1.3989048996,1.1104636203,1.7224208001,0.1920707352,0.3163675841,0.4480557089,0.2259408397,0.6375320021,-0.1156605033,-0.1569117165,-0.1120985442,0.1013186967,-0.0456205547,0.5578302517,0.5784558582,0.5560492721,0.4493406517,0.5228102773,0.4421697483,0.4215441418,0.4439507279,0.5506593483,0.4771897227,0.785163777,0.7044142523,0.9900457203,0.64000721,1.1276003703
2026-07-16T12:00:00Z,711.13,-0.0090575924,-0.0090988617,-0.0099354821,0.0008866995,0.0034060521,0.0046446165,-0.0000271016,0.000334557,-0.0000443966,-0.0022246284,-0.0003532741,-0.2,0,-0.0666666667,-0.2,-0.0333333333,0.6,0.5,0.5333333333,0.6,0.5166666667,0.4,0.5,0.4666666667,0.4,0.4833333333,-0.2051497974,-0.0318080942,-0.1798371872,-0.0047824213,-0.1427608427,-0.2425354967,-0.3736944304,-0.2300814384,0.2516124949,0.1495399166,0.6,0.45,0,0.2,0.1333333333,0.9,0.1,0.4,0.8,0.7,-0.3,0.35,-0.4,-0.6,-0.5666666667,1.0073713667,1.0078849859,1.0085467261,1.00734043,1.0139598245,1.0189135601,1.021458805,1.0290945397,1.0189135601,1.0480784104,0.9944735843,0.9857269416,0.9857269416,0.9944735843,0.9857269416,1.0013218399,0.9996906332,0.9996906332,1.006777945,1.0013218399,1.0118684347,1.0146246115,1.0166917441,1.0091403822,1.02512902,0.2,0.3,0.2666666667,0.2,0.1833333333,-0.0072494097,-0.0110632776,-0.0079029756,-0.0028911732,-0.0035382385,-0.0208462418,-0.0031959182,-0.0229314941,-0.0144138151,-0.0341319643,0.0002363687,0.0531247541,0.0018768022,0.5935717369,0.2151044505,0.2261219793,0.3994490358,0.3291180285,0.2261219793,0.2289129454,0.0050632123,0.0083698467,0.0088701215,0.0040835311,0.0131912941,-0.3809763463,-0.03,-0.1205924855,-0.7558139535,-0.0830771265,0.6904881731,0.515,0.5602962428,0.8779069767,0.5415385633,0.3095118269,0.485,0.4397037572,0.1220930233,0.4584614367,0.942670249,1.0708025903,1.268252328,1.0712438428,1.558688758,0.1748811661,0.2786811044,0.4103046029,0.1382267723,0.5848799514,0.0681517096,-0.0901105395,-0.0194811494,0.2343030031,-0.0222313608,0.4659241452,0.5450552698,0.5097405747,0.3828484985,0.5111156804,0.5340758548,0.4549447302,0.4902594253,0.6171515015,0.4888843196,0.6836143992,0.6917867642,0.9982925063,0.7499797203,1.1339728856
2026-07-16T15:00:00Z,706.6,-0.0063701433,-0.0063905192,0.0004640502,-0.0068310235,0.000744947,0.0007168358,-0.0006383964,-0.0000185735,-0.0000442058,-0.0034998585,-0.0003597618,-0.2,0,-0.0666666667,-0.2,-0.0333333333,0.6,0.5,0.5333333333,0.6,0.5166666667,0.4,0.5,0.4666666667,0.4,0.4833333333,-0.3788173725,-0.0319746133,-0.1976569807,-0.2259827899,-0.1439721342,-0.441262192,-0.3537787838,-0.2404320054,-0.3652925286,0.1336898449,0.5,0.4,0.0333333333,0,0.1166666667,0.9,0.05,0.3666666667,0.8,0.6833333333,-0.4,0.35,-0.3333333333,-0.8,-0.5666666667,1.0122318143,1.0141052222,1.0140416549,1.0100396264,1.0198309982,1.0254457968,1.0280073592,1.034248514,1.0254457968,1.0547976224,0.9992782338,0.9920464195,0.9920464195,0.9992782338,0.9920464195,1.0064109822,1.006099632,1.004825927,1.0064109822,1.006962921,1.0183555052,1.0211293518,1.0228559298,1.0149448061,1.030031135,0.1,0.1,0.0666666667,0.2,0.05,-0.0093590304,-0.0139287736,-0.0134006708,-0.0030399094,-0.0092180247,-0.0157266434,-0.0048027493,-0.0283011084,-0.018447519,-0.0363844643,0.0799075581,0.000149635,0.0018386713,0.6833696264,0.218270456,0.027582477,0.2211727666,0.188464118,0.027582477,0.1267478575,0.0064866951,0.0087553567,0.0089231135,0.0059873913,0.0133357635,-0.3145723043,-0.0442110722,-0.1446341978,-0.7980769231,-0.0877516116,0.6572861521,0.5221055361,0.5723170989,0.8990384615,0.5438758058,0.3427138479,0.4778944639,0.4276829011,0.1009615385,0.4561241942,0.7735943279,0.8084668229,0.9914365987,0.8630934463,1.2042754293,0.1510535959,0.151731598,0.3200411923,0.1269756813,0.4524970473,0.2375902709,-0.1597793038,0.0087357685,0.1502773246,-0.0373688837,0.3812048646,0.5798896519,0.4956321158,0.4248613377,0.5186844418,0.6187951354,0.4201103481,0.5043678842,0.5751386623,0.4813155582,0.6734188561,0.6895308081,0.9585429472,0.6402259475,1.1354078773
2026-07-16T18:00:00Z,705.35,-0.0017690348,-0.0017706014,0.0000424568,-0.0018114147,0.0019529315,0.003863408,-0.0017044622,-0.0005000077,-0.0000669963,-0.0049124548,-0.0003757175,-0.2,0,-0.0666666667,-0.2,-0.0333333333,0.6,0.5,0.5333333333,0.6,0.5166666667,0.4,0.5,0.4666666667,0.4,0.4833333333,-0.4247553868,-0.1482268156,-0.1893703297,-0.2135625995,-0.1410555969,-0.7174185126,-0.4440159244,-0.3649685426,-0.6319189501,0.0959655814,0.4,0.35,0,0.2,0.1,0.9,0,0.3333333333,0.8,0.6666666667,-0.5,0.35,-0.3333333333,-0.6,-0.5666666667,1.0130729425,1.015912313,1.0149266322,1.0088239881,1.0210794877,1.0272630609,1.0298291628,1.036081378,1.0187424683,1.056666903,0.9961295811,0.9938044942,0.9938044942,0.9961295811,0.9938044942,1.0078826115,1.0078826115,1.005373219,1.0017721698,1.0081945134,1.0201602042,1.0229389665,1.0229389665,1.0167434607,1.0309491742,0.1,0.05,0.0666666667,0.2,0.05,-0.0054028625,-0.0111622396,-0.0139551858,0.0010009215,-0.0099958204,-0.0094372744,0.0001985224,-0.0266335472,-0.0148055032,-0.032441701,0.4064610698,0.1085067528,0.0040509684,0.9126425303,0.2305852777,0.1243169399,0.1719795356,0.1465459423,0.1711598746,0.098556608,0.0076790037,0.0087527426,0.009110886,0.0072721565,0.0135502085,-0.214559387,0.0019026909,-0.1368697256,-0.7593123209,-0.0785688183,0.6072796935,0.4990486545,0.5684348628,0.8796561605,0.5392844092,0.3927203065,0.5009513455,0.4315651372,0.1203438395,0.4607155908,0.6303337507,0.6175203076,0.7375188628,0.7254254158,0.8901859388,0.1633216564,0.140703354,0.2355133968,0.1649896383,0.3278034775,0.3665338534,0.1182491913,-0.0174481073,0.4604686381,-0.0375475014,0.3167330733,0.4408754043,0.5087240537,0.2697656809,0.5187737507,0.6832669267,0.5591245957,0.4912759463,0.7302343191,0.4812262493,0.7221124421,0.7193805921,0.9773281633,0.7292950384,1.1589653395
2026-07-17T12:00:00Z,694.4,-0.0155242078,-0.0156459702,-0.0165875097,0.0010812369,0.0060116774,0.0099041303,-0.0036672602,-0.0011462863,-0.0002284124,-0.0075230415,-0.0004175965,-0.2,-0.1,-0.0666666667,-0.6,-0.0666666667,0.6,0.55,0.5333333333,0.8,0.5333333333,0.4,0.45,0.4666666667,0.2,0.4666666667,-0.47155344,-0.272849872,-0.2473145467,-0.5480271734,-0.1527498178,-0.876239383,-0.6367499336,-0.5059197175,-0.9518682371,0.0581696571,0.3,0.3,0.5333333333,0,0.0833333333,0.9,0.95,0.9666666667,0.8,0.9833333333,-0.6,-0.65,-0.4333333333,-0.8,-0.9,1.0266705069,1.0309126584,1.0297105415,1.0181768433,1.0363154042,1.0434619816,1.0460685484,1.0460685484,1.0348070276,1.0733294931,0.9890264977,0.9890264977,0.9890264977,0.9890264977,0.9890264977,1.0175691244,1.0237759217,1.0203917051,1.0157690092,1.0237759217,1.0362471198,1.0390697005,1.0390697005,1.0240927419,1.0458957373,0.1,0.05,0.0333333333,0.2,0.0166666667,-0.0101678362,-0.0200229386,-0.0263985618,-0.0031307604,-0.0239963069,-0.0232237555,-0.0199841933,-0.035321085,-0.0317362932,-0.0493661528,0.8111271534,0.3571442221,0.0339959831,0.9355758852,0.2513164565,0.2015873016,0.1923756627,0.1923756627,0.2396980182,0.1301674069,0.0116956463,0.0110603052,0.0107224761,0.0109993987,0.0144260258,-0.4016054488,-0.1744271988,-0.1728004893,-0.9603375527,-0.1161352657,0.7008027244,0.5872135994,0.5864002447,0.9801687764,0.5580676329,0.2991972756,0.4127864006,0.4135997553,0.0198312236,0.4419323671,0.5376451108,0.4887210622,0.5711927759,0.6369355778,0.6895985241,0.1977996393,0.1530388569,0.1930501124,0.2204164917,0.2516038535,0.4459056055,0.1760170651,0.0621436472,0.5327352382,0.0546639877,0.2770471972,0.4119914675,0.4689281764,0.2336323809,0.4726680062,0.7229528028,0.5880085325,0.5310718236,0.7663676191,0.5273319938,1.2319685755,1.1420426698,1.0248215853,1.1013539161,1.1286403398
2026-07-17T15:00:00Z,698.67,0.0061491935,0.0061303644,0.0004320276,0.005714697,0.0051389089,0.0022167842,-0.0041228117,-0.0016428798,-0.0004500654,-0.0053129518,-0.0004317784,-0.2,-0.1,0,-0.6,-0.0666666667,0.6,0.55,0.5,0.8,0.5333333333,0.4,0.45,0.5,0.2,0.4666666667,-0.4442219732,-0.3172555599,-0.2448315676,-0.6989824541,-0.1604905488,-0.8795467377,-0.7103101188,-0.5140943613,-0.9218181647,0.070092972,0.2,0.25,0.5,0,0.0666666667,0.8,0.9,0.9333333333,0.6,0.9666666667,-0.6,-0.65,-0.4333333333,-0.6,-0.9,1.0174044971,1.0238628394,1.0229846232,1.0065266864,1.0291633866,1.0370847467,1.0396753832,1.0396753832,1.0212976083,1.0667697196,0.9829819514,0.9829819514,0.9829819514,0.9829819514,0.9829819514,1.0095610231,1.0175190004,1.0141554668,1,1.0169035453,1.0271372751,1.0327193095,1.0327193095,1.0113501367,1.0385589763,0.2,0.1,0.0666666667,0.4,0.0333333333,0.0011481555,-0.0082554813,-0.0164586755,0.0040992171,-0.0164259243,-0.0290451242,-0.0147643625,-0.0128154407,-0.0264203002,-0.046808917,0.883546445,0.6149658439,0.1185250557,0.7783667507,0.2615385845,0.3145502646,0.300176723,0.300176723,0.4441539036,0.2031089853,0.0125981212,0.0120802554,0.0113151346,0.0085164526,0.0146215466,-0.5691721133,-0.1233651467,-0.0651019236,-0.6894545455,-0.1098799039,0.7845860566,0.5616825733,0.5325509618,0.8447272727,0.554939952,0.2154139434,0.4383174267,0.4674490382,0.1552727273,0.445060048,0.7601973989,0.6616313987,0.7432788179,0.9297680241,0.9127225132,0.2586151049,0.2151554598,0.2441518115,0.248623863,0.3272973674,0.2952599014,0.1562142921,-0.0392331842,0.4280424741,0.0319903799,0.3523700493,0.421892854,0.5196165921,0.285978763,0.48400481,0.6476299507,0.578107146,0.4803834079,0.714021237,0.51599519,1.2190113722,1.0531047737,0.9838770876,0.8499554108,1.1135966564
2026-07-17T18:00:00Z,695.29,-0.0048377632,-0.004849503,0.0003291969,-0.0051652597,0.0008227214,0.0014737445,-0.004336015,-0.0019726501,-0.0006544336,-0.0042140689,-0.0004761285,-0.4,-0.2,-0.0666666667,-0.6,-0.0666666667,0.7,0.6,0.5333333333,0.8,0.5333333333,0.3,0.4,0.4666666667,0.2,0.4666666667,-0.364929518,-0.2970751744,-0.2542584476,-0.6672684731,-0.0949521369,-0.8318451825,-0.7256999794,-0.5501319969,-0.6295876241,0.0444744691,0.1,0.2,0.4666666667,0,0.05,0.7,0.85,0.9,0.4,0.95,-0.6,-0.65,-0.4333333333,-0.4,-0.9,1.0185764213,1.0271124279,1.0271311251,1.0068633232,1.033461697,1.042126307,1.0447295373,1.0447295373,1.0240187548,1.0719555869,0.9877605028,0.9877605028,0.9877605028,0.9877605028,0.9877605028,1.0048612809,1.0162665938,1.0176976513,1,1.0211710222,1.031454501,1.0377396482,1.0377396482,1.0144687828,1.0436077033,0.2,0.1,0.0666666667,0.4,0.0333333333,0.0009356462,-0.0083722517,-0.017641838,0.0015648147,-0.0194159067,-0.0363671642,-0.0333998318,-0.0241954725,-0.0222744083,-0.0405690709,0.900287368,0.7019514976,0.2079184925,0.6734507785,0.2908888613,0.2251322751,0.2148447362,0.2148447362,0.3375644585,0.1453706867,0.013125842,0.0135766411,0.0124224784,0.0072621248,0.0152883606,-0.6879916099,-0.3077169388,-0.1250090639,-0.6497128794,-0.0956595302,0.8439958049,0.6538584694,0.5625045319,0.8248564397,0.5478297651,0.1560041951,0.3461415306,0.4374954681,0.1751435603,0.4521702349,0.9016052351,0.755123835,0.8111541187,1.1057858431,1.0008189883,0.2588181404,0.245259948,0.2432009148,0.2061450035,0.3428936622,0.2581272906,0.1213430846,-0.0925436475,0.2738124985,-0.0677998483,0.3709363547,0.4393284577,0.5462718237,0.3630937508,0.5338999241,0.6290636453,0.5606715423,0.4537281763,0.6369062492,0.4661000759,1.1147399731,1.0789636389,1.0044261321,0.8822379813,1.1307301722
2026-07-20T12:00:00Z,698.63,0.004803751,0.0047922498,0.0088020826,-0.0039634451,0.0062303075,0.0006843358,-0.0039489408,-0.0020623177,-0.0006926316,-0.0017963729,-0.0004755938,-0.2,-0.2,-0.0666666667,-0.2,-0.0666666667,0.6,0.6,0.5333333333,0.6,0.5333333333,0.4,0.4,0.4666666667,0.4,0.4666666667,-0.5433019854,-0.3613810172,-0.1511793312,-0.7293431957,-0.090032817,-0.7711666915,-0.7277690763,-0.5644140751,-0.2189129201,0.0027014165,0,0.15,0.4333333333,0,0.0333333333,0.6,0.8,0.8666666667,0.2,0.9333333333,-0.6,-0.65,-0.4333333333,-0.2,-0.9,1.010665159,1.0204013569,1.0209867884,0.9997681176,1.0276029515,1.0371441249,1.0397349098,1.0397349098,1.0134262771,1.0668307974,0.983038232,0.983038232,0.983038232,0.983038232,0.983038232,1,1.0096188254,1.0114080415,0.9952192147,1.0150437284,1.0247913774,1.0310035355,1.0324778495,1.0000572549,1.0383751056,0.3,0.15,0.1,0.6,0.05,0.0071050745,-0.0008093391,-0.0109436302,0.0038246282,-0.0135729342,-0.0295188087,-0.034761464,-0.0356940745,-0.011279366,-0.0522038773,0.8449556836,0.7273305723,0.2239472233,0.2126191728,0.2918221995,0.3134920635,0.2991668771,0.2991668771,0.5581723976,0.2024256918,0.012339303,0.0139439387,0.01266831,0.0055094758,0.0152467517,-0.5335174492,-0.3270080582,-0.2000154691,-0.3436826218,-0.1290149534,0.7667587246,0.6635040291,0.6000077346,0.6718413109,0.5645074767,0.2332412754,0.3364959709,0.3999922654,0.3281586891,0.4354925233,1.1137812712,0.9296372426,0.9891777573,1.3474566423,1.2041847552,0.3099360282,0.2998692004,0.2969166092,0.2571918401,0.4027301562,0.0480516925,0.0362201638,-0.0104013597,-0.0126712522,-0.0650940098,0.4759741537,0.4818899181,0.5052006799,0.5063356261,0.5325470049,0.5240258463,0.5181100819,0.4947993201,0.4936643739,0.4674529951,1.0515721543,1.0850067058,1.022457224,0.9290928823,1.1302794608
2026-07-20T15:00:00Z,699.95,0.0018894121,0.0018876294,-0.0006083335,0.002499266,0.0057719438,0.0000930959,-0.0034792961,-0.0020941668,-0.0007352027,0.0015801129,-0.0004652035,0,-0.1,0,0.2,-0.0666666667,0.5,0.55,0.5,0.4,0.5333333333,0.5,0.45,0.5,0.6,0.4666666667,-0.5867793184,-0.369894921,-0.1595263623,-0.9447137326,-0.0885820793,-0.668210951,-0.7357029526,-0.5568020125,-0.7798824717,-0.0329844828,0.1,0.1,0.4,0.6,0.0166666667,0.5,0.75,0.8333333333,0,0.9166666667,-0.4,-0.65,-0.4333333333,0.6,-0.9,1.0064733195,1.0168304879,1.0180436698,0.9963397386,1.0247302188,1.0266019001,1.0377741267,1.0377741267,1.0083291664,1.0648189156,0.9811843703,0.9811843703,0.9811843703,0.9811843703,0.9811843703,0.998114151,1,1.0077148368,0.9933423816,1.0123008786,1.0159725695,1.0284734624,1.0290592185,0.9981712979,1.0352882349,0.5,0.25,0.1666666667,1,0.0833333333,0.0091835131,0.0030640964,-0.0073832309,0.0005000357,-0.0110067152,-0.0223479293,-0.0318810512,-0.0296262408,-0.0076557737,-0.0531107534,0.7439025806,0.7378984029,0.2431032591,0.5300056153,0.2868605584,0.4142812205,0.332491795,0.332491795,0.6931578947,0.2249743765,0.0115867153,0.014057523,0.012906275,0.0030694663,0.0150420791,-0.4298764105,-0.2975345295,-0.1676867546,-0.2321582115,-0.1319752588,0.7149382053,0.6487672647,0.5838433773,0.6160791058,0.5659876294,0.2850617947,0.3512327353,0.4161566227,0.3839208942,0.4340123706,1.2188172267,1.007341106,1.0684807593,1.3640701563,1.2875146753,0.325974096,0.3249262116,0.3219342378,0.332719852,0.4274685406,0.0443831561,0.0001076736,-0.0149288189,-0.3442368729,-0.0554406052,0.477808422,0.4999461632,0.5074644095,0.6721184365,0.5277203026,0.522191578,0.5000538368,0.4925355905,0.3278815635,0.4722796974,1.1141918832,1.0727597658,1.0445199913,0.9535297575,1.1416898853
2026-07-20T18:00:00Z,695.69,-0.006086149,-0.0061047451,0.0006429031,-0.0067247287,0.0012992576,0.0002284409,-0.0029748534,-0.0022421079,-0.0007955131,-0.0001868648,-0.0004642823,-0.2,-0.1,-0.0666666667,0.2,-0.1,0.6,0.55,0.5333333333,0.4,0.55,0.4,0.45,0.4666666667,0.6,0.45,-0.7232531783,-0.393952723,-0.1962011352,-0.8374573225,-0.0940372049,-0.6992606701,-0.7279493785,-0.6340735302,-0.3176460309,-0.1081075336,0,0.05,0.3666666667,0.4,0,0.4,0.7,0.8,0,0.9,-0.4,-0.65,-0.4333333333,0.4,-0.9,1.0095502307,1.0212889362,1.0229810212,1.0028115971,1.0299514391,1.0328882117,1.0441288505,1.0441288505,1.0145035864,1.0713392459,0.9871925714,0.9871925714,0.9871925714,0.9963633227,0.9871925714,1,1.0042835171,1.0136842559,1,1.0173209332,1.0156822723,1.0343256335,1.0347712343,1.0042835171,1.041397749,0.3,0.15,0.1,0.4,0.05,0.0038366096,0.0000110887,-0.0114460819,-0.0024378674,-0.0162551124,-0.0299375314,-0.0341529106,-0.0374403321,0.0018577189,-0.0594589479,0.6690267779,0.7740982001,0.2641834771,0.0101185971,0.2852251736,0.2802768166,0.2249431962,0.2249431962,0.2004754358,0.1522036215,0.0104464996,0.0146944827,0.0133962643,0.0026271353,0.0150552671,-0.5331512292,-0.3113135915,-0.2077224227,0.0778515389,-0.1459771641,0.7665756146,0.6556567957,0.6038612113,0.4610742305,0.572988582,0.2334243854,0.3443432043,0.3961387887,0.5389257695,0.427011418,1.0844154539,0.9083337301,0.9394589133,1.0699201701,1.1271014194,0.2906699125,0.2888872483,0.2764003261,0.154725209,0.3565040823,-0.0052090092,0.0610609211,-0.0641308967,-0.768415507,-0.0719886078,0.5026045046,0.4694695394,0.5320654484,0.8842077535,0.5359943039,0.4973954954,0.5305304606,0.4679345516,0.1157922465,0.4640056961,1.0187147926,1.0367845859,1.0202897975,0.4006474562,1.1265301175
2026-07-21T12:00:00Z,706.92,0.0161422473,0.0160133465,0.0131236614,0.0029794841,0.0003617945,0.0028517919,-0.0011312411,-0.0019451638,-0.0008661255,0.0028744412,-0.0004281327,-0.2,-0.1,0,0.2,-0.0666666667,0.6,0.55,0.5,0.4,0.5333333333,0.4,0.45,0.5,0.6,0.4666666667,-0.7962596215,-0.5150388793,-0.3191155921,-0.8537097416,-0.1344582367,-0.6151507173,-0.7614118383,-0.6144186916,-0.9440971289,-0.0826381164,0,0,0.3333333333,0.8,0,0.3,0.65,0.7666666667,0,0.8833333333,-0.3,-0.65,-0.4333333333,0.8,-0.8833333333,0.9919976801,1.0037550218,1.0066983063,0.989215187,1.0128613092,1.0093787133,1.0275420132,1.0275420132,1.0003607197,1.0447433939,0.9715102133,0.9715102133,0.9715102133,0.9820913258,0.9715102133,0.9841141855,0.9883296554,0.9975810558,0.9841141855,1.0009548464,0.9995473321,1.0155180218,1.0183330504,0.9901403271,1.0238640865,0.9,0.45,0.3333333333,1,0.1833333333,0.0130929049,0.0147240342,0.0058605132,0.0050359305,-0.0002313932,-0.0149241252,-0.0255293339,-0.0009539355,0.0118081498,-0.0418801334,0.1736882876,0.6750807983,0.3226196111,0.4689519071,0.2656480776,0.752334703,0.5084574602,0.5084574602,0.9802555168,0.3890283948,0.0077964498,0.0136513036,0.0131985024,0.005936142,0.0143855147,-0.2098765432,-0.217626322,-0.0053425145,0.3506162346,-0.0994656538,0.6049382716,0.608813161,0.5026712573,0.3246918827,0.5497328269,0.3950617284,0.391186839,0.4973287427,0.6753081173,0.4502671731,1.4809147992,1.2265233452,1.2542974826,1.2985483035,1.5283826113,0.3894340806,0.3965394427,0.3696463134,0.1974431918,0.4895042054,0.0159451362,-0.0381730655,-0.0913921541,-0.7261381637,-0.0164597821,0.4920274319,0.5190865328,0.5456960771,0.8630690818,0.5082298911,0.5079725681,0.4809134672,0.4543039229,0.1369309182,0.4917701089,0.8473862289,1.0174779083,0.8953651865,0.5529132913,1.1035142178
2026-07-21T15:00:00Z,709.54,0.0037062185,0.0036993674,0.0000565835,0.0036494285,0.0007072536,0.0018388593,0.0004363049,-0.001567149,-0.0008651033,0.0040575584,-0.0003906767,0,-0.1,0,0.6,-0.0333333333,0.5,0.55,0.5,0.2,0.5166666667,0.5,0.45,0.5,0.8,0.4833333333,-0.7991496837,-0.5150367575,-0.3042256095,-0.9332040619,-0.1357713804,-0.6311728282,-0.7552606623,-0.6136440649,-0.9894870203,-0.0499623873,0,0.3,0.3,0.8,0,0.2,0.6,0.7333333333,0.4,0.8666666667,-0.2,-0.3,-0.4333333333,0.4,-0.8666666667,0.9881106069,0.9988696902,1.0027992314,0.989579164,1.0084694544,1.0034529413,1.0211968318,1.0237477803,1.0007046819,1.0407869888,0.9679228796,0.9679228796,0.9679228796,0.980254813,0.9679228796,0.9804803112,0.9846802154,0.9938974547,0.9846238408,0.9972587874,0.9958564704,1.0114017532,1.0145728218,0.9963074668,1.0190968797,1,0.5,0.4333333333,1,0.2833333333,0.0099260212,0.0160182251,0.0097447657,0.0023057192,0.0030555084,-0.0022358781,-0.0230355102,-0.0054246506,0.0204950452,-0.0376378359,0.0287866477,0.5237621842,0.3241375934,0.6079973787,0.2391743977,0.9028163427,0.6021164021,0.5746023731,0.9655410062,0.4402321083,0.0073862072,0.0124864516,0.0131520202,0.0073591715,0.0138344046,-0.0337221633,-0.1925422949,-0.0314250914,0.6258234519,-0.0887290168,0.5168610817,0.5962711474,0.5157125457,0.187088274,0.5443645084,0.4831389183,0.4037288526,0.4842874543,0.812911726,0.4556354916,1.5203282903,1.268550856,1.2767615821,1.20865236,1.5730597085,0.4112426756,0.4071148614,0.3824544266,0.1652721613,0.5087950446,-0.0255624636,0.0113321213,-0.0654657237,-0.681423571,-0.011402507,0.5127812318,0.4943339394,0.5327328618,0.8407117855,0.5057012535,0.4872187682,0.5056660606,0.4672671382,0.1592882145,0.4942987465,0.9203326276,0.9892487175,0.9278512021,0.6660428716,1.0964516762
2026-07-21T18:00:00Z,708.59,-0.0013388956,-0.0013397927,0.0000140936,-0.0013529702,0.0006271581,0.000352336,0.0015302263,-0.0013683003,-0.000907753,0.0043932316,-0.0003536484,0,-0.1,0,0.2,-0.0666666667,0.5,0.55,0.5,0.4,0.5333333333,0.5,0.45,0.5,0.6,0.4666666667,-0.4571639547,-0.4217249644,-0.2334987366,-0.5236393325,-0.1347305337,-0.2756711749,-0.6494912212,-0.6049805809,0.0324878871,-0.1143430828,0.8,0.25,0.2666666667,0.6,0.2833333333,0.1,0.55,0.7,0.2,0.85,0.7,-0.3,-0.4333333333,0.4,-0.5666666667,0.989716197,0.9995526327,1.0040768757,0.9937171002,1.009130221,1.0020463173,1.0225659408,1.0251203093,1.0020463173,1.0409686843,0.9692205648,0.9692205648,0.9692205648,0.9815690315,0.9692205648,0.981794832,0.9860003669,0.9952299637,0.9878067712,0.9985958029,0.9976432069,1.0120944411,1.0159330501,1,1.0203361605,0.9,0.5,0.4,0.8,0.2666666667,0.0033977848,0.0134462202,0.0090855427,-0.0025035634,0.0013024056,0.0028163034,-0.0129546309,-0.0019999718,0.0142564734,-0.0398249275,0.3232144204,0.4218756533,0.355080307,0.6653486851,0.2127207053,0.937661221,0.576984127,0.5506185307,0.900068918,0.428992919,0.0077310283,0.0121474471,0.0131854094,0.0076168333,0.0132790519,0.0456736286,-0.1170400201,-0.0117647059,0.4887144259,-0.0938947637,0.4771631857,0.5585200101,0.5058823529,0.255642787,0.5469473819,0.5228368143,0.4414799899,0.4941176471,0.744357213,0.4530526181,0.6619772909,0.548401356,0.5236102383,0.5812102681,0.6418437231,0.2007665838,0.191461547,0.1669059439,0.2178745689,0.2099962883,0.254557717,0.2487283192,0.0369441347,0.5201210203,0.014724196,0.3727211415,0.3756358404,0.4815279326,0.2399394899,0.492637902,0.6272788585,0.6243641596,0.5184720674,0.7600605101,0.507362098,0.9942265723,1.0385314085,0.960017968,0.7700281922,1.0932484139
2026-07-22T12:00:00Z,707.27,-0.0018628544,-0.0018645917,-0.0097940981,0.0080096914,0.0013254472,0.0001567733,0.0023747307,-0.0013063467,-0.0010089666,0.0035106819,-0.0003637114,0,-0.1,0,-0.2,-0.0666666667,0.5,0.55,0.5,0.6,0.5333333333,0.5,0.45,0.5,0.4,0.4666666667,-0.3235076308,-0.3580736289,-0.2388025312,-0.2388143205,-0.1502813085,-0.447576756,-0.6172028841,-0.5678075579,-0.094664228,-0.0933237157,0.7,0.2,0.2333333333,0.4,0.2666666667,0,0.5,0.6666666667,0,0.8333333333,0.7,-0.3,-0.4333333333,0.4,-0.5666666667,0.9918348014,1.0010787959,1.0060479025,0.9976416362,1.0107449536,1.0039164675,1.0244743874,1.0270335233,1.0039164675,1.0429114765,0.9710294513,0.9710294513,0.9710294513,0.9834009643,0.9710294513,0.9836271862,0.9878405701,0.9972853366,0.9995051395,1.0003110552,1,1.0139833444,1.0178291176,1.0018663311,1.0222404457,0.8,0.5,0.3333333333,0.6,0.2,-0.0025210894,0.011331498,0.0085821129,-0.004663,-0.0000154678,0.0027220529,-0.0067409103,0.0029211157,0.0104578898,-0.0158626351,0.7296602126,0.3869085724,0.4407001009,0.4846807955,0.222258628,0.8809114359,0.5420634921,0.5172936127,0.8090971744,0.4030291109,0.0079851118,0.0121101664,0.0131551083,0.007131462,0.013360659,0.0439963336,-0.0640341515,0.0175737929,0.3591756624,-0.038641448,0.4780018332,0.5320170758,0.4912131036,0.3204121688,0.519320724,0.5219981668,0.4679829242,0.5087868964,0.6795878312,0.480679276,1.782011902,1.5712507471,1.482559647,1.5746056495,1.8202772508,0.6258649182,0.5499131776,0.4867129324,0.6796387041,0.6097360973,-0.185278066,-0.0020992186,-0.0492489898,-0.1086672635,-0.0433568921,0.592639033,0.5010496093,0.5246244949,0.5543336317,0.5216784461,0.407360967,0.4989503907,0.4753755051,0.4456663683,0.4783215539,1.0235975223,1.0919911913,1.0031134271,0.8078748594,1.0965358558
2026-07-22T15:00:00Z,707.24,-0.0000424166,-0.0000424175,0.0005372771,-0.0005793825,0.0027838621,0.0002684943,0.002149114,-0.0012581897,-0.0010774356,-0.0002304734,-0.0003789184,0,-0.1,-0.0666666667,-0.2,-0.0666666667,0.5,0.55,0.5333333333,0.6,0.5333333333,0.5,0.45,0.4666666667,0.4,0.4666666667,-0.2425871517,-0.355845594,-0.2545185776,-0.228825854,-0.1508042981,-0.3782302364,-0.589011367,-0.5368418874,0.3941657533,-0.0717601209,0.6,0.15,0.2,0.2,0.25,0,0.45,0.6333333333,0.6,0.8166666667,0.6,-0.3,-0.4333333333,-0.4,-0.5666666667,0.9936923817,1.0008618008,1.0060283638,1.0009501725,1.0105835124,1.0039590521,1.024517844,1.0270770884,1.0039590521,1.0429557152,0.9800916238,0.9710706408,0.9710706408,0.9919405011,0.9710706408,0.9878259148,0.9878824727,0.9973276398,1,1.0000424184,1.0000424184,1.014026356,1.0178722923,1.0019088287,1.0222838075,0.7,0.5,0.3333333333,0.4,0.2,-0.0033633947,0.0110910016,0.0095944526,-0.0004892257,0.0005945802,0.0184907834,-0.0051623975,-0.0018629333,0.0166022223,-0.0121104608,0.6684260812,0.3609250743,0.5006540882,0.0535894374,0.2387226244,0.8341232227,0.5412698413,0.5165362282,0.6705882353,0.4024390244,0.0075502223,0.0120762872,0.0131798863,0.001407979,0.0134307171,0.3924205379,-0.0497087905,-0.0115891133,0.7151702786,-0.0296623217,0.3037897311,0.5248543952,0.5057945566,0.1424148607,0.5148311608,0.6962102689,0.4751456048,0.4942054434,0.8575851393,0.4851688392,1.5793009742,1.5388480602,1.4344641942,1.4303178944,1.7764595796,0.5485141625,0.5513745508,0.4817195472,0.7034748043,0.6081357131,-0.3235153968,-0.0248752357,-0.0774991481,-0.1538791952,-0.0426895239,0.6617576984,0.5124376179,0.538749574,0.5769395976,0.5213447619,0.3382423016,0.4875623821,0.461250426,0.4230604024,0.4786552381,0.7781063693,1.1140105079,1.0566646841,1.1751677357,1.1146149567
2026-07-22T18:00:00Z,705.67,-0.0022198971,-0.0022223647,0.0004241842,-0.0026429601,0.0001696017,0.001837352,0.0019891691,-0.0010428632,-0.0011562643,-0.0012881375,-0.0003990802,-0.2,-0.2,-0.1333333333,-0.6,-0.0666666667,0.6,0.6,0.5666666667,0.8,0.5333333333,0.4,0.4,0.4333333333,0.2,0.4666666667,-0.2229816762,-0.3264428066,-0.256224791,-0.0213365821,-0.1547285728,-0.3407231652,-0.5263316338,-0.513232209,0.4175295886,-0.0557049137,0.5,0.1,0.1666666667,0,0.2333333333,0,0.4,0.6,0.4,0.8,0.5,-0.3,-0.4333333333,-0.4,-0.5666666667,0.9968951493,1.0021036745,1.0081027015,1.0028228492,1.012601145,1.0061926963,1.0267972282,1.0293621665,1.0061926963,1.0452761206,0.9838309691,0.9732311137,0.9732311137,0.994147406,0.9732311137,0.9900236655,0.9900803492,0.9995465302,1.002224836,1.002224836,1.0022673488,1.0145677158,1.0201368912,1.0041379115,1.0245582213,0.5,0.4,0.2666666667,0.2,0.1666666667,-0.0058464103,0.0078035261,0.0086631312,-0.0002465742,-0.0008282792,0.0100190362,-0.0193170922,-0.004893251,-0.001768234,-0.013655932,0.5982654844,0.2735355891,0.5679261019,0.9510732192,0.2597944175,0.7230671736,0.4997354497,0.4768997728,0.4858823529,0.3715578285,0.0073867212,0.0114978399,0.0132800721,0.0018679715,0.0135595591,0.2331778814,-0.208270902,-0.0302028027,-0.1926040062,-0.0333003852,0.3834110593,0.604135451,0.5151014013,0.5963020031,0.5166501926,0.6165889407,0.395864549,0.4848985987,0.4036979969,0.4833498074,1.3801330015,1.4457286673,1.3369565971,1.3171597538,1.6220922261,0.5010969666,0.5118829482,0.4545414885,0.6679210881,0.5238539895,-0.2141308684,0.0112866206,-0.0196007077,-0.0326755627,-0.1037784206,0.6070654342,0.4943566897,0.5098003539,0.5163377814,0.5518892103,0.3929345658,0.5056433103,0.4901996461,0.4836622186,0.4481107897,0.8792668481,1.1871507353,1.0464781191,0.6097249881,1.1147926591
2026-07-23T12:00:00Z,691.88,-0.0195417121,-0.0197351759,-0.0104298043,-0.0092079449,0.0004868898,0.0008162564,0.0003253323,-0.0010509667,-0.0012821991,-0.0050615714,-0.0004486082,-0.2,-0.3,-0.2,-1,-0.1,0.6,0.65,0.6,1,0.55,0.4,0.35,0.4,0,0.45,-0.371766683,-0.3770219866,-0.3297300498,-0.1905955172,-0.1760278927,-0.2528912731,-0.419105146,-0.5047575458,-0.0615439239,-0.0469412437,0.4,0.05,0.1333333333,0,0.2166666667,0.9,0.35,0.5666666667,0.8,0.7833333333,-0.5,-0.3,-0.4333333333,-0.8,-0.5666666667,1.0162716078,1.0199340926,1.026873639,1.0177053824,1.0321174433,1.0262473261,1.0472625311,1.0498785917,1.0261822859,1.06610973,0.9991761577,0.9926287796,0.9926287796,0.9991761577,0.9926287796,1.0097560271,1.0097560271,1.0116638723,1.0199312019,1.0217378736,1.0222437417,1.0278227438,1.0404694456,1.0222437417,1.0449788981,0.1,0.05,0.0333333333,0.2,0.0166666667,-0.0177356031,-0.0099499087,-0.0082817519,-0.0075822397,-0.0188835022,-0.0049044284,-0.0410932324,-0.0381404531,-0.0248893649,-0.0384278626,0.0123657678,0.2706074937,0.6042354885,0.639224966,0.2903591887,0.0304324613,0.1349206349,0.1287553648,0.0305057533,0.1003147128,0.0084031789,0.0116497037,0.0142771519,0.0089531013,0.0144178232,-0.0843433094,-0.3773704976,-0.231509219,-1,-0.0912270283,0.5421716547,0.6886852488,0.6157546095,1,0.5456135141,0.4578283453,0.3113147512,0.3842453905,0,0.4543864859,0.9215319303,1.0106352133,0.9212219189,0.9532094382,1.1082947187,0.3309945685,0.3354843759,0.3101331722,0.4497799343,0.3582817618,-0.0659627401,0.0754184927,0.0313026427,0.1005982102,-0.0024397097,0.53298137,0.4622907536,0.4843486786,0.4497008949,0.5012198548,0.46701863,0.5377092464,0.5156513214,0.5502991051,0.4987801452,1.1091821154,1.1268214107,1.0890038092,1.4870755624,1.0974187323
2026-07-23T15:00:00Z,691.05,-0.00119963,-0.0012003501,-0.000115627,-0.0010841284,0.0047990749,0.0046978896,-0.0010632919,-0.0010298701,-0.0013321766,-0.0069170103,-0.0005200463,-0.4,-0.3,-0.2666666667,-1,-0.1,0.7,0.65,0.6333333333,1,0.55,0.3,0.35,0.3666666667,0,0.45,-0.3498516692,-0.3865814041,-0.3415244183,-0.5103306025,-0.1590570167,-0.3473946772,-0.447399813,-0.5402180616,-0.9844852823,-0.0518960372,0.3,0,0.1,0.2,0.2,0.9,0.3,0.5333333333,0.8,0.7666666667,-0.6,-0.3,-0.4333333333,-0.6,-0.5666666667,1.0163953404,1.0190731496,1.0265277476,1.0138513856,1.0329605914,1.0274799219,1.0485203676,1.0511395702,1.0268721511,1.0673902033,0.9952970118,0.993820997,0.993820997,0.9952970118,0.993820997,1.0067144201,1.0067144201,1.0110266985,1.0012010708,1.0225019897,1.0234715288,1.0267563852,1.0412705304,1.0234281166,1.0462339918,0.1,0.05,0.0333333333,0.2,0.0166666667,-0.0116105268,-0.0092893837,-0.0072111863,-0.0000173649,-0.0176192244,-0.010849806,-0.0400483414,-0.0452341149,-0.0247533835,-0.0232370776,0.0972387638,0.2652772588,0.6161322426,0.8116029916,0.3601205683,0.1461330935,0.112962963,0.1078010603,0.1489459212,0.0839889851,0.0097939926,0.0115299722,0.0146897386,0.0108582942,0.0150078465,-0.1998945148,-0.3708038585,-0.2850426606,-1,-0.0563245169,0.5999472574,0.6854019293,0.6425213303,1,0.5281622585,0.4000527426,0.3145980707,0.3574786697,0,0.4718377415,0.7938103091,0.8661987445,0.7868756996,0.6990673891,0.934071785,0.2869899505,0.2837785651,0.2646700621,0.1892817164,0.3018569554,0.0565530115,0.0529060891,0.0457408895,-0.3616218795,-0.007901814,0.4717234943,0.4735469555,0.4771295553,0.6808109397,0.503950907,0.5282765057,0.5264530445,0.5228704447,0.3191890603,0.496049093,1.2083940753,1.1355477688,1.1248337549,1.5668113068,1.1284838248
2026-07-23T18:00:00Z,695.43,0.006338181,0.0063181792,-0.0000723537,0.0064109986,-0,0.0029232996,-0.0018346617,-0.0009380792,-0.001318172,-0.0054987562,-0.0005314226,-0.4,-0.2,-0.2,-0.6,-0.1,0.7,0.6,0.6,0.8,0.55,0.3,0.4,0.4,0.2,0.45,-0.3502148722,-0.4003532202,-0.3431698977,-0.9517225653,-0.2453652514,-0.3911995331,-0.4390727181,-0.5765290072,-0.9483305046,-0.0965817648,0.2,0.05,0.0666666667,0,0.1833333333,0.8,0.25,0.5,0.6,0.75,-0.6,-0.2,-0.4333333333,-0.6,-0.5666666667,1.0093438592,1.0111794142,1.0187409229,1.0040607969,1.0257314419,1.0210085846,1.033274377,1.0445192183,1.0204046417,1.0606675007,0.9890283709,0.9875616525,0.9875616525,0.9890283709,0.9875616525,1,1,1.0046014696,0.9948952447,1.0147247027,1.0170254375,1.0189235437,1.0322965647,1.0147247027,1.0395726385,0.3,0.25,0.1666666667,0.6,0.0833333333,-0.0010878815,-0.0022676617,0.0003725706,0.0069367154,-0.0100544743,-0.0064576041,-0.0286612194,-0.0381327801,-0.0167404244,-0.0415925911,0.2694432135,0.2380744826,0.6141210918,0.6189731607,0.3702483742,0.3430755396,0.2720981441,0.2183791972,0.3496791934,0.1701416208,0.0101519471,0.011086103,0.0145590919,0.0098842461,0.0151249437,-0.1102977062,-0.2624040921,-0.2327564373,-0.5747572816,-0.1085065075,0.5551488531,0.631202046,0.6163782187,0.7873786408,0.5542532538,0.4448511469,0.368797954,0.3836217813,0.2126213592,0.4457467462,0.8455308404,0.9162332572,0.8256390525,0.8168176025,0.9615312412,0.3031628106,0.2928981951,0.2774607865,0.1994416451,0.3012886618,0.0663015095,0.0568307072,0.0308684477,0.8437368853,-0.0509862482,0.4668492453,0.4715846464,0.4845657762,0.0781315573,0.5254931241,0.5331507547,0.5284153536,0.5154342238,0.9218684427,0.4745068759,1.0752784705,1.1088973263,1.0737815021,1.2169319951,1.0170170282
2026-07-24T12:00:00Z,688.2,-0.0103964454,-0.0104508659,-0.0022000776,-0.0082144401,0,0.0066580199,-0.0035462735,-0.000939216,-0.0014034581,-0.0045611741,-0.0005970125,-0.4,-0.3,-0.2,-0.6,-0.1,0.7,0.65,0.6,0.8,0.55,0.3,0.35,0.4,0.2,0.45,-0.3310948323,-0.4119438637,-0.3471759698,-0.8463899381,-0.2439025965,-0.452413493,-0.5135762328,-0.5957522787,-0.9235811263,-0.1179926254,0.1,0,0.0333333333,0,0.1666666667,0.9,0.95,0.9666666667,0.8,0.9833333333,-0.8,-0.95,-0.9333333333,-0.8,-0.8166666667,1.0188593432,1.0196984888,1.0278891795,1.00907585,1.0359005376,1.0317349608,1.0441296135,1.0554925894,1.0282766638,1.0718105202,0.9932868352,0.9932868352,0.9932868352,0.9932868352,0.9932868352,1.0053472828,1.0103022377,1.0108834641,1.004141238,1.0249200814,1.027709968,1.027709968,1.0427637315,1.010505667,1.0504940424,0.1,0.05,0.0333333333,0.2,0.0166666667,-0.0029011123,-0.0107759372,-0.0075390375,0.0000464981,-0.0182886694,-0.0107662896,-0.0403815048,-0.0445515001,-0.0269215542,-0.0351344531,0.7649703498,0.2360094241,0.633097049,0.535285131,0.4184827738,0.1746031746,0.1320377251,0.1079187106,0.1918604651,0.085492228,0.0116460032,0.0111479911,0.0152669935,0.0088165577,0.0159825076,-0.1704209329,-0.3438613156,-0.2609579572,-0.6848920863,-0.0917881474,0.5852104664,0.6719306578,0.6304789786,0.8424460432,0.5458940737,0.4147895336,0.3280693422,0.3695210214,0.1575539568,0.4541059263,0.8002217978,0.8575047528,0.7775734343,0.8534903025,0.8803180143,0.2884138105,0.2737420436,0.2599550872,0.160392346,0.2587589405,0.0591946714,0.0320438492,0.0601968167,0.862077851,-0.0598736355,0.4704026643,0.4839780754,0.4699015917,0.0689610745,0.5299368177,0.5295973357,0.5160219246,0.5300984083,0.9310389255,0.4700631823,1.0267038488,1.0281247001,1.0355869694,0.8171371295,0.9457733621
2026-07-24T15:00:00Z,688.665,0.0006756757,0.0006754475,-0.000087184,0.0007629261,0.0057037812,0.002979045,-0.0039792845,-0.0008462106,-0.0013972367,-0.0013475347,-0.0006433067,-0.4,-0.3,-0.2,-0.2,-0.1,0.7,0.65,0.6,0.6,0.55,0.3,0.35,0.4,0.4,0.45,-0.2477620377,-0.4124341864,-0.3708655331,-0.7835281434,-0.2291077459,-0.40011726,-0.4229394566,-0.6115037806,0.0297294275,-0.111130877,0,0,0,0,0.15,0.8,0.9,0.9333333333,0.6,0.9666666667,-0.8,-0.9,-0.9333333333,-0.6,-0.8166666667,1.0155206087,1.0169069867,1.0254151148,1.0034559619,1.0345061338,1.0310383133,1.036135131,1.0547799002,1.014499067,1.0710868129,0.9926161486,0.9926161486,0.9926161486,0.9926161486,0.9926161486,1.0034632223,1.0083277065,1.0098233539,1,1.0240247435,1.0270160383,1.0269724757,1.0413771573,1.0046684527,1.0497847284,0.2,0.1,0.0666666667,0.4,0.0333333333,0.0023861714,-0.0088679858,-0.0051551822,-0.0007608925,-0.0155285872,-0.0258232898,-0.040362025,-0.0506933723,-0.024097666,-0.0400276004,0.8455971926,0.2141288148,0.6321648212,0.2556663569,0.4520610364,0.1921768707,0.1696696697,0.1187806587,0.3374253484,0.0940969652,0.0124294009,0.010544761,0.0152105197,0.0037689309,0.0165698971,-0.5500979358,-0.3439411031,-0.3109016359,-0.6370106762,-0.1066025653,0.7750489679,0.6719705516,0.6554508179,0.8185053381,0.5533012826,0.2249510321,0.3280294484,0.3445491821,0.1814946619,0.4466987174,1.0236093508,1.0859240566,0.9751993687,1.1282507105,1.0978224376,0.3529813436,0.3343174526,0.3251534685,0.1006720336,0.3236605305,0.0685496305,0.046529988,0.0098401719,0.3358599643,-0.0148753654,0.4657251847,0.476735006,0.495079914,0.3320700179,0.5074376827,0.5342748153,0.523264994,0.504920086,0.6679299821,0.4925623173,1.2319825025,1.025399737,1.0842944797,0.8553688168,0.9668419371
2026-07-24T18:00:00Z,685.05,-0.0052492867,-0.0052631126,-0.0001089064,-0.0051409402,0.0004284117,0.0037032196,-0.0041478503,-0.0009194379,-0.0014011124,-0.0027392161,-0.0007026015,-0.6,-0.3,-0.2666666667,-0.2,-0.1,0.8,0.65,0.6333333333,0.6,0.55,0.2,0.35,0.3666666667,0.4,0.45,-0.2455119608,-0.4243376338,-0.3725812939,-0.4769808539,-0.2365308884,-0.4163626772,-0.4263053184,-0.6252947457,-0.3740229486,-0.1423751261,0,0,0.2,0.2,0.1333333333,0.9,0.95,0.9666666667,0.8,0.9833333333,-0.9,-0.95,-0.7666666667,-0.6,-0.85,1.0173045763,1.020369681,1.028820524,1.006757171,1.0392045593,1.0364134005,1.0393255967,1.0577038172,1.0151521787,1.0767389242,0.996277644,0.996277644,0.996277644,0.996277644,0.996277644,1.0052769871,1.0099700752,1.014947814,1.0045982045,1.0290343771,1.0323917962,1.031924677,1.0451061966,1.0087584848,1.0553244289,0.1,0.05,0.0333333333,0.2,0.0166666667,0.00136075,-0.0116350214,-0.0085043945,-0.0012787388,-0.0184778144,-0.0345153198,-0.0366740258,-0.056755752,-0.009871654,-0.0436469989,0.8611243926,0.232161483,0.6318610223,0.5908446695,0.4886706252,0.0927441353,0.0864699898,0.0605988593,0.1972157773,0.0462626996,0.0128385833,0.0110033042,0.0152563769,0.0050396994,0.0174060918,-0.7165008777,-0.3206688799,-0.3404641943,-0.4134382567,-0.1149807844,0.8582504389,0.6603344399,0.6702320971,0.7067191283,0.5574903922,0.1417495611,0.3396655601,0.3297679029,0.2932808717,0.4425096078,0.7930627631,0.8138909968,0.7286766866,0.8752823199,0.8038647639,0.2586279725,0.2436558686,0.2401602383,0.0880450323,0.2375381996,0.1704077354,0.0940767338,0.0888434672,0.3679195716,0.00939813,0.4147961323,0.4529616331,0.4555782664,0.3160402142,0.495300935,0.5852038677,0.5470383669,0.5444217336,0.6839597858,0.504699065,1.1295597231,1.0265059544,1.034364254,0.7586847012,0.9501627677
2026-07-27T12:00:00Z,681.52,-0.0051529085,-0.0051662306,0.0127435954,-0.0176713079,0.0004324137,0.0078266886,-0.0042575509,-0.0011147186,-0.00149616,-0.004544254,-0.0007828836,-0.6,-0.3,-0.2666666667,-0.2,-0.1,0.8,0.65,0.6333333333,0.6,0.55,0.2,0.35,0.3666666667,0.4,0.45,-0.4264729671,-0.3798911403,-0.3778136108,-0.2660798903,-0.2189548917,-0.8310140676,-0.3527787042,-0.5612892378,0.1978742497,-0.1235431326,0.1,0.4,0.1666666667,0,0.1166666667,0.9,0.95,0.9666666667,0.8,0.9833333333,-0.8,-0.55,-0.8,-0.8,-0.8666666667,1.0186018019,1.0238147817,1.0323705345,1.0091750792,1.0438790009,1.0412313652,1.0418476347,1.0631822984,1.0204102594,1.0823159995,0.9920325156,0.9920325156,0.9920325156,0.9920325156,0.9920325156,1.0098016199,1.0139834488,1.0188989318,1.0051795985,1.0270424933,1.0354354971,1.0372696326,1.0448262707,1.0104839183,1.0607905857,0.1,0.05,0.0333333333,0.2,0.0166666667,0.000557177,-0.0132249551,-0.0106762146,-0.0000865712,-0.020783934,-0.0382026278,-0.0354939145,-0.0506623577,-0.0137906085,-0.0407611755,0.8678231316,0.2836843111,0.648560397,0.9038064356,0.5427606923,0.1619445273,0.1599410898,0.1119818519,0.2807652534,0.0882496343,0.013127173,0.0120682252,0.0160802223,0.006759894,0.0184031987,-0.736398259,-0.312212125,-0.312940974,-0.4958376691,-0.1074144134,0.8681991295,0.6561060625,0.656470487,0.7479188345,0.5537072067,0.1318008705,0.3438939375,0.343529513,0.2520811655,0.4462927933,1.0324230267,1.1494950342,1.0436484721,1.1899550242,1.1317884712,0.255247282,0.3464950091,0.3335307691,0.1566959774,0.3347948476,-0.3012734699,-0.0119313413,0.0414945213,-0.209346415,-0.0284073629,0.650636735,0.5059656707,0.4792527394,0.6046732075,0.5142036815,0.349363265,0.4940343293,0.5207472606,0.3953267925,0.4857963185,1.0669269728,1.0407405864,1.048071604,0.6012146479,0.962183644
2026-07-27T15:00:00Z,679.85,-0.002450405,-0.0024534121,0.0000513558,-0.0025016323,0.0008143143,0.0042843204,-0.0041372317,-0.0013170917,-0.0016389256,-0.0035073913,-0.0008607048,-0.6,-0.3,-0.2666666667,-0.6,-0.1333333333,0.8,0.65,0.6333333333,0.8,0.5666666667,0.2,0.35,0.3666666667,0.2,0.4333333333,-0.548617296,-0.383127181,-0.3812422777,-0.4339049423,-0.2156960808,-0.5827821,-0.3058160317,-0.480415708,0.5860937268,-0.0909988928,0,0.35,0.1333333333,0.6,0.1,0.8,0.9,0.9333333333,0.6,0.9666666667,-0.8,-0.55,-0.8,0,-0.8666666667,1.0170706774,1.0244542914,1.0333267142,1.0070706774,1.0456668138,1.0437890711,1.0444068545,1.0657939251,1.0209310877,1.0849746268,0.9944693682,0.9944693682,0.9944693682,0.9944693682,0.9944693682,1.007648746,1.0129660955,1.0176950798,1.0024564242,1.027682577,1.0229168199,1.0398176068,1.0460101493,1.0122821211,1.0633963374,0.1,0.05,0.0333333333,0.2,0.0166666667,0.0015468653,-0.01194192,-0.0095622928,-0.0000558947,-0.0202760212,-0.038768787,-0.0361522648,-0.0452483604,-0.0224034051,-0.0445103441,0.8586065253,0.3368046521,0.6873421238,0.9212406622,0.5913973771,0.1121383835,0.1107511046,0.0775417612,0.2090050028,0.0611084024,0.0128244788,0.0130864788,0.0171104719,0.005167883,0.0193827255,-0.7388843977,-0.3157894737,-0.2874988846,-0.9436705027,-0.1171921255,0.8694421989,0.6578947368,0.6437494423,0.9718352514,0.5585960628,0.1305578011,0.3421052632,0.3562505577,0.0281647486,0.4414039372,1.1941228484,1.2707783149,1.1900881605,1.2758455815,1.2739037788,0.2623229078,0.3902034052,0.371764851,0.2247117382,0.3798926447,0.1131100478,-0.091815995,0.0248053139,-0.251629358,-0.028991406,0.4434449761,0.5459079975,0.487597343,0.625814679,0.514495703,0.5565550239,0.4540920025,0.512402657,0.374185321,0.485504297,1.0403098361,1.0454157175,1.0744477082,0.7775388662,0.9613431811
2026-07-27T18:00:00Z,682.05,0.0032360079,0.0032307833,0.0002206369,0.0030147059,0.00225,0.0031102941,-0.0033332223,-0.001663026,-0.0017421813,-0.0027021479,-0.0009420652,-0.4,-0.2,-0.2,-0.2,-0.1,0.7,0.6,0.6,0.6,0.55,0.3,0.4,0.4,0.4,0.45,-0.3236803833,-0.3006711255,-0.3491823071,0.298687513,-0.2016319965,-0.4003441765,-0.3462045607,-0.4873339024,0.3252776311,-0.1015247615,0,0.3,0.1,0.4,0.0833333333,0.7,0.85,0.9,0.4,0.95,-0.7,-0.55,-0.8,0,-0.8666666667,1.0100967671,1.0202444835,1.0285831928,1.0020189136,1.0417345991,1.0375485668,1.0410380471,1.0623561322,1.0176380031,1.0814749652,0.9912616377,0.9912616377,0.9912616377,0.9912616377,0.9912616377,1,1.0090169342,1.0131955135,0.9992229309,1.0243090683,1.0144124331,1.0364636024,1.0426361704,1.0043985045,1.0599662781,0.3,0.15,0.1,0.6,0.05,0.0049027331,-0.0044457361,-0.0033215646,0.0033853823,-0.0139436759,-0.0356173293,-0.0177851382,-0.040595856,-0.0089363557,-0.0324708486,0.7954877945,0.480861254,0.7245743143,0.7018090238,0.6629454592,0.1887868229,0.1755522828,0.1229119406,0.331295164,0.0968633187,0.0107343188,0.0138288156,0.0177149974,0.0045615732,0.0200374457,-0.641293279,-0.1715277778,-0.2551498541,-0.5357142857,-0.0860979463,0.8206466395,0.5857638889,0.6275749271,0.7678571429,0.5430489731,0.1793533605,0.4142361111,0.3724250729,0.2321428571,0.4569510269,0.8762390067,0.8585373511,0.8382784408,0.8823483914,0.8831678746,0.1584295741,0.2355957827,0.2579491349,0.1529269478,0.2627834051,0.260372674,-0.1021407515,0.0527149273,-0.015839337,-0.0084143774,0.369813663,0.5510703758,0.4736425364,0.5079196685,0.5042071887,0.630186337,0.4489296242,0.5263574636,0.4920803315,0.4957928113,0.931320761,0.8996096634,1.0499121255,0.5981639509,0.9774683663
2026-07-28T12:00:00Z,672.76,-0.0136207023,-0.0137143151,-0.0082545268,-0.0054108394,0.002483664,0.0071848851,-0.0030326002,-0.0021104567,-0.0018575068,-0.0035748261,-0.0010339605,-0.4,-0.3,-0.2666666667,-0.6,-0.1333333333,0.7,0.65,0.6333333333,0.8,0.5666666667,0.3,0.35,0.3666666667,0.2,0.4333333333,-0.3123844527,-0.272470278,-0.3161284238,0.2478948327,-0.2149905995,-0.0730012145,-0.4424566728,-0.4774764682,-0.1133636193,-0.1431430642,0,0.25,0.0666666667,0.2,0.0666666667,0.9,0.95,0.9666666667,0.8,0.9833333333,-0.9,-0.7,-0.9,-0.6,-0.9166666667,1.0191531898,1.0324071734,1.0404673782,1.0111272965,1.0550554185,1.038483263,1.0554135204,1.0770259825,1.0316903502,1.0964088234,0.9927760271,0.9927760271,0.9927760271,0.9927760271,0.9927760271,1.0130209882,1.0182680302,1.0236414174,1.0105386765,1.034083477,1.0271865153,1.0507759082,1.0546703133,1.0138087877,1.0746031274,0.1,0.05,0.0333333333,0.2,0.0166666667,-0.0055064889,-0.0123578351,-0.0135335293,-0.0039776443,-0.0245535843,-0.0466365298,-0.0370847467,-0.0650527398,-0.0230954092,-0.0600234729,0.8388319803,0.5902385748,0.7296452065,0.6873231493,0.6924759833,0.1580487805,0.1153298529,0.0857445307,0.1856378915,0.069707401,0.0095105284,0.0158401201,0.0188219134,0.0060980282,0.0215179989,-0.700212766,-0.3364061283,-0.411552664,-0.7833046048,-0.1624995272,0.850106383,0.6682030641,0.705776332,0.8916523024,0.5812497636,0.149893617,0.3317969359,0.294223668,0.1083476976,0.4187502364,0.8354782985,0.7698937795,0.7703487866,0.8457054413,0.7921226947,0.1214675457,0.2106532715,0.2291965164,0.1545228154,0.2352921552,0.2911431131,-0.0036046007,0.0909857825,0.2623796547,-0.0032704609,0.3544284434,0.5018023003,0.4545071088,0.3688101726,0.5016352305,0.6455715566,0.4981976997,0.5454928912,0.6311898274,0.4983647695,0.8352281779,0.9500842729,1.0569346851,0.7955386358,0.9705944035
2026-07-28T15:00:00Z,676.82,0.0060348415,0.0060167048,-0.0000445924,0.0060797051,0.0036121475,0.0013378324,-0.0031115654,-0.0024553068,-0.0018476396,-0.0024363937,-0.0010747047,-0.2,-0.2,-0.2666666667,-0.2,-0.1333333333,0.6,0.6,0.6333333333,0.6,0.5666666667,0.4,0.4,0.3666666667,0.4,0.4333333333,-0.1553665241,-0.3050009219,-0.327887256,0.0206954934,-0.2138182069,0.0257068333,-0.4505710927,-0.4025434723,-0.5541178547,-0.1542682846,0.1,0.2,0.0333333333,0,0.05,0.8,0.9,0.9333333333,0.6,0.9666666667,-0.7,-0.7,-0.9,-0.6,-0.9166666667,1.0108145445,1.0248496646,1.0320240241,1.0026299459,1.0475905706,1.0274962324,1.0490824739,1.0705652906,1.0255016105,1.0898318608,0.9868207204,0.9868207204,0.9868207204,0.9868207204,0.9868207204,1.0044768181,1.007727313,1.0168139239,1,1.0274962324,1.0175009604,1.0444726811,1.0469401022,1.0069442392,1.0678614698,0.2,0.1,0.0666666667,0.4,0.0333333333,0.0031874998,-0.00152425,-0.0052332492,0.0022428415,-0.015886782,-0.0217667804,-0.0265644551,-0.0619655454,-0.0120137216,-0.0638080089,0.8594708453,0.7150003455,0.7297762626,0.4588176238,0.7076995646,0.3240101707,0.2116753678,0.1573747354,0.3407181054,0.1279403328,0.0096402952,0.0167435856,0.0187202494,0.0050867738,0.0221240679,-0.4040783472,-0.2377091377,-0.3859633978,-0.396626506,-0.1766079632,0.7020391736,0.6188545689,0.6929816989,0.698313253,0.5883039816,0.2979608264,0.3811454311,0.3070183011,0.301686747,0.4116960184,1.0409765189,0.9458803267,0.9690233633,0.9983463728,0.9781941589,0.1463176834,0.2577563722,0.2714395863,0.1652330714,0.2906689937,0.0379146919,-0.024725087,0.065266973,-0.2035489208,-0.0064451406,0.481042654,0.5123625435,0.4673665135,0.6017744604,0.5032225703,0.518957346,0.4876374565,0.5326334865,0.3982255396,0.4967774297,0.7988394493,0.94529747,1.0192323665,0.8077038229,0.9786171906
2026-07-28T18:00:00Z,676.15,-0.0009899235,-0.0009904138,-0.0001920747,-0.000798002,0.001921116,0.0011526696,-0.0030778091,-0.0027106867,-0.0018445483,-0.0018679287,-0.0011202449,-0.2,-0.3,-0.2666666667,-0.2,-0.1666666667,0.6,0.65,0.6333333333,0.6,0.5833333333,0.4,0.35,0.3666666667,0.4,0.4166666667,-0.1809761893,-0.2872696706,-0.3388852552,-0.1250417847,-0.2128189005,0.1033474671,-0.4092864169,-0.3523844546,-0.3288745005,-0.1432469956,0,0.15,0,0.2,0.0333333333,0.7,0.85,0.9,0.4,0.95,-0.7,-0.7,-0.9,-0.2,-0.9166666667,1.009612512,1.0242028396,1.030890828,1.0020350514,1.0474715916,1.0285143829,1.0501220143,1.0716261185,1.0109886859,1.0909117799,0.9877985654,0.9877985654,0.9877985654,0.9877985654,0.9877985654,1.0009909044,1.0079420247,1.0131627597,1,1.0283073283,1.0178214893,1.0455076536,1.0460252902,1.0054721585,1.0671152851,0.2,0.1,0.0666666667,0.4,0.0333333333,0.0042376288,0.0015486843,-0.0041448778,0.001700806,-0.0144243667,-0.0215613921,-0.0321772612,-0.0607462355,-0.0078794459,-0.0649158473,0.8515084012,0.791006973,0.729198722,0.3129370355,0.7219858692,0.2996730839,0.1957759848,0.1455539873,0.5261479592,0.1183304647,0.0095801913,0.0175745817,0.0186963273,0.0047222265,0.0228322616,-0.4015090272,-0.2996134879,-0.3807243601,-0.3001676914,-0.1793451267,0.7007545136,0.649806744,0.69036218,0.6500838457,0.5896725633,0.2992454864,0.350193256,0.30963782,0.3499161543,0.4103274367,1.2047272814,1.1169898842,1.1503165296,1.1766313104,1.1559469835,0.1852844779,0.3067509046,0.3212167048,0.201810109,0.345116218,-0.1243577703,-0.0154633559,0.0043146293,-0.0315915525,-0.0145056718,0.5621788851,0.5077316779,0.4978426854,0.5157957762,0.5072528359,0.4378211149,0.4922683221,0.5021573146,0.4842042238,0.4927471641,0.8134567328,0.9956502962,1.0298983376,0.9893168003,0.9753827997
2026-07-29T12:00:00Z,668.05,-0.0119795903,-0.0120519239,0.0004436885,-0.0124177692,0.0014930889,0.0031192254,-0.0030317546,-0.0030909791,-0.0019516017,-0.003683856,-0.0011759637,-0.4,-0.4,-0.2666666667,-0.2,-0.2,0.7,0.7,0.6333333333,0.6,0.6,0.3,0.3,0.3666666667,0.4,0.4,-0.0929886044,-0.2393793373,-0.3113712966,0.0422106788,-0.2225402839,0.358874436,-0.2928575409,-0.2324861836,0.5178359071,-0.1349016374,0.3,0.1,0.0333333333,0,0.0166666667,0.9,0.95,0.9666666667,0.8,0.9833333333,-0.6,-0.85,-0.9333333333,-0.8,-0.9666666667,1.0177554075,1.0342335903,1.0410001746,1.0106518973,1.058613502,1.0389641494,1.0628545768,1.0756230821,1.023246763,1.1041389118,0.9968415538,0.9968415538,0.9968415538,0.9968415538,0.9968415538,1.012124841,1.0176633486,1.0209565152,1.0070503705,1.0394431555,1.0254471971,1.0581842676,1.0586632737,1.0131277599,1.0797395405,0.1,0.05,0.0333333333,0.2,0.0166666667,-0.004112512,-0.0048692891,-0.0127019499,-0.0032841853,-0.0239225738,-0.0393713242,-0.0455746839,-0.0669041134,-0.0173567699,-0.0855144281,0.8579906116,0.854971714,0.7346363549,0.5632939706,0.7232935872,0.0749822317,0.047845805,0.0400912027,0.1196145125,0.0294363839,0.0094011233,0.01927596,0.0197080749,0.0069414483,0.0239462161,-0.6705853539,-0.3899278817,-0.4024195581,-0.4851973684,-0.2380716463,0.835292677,0.6949639408,0.701209779,0.7425986842,0.6190358232,0.164707323,0.3050360592,0.298790221,0.2574013158,0.3809641768,1.3439800254,1.278287949,1.3239879343,1.3444255918,1.3175645818,0.241732154,0.3578357767,0.3705499365,0.2467245418,0.3945085121,-0.1529026506,-0.0231910017,-0.0022123667,-0.0400466482,-0.0436138937,0.5764513253,0.5115955008,0.5011061833,0.5200233241,0.5218069468,0.4235486747,0.4884044992,0.4988938167,0.4799766759,0.4781930532,0.7973711252,0.9291082184,1.0054567211,0.7600451423,0.977326735
2026-07-29T15:00:00Z,670.73,0.0040116758,0.0040036505,0.0000074845,0.0040041613,0.0011226621,0.0070128956,-0.0029424747,-0.00339635,-0.001958159,-0.0019128412,-0.0011883031,-0.2,-0.3,-0.2666666667,-0.2,-0.2,0.6,0.65,0.6333333333,0.6,0.6,0.4,0.35,0.3666666667,0.4,0.4,0.0858364357,-0.2043026641,-0.3022523256,-0.0421451359,-0.1993841854,0.2583425706,-0.2930262932,-0.2389428038,0.3714572451,-0.1488774731,0.2,0.05,0,0.2,0,0.9,0.95,0.9666666667,0.8,0.9833333333,-0.7,-0.9,-0.9666666667,-0.6,-0.9833333333,1.0110841919,1.0282404992,1.0345332697,1.0032382628,1.0527681283,1.0348128159,1.0586077855,1.0713252725,1.0127025778,1.0997271629,0.9890268812,0.9890268812,0.9890268812,0.9890268812,0.9890268812,1.0030265532,1.0090796595,1.01608695,1,1.0315328075,1.0168771339,1.0539561373,1.0539561373,1.0080807478,1.0738896426,0.2,0.1,0.0666666667,0.4,0.0333333333,0.0021569443,0.0040248258,-0.006139964,0.0005874197,-0.0177131857,-0.0253850625,-0.0358780491,-0.0647414803,-0.0165970237,-0.0883662138,0.8467265368,0.9402640792,0.736046432,0.3038192406,0.7234905784,0.2396613481,0.1577030212,0.1333333333,0.4634760705,0.0991245791,0.0091847667,0.0201968361,0.0197553429,0.0049077936,0.024194191,-0.4815325248,-0.3111055715,-0.3853112033,-0.4564516129,-0.2501972254,0.7407662624,0.6555527857,0.6926556017,0.7282258065,0.6250986127,0.2592337376,0.3444472143,0.3073443983,0.2717741935,0.3749013873,1.0297630408,0.9982676911,1.033906097,1.013918857,1.0277966482,0.1817856682,0.2796796668,0.2897228913,0.1809649964,0.3081411181,-0.0885432555,-0.0034548832,-0.0039735009,-0.2074221819,-0.0087538015,0.5442716278,0.5017274416,0.5019867504,0.603711091,0.5043769008,0.4557283722,0.4982725584,0.4980132496,0.396288909,0.4956230992,0.8525784956,0.9491982104,0.9867638278,0.7535981798,0.9882870009
2026-07-29T18:00:00Z,660.85,-0.0147302193,-0.0148397863,0.0007901838,-0.0155081489,0.0130202902,0.0032625212,-0.0033562836,-0.0036580651,-0.0020622933,-0.0056533253,-0.0012434935,-0.4,-0.4,-0.3333333333,-0.2,-0.2,0.7,0.7,0.6666666667,0.6,0.6,0.3,0.3,0.3333333333,0.4,0.4,-0.2679223872,-0.2545018733,-0.374049902,-0.5113213622,-0.2559945155,-0.3443468823,-0.4086636281,-0.3226488085,-0.6623973623,-0.2817124484,0.1,0,0,0.8,0.0166666667,0.9,0.95,0.9666666667,0.8,0.9833333333,-0.8,-0.95,-0.9666666667,0,-0.9666666667,1.0219913747,1.0401274873,1.0471360117,1.01463267,1.066629341,1.0502837255,1.0744344405,1.0797457819,1.0289778316,1.1073919952,0.9966860861,0.9966860861,0.9966860861,0.9966860861,0.9966860861,1.0149504426,1.0231520012,1.0287508512,1.0108950594,1.0456987213,1.0312778997,1.0678217447,1.0692290232,1.0231520012,1.089324355,0.1,0.05,0.0333333333,0.2,0.0166666667,-0.0068880987,-0.0053758687,-0.017232759,-0.0033260195,-0.0299462813,-0.0403897396,-0.0651700334,-0.0791215529,-0.0177031928,-0.1012756351,0.8254546984,0.948491999,0.7338978764,0.8160448267,0.7188267982,0.0618294749,0.0426235889,0.0398979778,0.1026241799,0.0299343904,0.010610577,0.021658602,0.0208363592,0.0088503809,0.0253998825,-0.6087099245,-0.5840517241,-0.437071819,-0.4690823159,-0.2765214808,0.8043549622,0.7920258621,0.7185359095,0.7345411579,0.6382607404,0.1956450378,0.2079741379,0.2814640905,0.2654588421,0.3617392596,0.5682214119,0.5320867058,0.5401699922,0.5762416681,0.5200997392,0.1700556422,0.1743266712,0.1659066242,0.2173297986,0.1642865432,0.3312899754,0.1985915687,0.1498878665,0.3845035186,0.034586973,0.3343550123,0.4007042157,0.4250560668,0.3077482407,0.4827065135,0.6656449877,0.5992957843,0.5749439332,0.6922517593,0.5172934865,0.9683800134,1.1119853415,1.0169317057,1.0052594919,1.0054349479
2026-07-30T12:00:00Z,679.51,0.0282363623,0.027845065,0.0164787773,0.0115669753,0.0061928722,0.0009229762,-0.0019844068,-0.0032076243,-0.0019300877,-0.0000706391,-0.0012133422,-0.2,-0.4,-0.2666666667,-0.2,-0.1666666667,0.6,0.7,0.6333333333,0.6,0.5833333333,0.4,0.3,0.3666666667,0.4,0.4166666667,-0.2403940761,-0.2265954842,-0.3358260752,-0.3938396859,-0.2764450428,-0.2887332348,-0.3653939248,-0.3250465442,-0.1089474139,-0.3152123109,0,0,0,0.8,0,0.8,0.9,0.9333333333,0.6,0.9666666667,-0.8,-0.9,-0.9333333333,0.2,-0.9666666667,0.9931112125,1.0093549028,1.0168295291,0.9875616253,1.036153748,1.0214419214,1.0448632103,1.0477991494,1.0061220585,1.0769819429,0.9693161249,0.9693161249,0.9693161249,0.9693161249,0.9693161249,0.9870789245,0.9950552604,1,0.983134906,1.0134729437,1.0005003606,1.0234286471,1.0384983297,0.9950552604,1.0593295169,0.7,0.35,0.2333333333,1,0.1166666667,0.015818618,0.021117528,0.0111567428,0.012579653,-0.0003601518,-0.0080870009,-0.0423231953,-0.0444644439,0.0039744688,-0.0663763018,0.3639199999,0.8721439066,0.7100018934,0.0001093375,0.7202328269,0.58865048,0.4061556443,0.3909619351,0.8336665334,0.2849917988,0.0094483226,0.0198054741,0.0198260646,0.0095537928,0.0247598017,-0.0912084294,-0.3163716814,-0.2225663405,0.0672668167,-0.1722465861,0.5456042147,0.6581858407,0.6112831703,0.4663665916,0.586123293,0.4543957853,0.3418141593,0.3887168297,0.5336334084,0.413876707,0.6251131369,0.5876358846,0.5847760234,0.6908061234,0.5528974556,0.2148848039,0.20146201,0.1877557484,0.2741301104,0.1812417406,0.2059300925,0.1863063468,0.131092147,0.5283521985,0.0677048618,0.3970349538,0.4068468266,0.4344539265,0.2358239007,0.4661475691,0.6029650462,0.5931531734,0.5655460735,0.7641760993,0.5338524309,1.1959720715,1.360793978,1.2684244195,1.0167115413,1.1941746058
2026-07-30T15:00:00Z,682.24,0.0040176009,0.0040095519,0.0000735824,0.0039437283,0.0009859321,0.0025899111,-0.0007301261,-0.0027448337,-0.0018464482,0.0054467636,-0.0012035623,0,-0.3,-0.2,0.2,-0.1333333333,0.5,0.65,0.6,0.4,0.5666666667,0.5,0.35,0.4,0.6,0.4333333333,-0.3227109136,-0.3187693827,-0.3425069372,-0.3920878102,-0.2852809398,-0.2545823483,-0.5911789683,-0.3223313327,-0.1187937862,-0.3147322637,0.8,0.05,0.2666666667,0.6,0.0166666667,0.7,0.85,0.9,0.4,0.95,0.1,-0.8,-0.6333333333,0.2,-0.9333333333,0.9892427885,1.0033848059,1.011570464,0.9853951689,1.0309096994,1.0020960366,1.0401325047,1.0407481238,1.0020960366,1.0711772983,0.9654373827,0.9654373827,0.9654373827,0.9654373827,0.9654373827,0.9831291041,0.9910735225,0.9959984756,0.9792008677,1.0087359287,0.996496834,1.014129925,1.0338737101,0.9959984756,1.0547168152,1,0.55,0.3666666667,1,0.1833333333,0.0140427789,0.0226911141,0.0152030345,0.0037113039,0.0045953894,0.001056462,-0.0371865254,-0.0344749505,0.0090068772,-0.0618003795,0.048473903,0.7560482411,0.6785919637,0.4566132231,0.718204692,0.9428228709,0.4627158556,0.4589334371,0.9428228709,0.3268644303,0.0095251284,0.0182027543,0.019400905,0.0113993288,0.0245948834,0.012012012,-0.2724922441,-0.1736650745,0.1448275862,-0.1590458664,0.493993994,0.636246122,0.5868325372,0.4275862069,0.5795229332,0.506006006,0.363753878,0.4131674628,0.5724137931,0.4204770668,1.1488469504,1.0344856101,1.0659237277,1.2855111441,1.0080897228,0.3856419393,0.3366195829,0.3414461589,0.4795274956,0.3296734919,0.0344611447,-0.1203789535,0.004724594,0.0642465179,0.0063705009,0.4827694276,0.5601894768,0.497637703,0.467876741,0.4968147496,0.5172305724,0.4398105232,0.502362297,0.532123259,0.5031852504,1.2039318804,1.3429735157,1.2816341496,0.9541687595,1.1814554178
2026-07-30T18:00:00Z,685.92,0.0053939962,0.0053795008,0.0003957552,0.0049962638,0.0010109742,0.0014432023,0.0006310481,-0.0021785405,-0.001723186,0.0075475274,-0.0011860225,0.2,-0.2,-0.1333333333,0.6,-0.1,0.4,0.6,0.5666666667,0.2,0.55,0.6,0.4,0.4333333333,0.8,0.45,-0.2767743156,-0.3083848505,-0.307030789,-0.552514819,-0.260926211,-0.0087236593,-0.4742145032,-0.3659136596,-0.2286465655,-0.3646941107,0.9,0,0.2333333333,0.8,0,0.6,0.8,0.8666666667,0.2,0.9333333333,0.3,-0.8,-0.6333333333,0.6,-0.9333333333,0.9848203872,0.9964452852,1.0051991,0.9853189876,1.0244377381,1.0010059482,1.0345521344,1.0351644507,1.0010059482,1.0654303709,0.960257756,0.960257756,0.960257756,0.960257756,0.960257756,0.9778545603,0.9857563564,0.9906548869,0.9778545603,1,0.9943579426,1.0074790063,1.0204542804,0.9946349429,1.0486864357,1,0.65,0.4333333333,1,0.2166666667,0.0123398965,0.0242508497,0.019787097,-0.0004140425,0.0105499247,0.0089284401,-0.0301864917,-0.0275466081,0.0267494948,-0.0534464914,0.0299824039,0.5829319301,0.6242958971,0.6587569529,0.7124156837,0.975313059,0.5349293564,0.5305566368,0.975313059,0.3778763515,0.0104678185,0.0164532821,0.0188767029,0.0131509489,0.0243347272,0.0979822437,-0.2155259439,-0.1361597758,0.4748870582,-0.1365126361,0.4510088781,0.6077629719,0.5680798879,0.2625564709,0.5682563181,0.5489911219,0.3922370281,0.4319201121,0.7374435291,0.4317436819,0.8038881867,0.7108470378,0.7062729231,0.9472516003,0.6644999362,0.2496049099,0.2213994695,0.2295699513,0.2623079217,0.2187879103,0.2054184798,0.1757016585,0.0263326719,0.2994783094,0.0088745098,0.3972907601,0.4121491708,0.486833664,0.3502608453,0.4955627451,0.6027092399,0.5878508292,0.513166336,0.6497391547,0.5044372549,1.1220416676,1.2775179578,1.2449108883,0.9661431868,1.171783346
2026-07-31T12:00:00Z,685.68,-0.000349895,-0.0003499563,0.0055983205,-0.0059151009,0.0085609487,0.0079375435,0.0020765053,-0.0015864116,-0.0017101784,0.0081772839,-0.0011847128,0,-0.2,-0.1333333333,0.2,-0.1,0.5,0.6,0.5666666667,0.4,0.55,0.5,0.4,0.4333333333,0.6,0.45,-0.2989915881,-0.3082131397,-0.2843322928,-0.483014309,-0.2654468368,0.0677799386,-0.3180493492,-0.4078751785,-0.5659201549,-0.3988221273,0.9,0,0.2,0.8,0.2666666667,0.5,0.75,0.8333333333,0,0.9166666667,0.4,-0.75,-0.6333333333,0.8,-0.65,0.9856944931,0.9952218965,1.0051270272,0.9900245012,1.0239663546,1.0145621864,1.0320557695,1.0355267763,1.0145621864,1.0593717186,0.960593863,0.960593863,0.960593863,0.960593863,0.960593863,0.9781968265,0.9861013884,0.9910016334,0.9910016334,1,0.9949830825,1.0043533427,1.0208114572,1,1.0469752654,0.9,0.65,0.4333333333,0.8,0.2166666667,0.0049612329,0.0198490133,0.0196705601,-0.006379069,0.0109826717,0.0053221905,-0.0304847011,-0.0125576037,0.0222891476,-0.0474351405,0.2909228899,0.4005492524,0.6159695405,0.726798047,0.7113765767,0.7301715984,0.5514285714,0.5258855586,0.7301715984,0.3989369556,0.0110578598,0.0144538561,0.0188604057,0.0135649187,0.0243256013,0.060510085,-0.2171854538,-0.066065611,0.4248366013,-0.1223287058,0.4697449575,0.6085927269,0.5330328055,0.2875816993,0.5611643529,0.5302550425,0.3914072731,0.4669671945,0.7124183007,0.4388356471,0.9111734181,0.8184829265,0.7778111924,1.1136433355,0.7399155716,0.2782998725,0.2364895661,0.2451476864,0.2385661344,0.2441977024,0.0694554546,0.141178766,-0.0358134708,0.1628468329,0.0050591817,0.4652722727,0.429410617,0.5179067354,0.4185765836,0.4974704091,0.5347277273,0.570589383,0.4820932646,0.5814234164,0.5025295909,1.1678672048,1.2725645623,1.3278388076,1.0335688647,1.1993541397
2026-07-31T15:00:00Z,688.57,0.0042147941,0.0042059367,0.0000656283,0.0041488935,0.0025520435,0.0069196835,0.0027725444,-0.0009183083,-0.001613967,0.0031311268,-0.0011981339,0.2,-0.1,-0.1333333333,0.6,-0.0666666667,0.4,0.55,0.5666666667,0.2,0.5333333333,0.6,0.45,0.4333333333,0.8,0.4666666667,-0.3034757373,-0.3273859747,-0.2818097836,0.1297571084,-0.2646968961,-0.0211608381,-0.1320206189,-0.4353975896,-0.525709297,-0.4135688091,0.8,0,0.1666666667,0.6,0.25,0.4,0.7,0.8,0,0.9,0.4,-0.7,-0.6333333333,0.6,-0.65,0.9838534935,0.9898031427,1.0004194684,0.9939207343,1.019204656,1.0103039633,1.0146390345,1.0311805626,1.0103039633,1.0549254252,0.9565621505,0.9565621505,0.9565621505,0.9746576238,0.9565621505,0.9740912326,0.9819626182,0.9868422964,0.9908070349,0.9958028959,0.9958028959,1,1.0165270052,0.9961514443,1.0425810012,1,0.8,0.5333333333,1,0.2666666667,0.0036700567,0.0189207861,0.0229830531,-0.0001829879,0.0161402927,0.0235002081,-0.0242322899,-0.0144560379,0.0419459787,-0.0270862181,0.42863848,0.1838091215,0.5636697512,0.9312667438,0.7273856881,0.8082691528,0.7479369842,0.5821331257,0.7109390915,0.4416063783,0.0121635378,0.0123509626,0.0186067922,0.0045885832,0.0243289443,0.2950177272,-0.1699970176,-0.0773294541,0.9829787234,-0.0710184122,0.3524911364,0.5849985088,0.538664727,0.0085106383,0.5355092061,0.6475088636,0.4150014912,0.461335273,0.9914893617,0.4644907939,1.2640825641,1.1800275357,1.0946537595,1.3870110946,1.0419335858,0.4052497337,0.3191763382,0.3464132117,0.3361533806,0.339959208,-0.0820227997,0.0550248792,-0.0363739157,-0.4753082411,-0.0375840914,0.5410113998,0.4724875604,0.5181869578,0.7376541206,0.5187920457,0.4589886002,0.5275124396,0.4818130422,0.2623458794,0.4812079543,1.312298359,1.2471100892,1.3529945786,1.3971244922,1.2153872993
2026-07-31T18:00:00Z,686.13,-0.0035435758,-0.0035498692,-0.0002178428,-0.0033264577,0.0035152959,0,0.0034108741,-0.0005884426,-0.0015807234,0.0015201201,-0.0012132982,0,-0.1,-0.1333333333,0.2,-0.1,0.5,0.55,0.5666666667,0.4,0.55,0.5,0.45,0.4333333333,0.6,0.45,-0.2935556211,-0.2481145782,-0.2907046912,-0.0766016099,-0.2726043507,-0.0566016293,-0.1026432057,-0.4470872489,-0.0064208881,-0.4523044623,0.7,0.85,0.1333333333,0.4,0.2333333333,0.3,0.65,0.7666666667,0,0.8833333333,0.4,0.2,-0.6333333333,0.4,-0.65,0.9887091368,0.9929040415,1.0035321295,0.9993849562,1.0221878507,1.0138967834,1.0138967834,1.0348476236,1.0138967834,1.0586769271,0.9599638552,0.9599638552,0.9599638552,0.9878594435,0.9599638552,0.9775552738,0.9854546515,0.9903516826,0.9993441476,0.9993441476,0.9996939356,1.003016921,1.0201419556,1,1.0462886042,0.9,0.75,0.5,0.8,0.25,-0.0040580701,0.0126861632,0.0193883601,-0.0024251964,0.0136044453,0.0137555037,-0.0083106897,-0.0131743589,0.0097423143,-0.0370510715,0.5885647662,0.0797592923,0.5408956172,0.5321668066,0.7354630581,0.7423321173,0.7423321173,0.5346438303,0.4662748391,0.4055809833,0.0127701362,0.0120145991,0.018603231,0.0029469245,0.0245012031,0.1791418126,-0.0644329897,-0.0706408576,0.5525876461,-0.0986620824,0.4104290937,0.5322164948,0.5353204288,0.223706177,0.5493310412,0.5895709063,0.4677835052,0.4646795712,0.776293823,0.4506689588,1.1628818685,1.0881450522,1.0015142799,1.1255936079,0.9453872567,0.3707103375,0.2905918712,0.3174992482,0.2127173163,0.2984893794,0.0079275832,0.0190558178,-0.0115926157,-0.3891131962,-0.0457311615,0.4960362084,0.4904720911,0.5057963079,0.6945565981,0.5228655807,0.5039637916,0.5095279089,0.4942036921,0.3054434019,0.4771344193,1.349745876,1.3379995155,1.366449163,0.5994284473,1.2372645154
