date,Close,Return,LogReturn,Gap,Body,UpperShadow,LowerShadow,BETA10,BETA20,BETA30,BETA5,BETA60,CNTD10,CNTD20,CNTD30,CNTD5,CNTD60,CNTN10,CNTN20,CNTN30,CNTN5,CNTN60,CNTP10,CNTP20,CNTP30,CNTP5,CNTP60,CORD10,CORD20,CORD30,CORD5,CORD60,CORR10,CORR20,CORR30,CORR5,CORR60,IMAX10,IMAX20,IMAX30,IMAX5,IMAX60,IMIN10,IMIN20,IMIN30,IMIN5,IMIN60,IMXD10,IMXD20,IMXD30,IMXD5,IMXD60,MA10,MA20,MA30,MA5,MA60,MAX10,MAX20,MAX30,MAX5,MAX60,MIN10,MIN20,MIN30,MIN5,MIN60,QTLD10,QTLD20,QTLD30,QTLD5,QTLD60,QTLU10,QTLU20,QTLU30,QTLU5,QTLU60,RANK10,RANK20,RANK30,RANK5,RANK60,RESI10,RESI20,RESI30,RESI5,RESI60,ROC10,ROC20,ROC30,ROC5,ROC60,RSQR10,RSQR20,RSQR30,RSQR5,RSQR60,RSV10,RSV20,RSV30,RSV5,RSV60,STD10,STD20,STD30,STD5,STD60,SUMD10,SUMD20,SUMD30,SUMD5,SUMD60,SUMN10,SUMN20,SUMN30,SUMN5,SUMN60,SUMP10,SUMP20,SUMP30,SUMP5,SUMP60,VMA10,VMA20,VMA30,VMA5,VMA60,VSTD10,VSTD20,VSTD30,VSTD5,VSTD60,VSUMD10,VSUMD20,VSUMD30,VSUMD5,VSUMD60,VSUMN10,VSUMN20,VSUMN30,VSUMN5,VSUMN60,VSUMP10,VSUMP20,VSUMP30,VSUMP5,VSUMP60,WVMA10,WVMA20,WVMA30,WVMA5,WVMA60
2026-07-06T12:00:00Z,593.345,0.0484979678,0.0473586332,0.0370030041,0.0110847931,0.00771079,0.0096874787,-0.0138507491,-0.0033921674,-0.0028161674,-0.0044914847,0.0012036368,0,0.1,0.0666666667,-0.2,0.0333333333,0.5,0.45,0.4666666667,0.6,0.4833333333,0.5,0.55,0.5333333333,0.4,0.5166666667,-0.3380630232,0.0180541085,-0.0355156344,-0.5708382079,-0.33917525,-0.7189644369,-0.5074494447,-0.3419751845,-0.7446767346,-0.6273465481,0.2,0.6,0.0666666667,0.2,0.5333333333,0.8,0.9,0.9333333333,0.6,0.15,-0.6,-0.3,-0.8666666667,-0.4,0.3833333333,1.0140483193,1.0213176988,1.0319044288,0.9765566407,1.0093918097,1.086888741,1.086888741,1.1053434343,1.030850517,1.1053434343,0.9353917198,0.9353917198,0.9353917198,0.9353917198,0.8798422503,0.980643639,1,1.0036993655,0.9537452915,0.9671439045,1.0667486875,1.0580353757,1.0761024362,1,1.0569398916,0.4,0.25,0.2,0.8,0.3666666667,0.0482800517,0.0109078915,0.0089299984,0.0324263287,-0.0448990941,-0.0333724321,0.0027970728,-0.0690144823,-0.0142297021,-0.0019428091,0.7368970822,0.2691182383,0.3578407448,0.0572878814,0.1791469709,0.4264656803,0.4264656803,0.3801566839,0.6768185028,0.5328475336,0.0463443524,0.0377052248,0.0407476713,0.0265383271,0.0492482733,-0.1418088678,0.0059574162,-0.1189796719,-0.1064041245,-0.001523797,0.5709044339,0.4970212919,0.5594898359,0.5532020622,0.5007618985,0.4290955661,0.5029787081,0.4405101641,0.4467979378,0.4992381015,1.499184628,1.4340317721,1.2892955214,1.9851884626,1.533198667,0.7571755681,0.6356027246,0.5903198819,0.8045333,1.0066054021,-0.0778888355,0.0455138596,0.0202868322,0.0116426473,-0.0262645074,0.5389444178,0.4772430702,0.4898565839,0.4941786763,0.5131322537,0.4610555822,0.5227569298,0.5101434161,0.5058213237,0.4868677463,0.7846004946,0.8635680906,1.1205641444,0.5126961673,1.1648870012
2026-07-06T15:00:00Z,582.21,-0.0187664849,-0.01894481,-0.0016095189,-0.017184625,0.0042539543,0.0019412887,-0.0123592289,-0.0033046947,-0.0028830692,0.0062975559,0.0012033168,-0.2,0,0,-0.2,0,0.6,0.5,0.5,0.6,0.5,0.4,0.5,0.5,0.4,0.5,-0.1791433704,-0.3650041824,-0.0238214692,-0.5268789141,-0.3183493119,-0.5122905241,-0.433142089,-0.2593487021,-0.709257365,-0.6127076966,0.1,0.55,0.0333333333,0,0.5166666667,0.7,0.85,0.9,0.4,0.1333333333,-0.6,-0.3,-0.8666666667,-0.4,0.3833333333,1.0247273321,1.0364778173,1.0483714353,0.989572491,1.0279854634,1.1076759245,1.1076759245,1.1264835712,1.050565947,1.1264835712,0.953281462,0.953281462,0.953281462,0.953281462,0.8966695866,0.9993988423,1.0126243108,1.0191254015,0.9719860531,0.9856409199,1.0406726095,1.0689957232,1.0874598513,1,1.0771542914,0.4,0.2,0.1333333333,0.8,0.3,0.0308891981,-0.0050832174,-0.0065669317,-0.0021676028,-0.0634833093,-0.08016431,-0.0804258209,-0.0893007977,-0.0275267668,-0.0409349982,0.6370497925,0.2535281436,0.3597677438,0.1634691653,0.1717155669,0.302592057,0.302592057,0.2697342324,0.4802259887,0.4496263079,0.0444766083,0.0378454857,0.0416038172,0.0220276975,0.0502892836,-0.3718033267,-0.2057373737,-0.1506928864,-0.1864042529,-0.0328464741,0.6859016634,0.6028686869,0.5753464432,0.5932021265,0.5164232371,0.3140983366,0.3971313131,0.4246535568,0.4067978735,0.4835767629,2.0199974245,1.9021755927,1.7483790964,2.4832949391,2.0840108362,1.0432835153,0.8877260221,0.8042578508,1.2824163399,1.3659213537,-0.0198634736,-0.0561853238,-0.0036431142,-0.1721490949,0.0015182707,0.5099317368,0.5280926619,0.5018215571,0.5860745475,0.4992408647,0.4900682632,0.4719073381,0.4981784429,0.4139254525,0.5007591353,0.8342300152,0.8464956129,1.096507291,0.4658233761,1.1651139694
2026-07-06T18:00:00Z,581.06,-0.0019752323,-0.0019771856,0.0000171759,-0.001992374,0.0104771392,0.0004809179,-0.0089757069,-0.0035164862,-0.0028803904,0.0109575603,0.0011518665,-0.4,0,0,-0.2,0,0.7,0.5,0.5,0.6,0.5,0.3,0.5,0.5,0.4,0.5,-0.0844393744,-0.2742652664,-0.0211500656,-0.3145404504,-0.304783953,-0.5071966703,-0.5439053077,-0.310700379,-0.6728318548,-0.6182721978,0,0.5,0,0.4,0.5,0.6,0.8,0.8666666667,0.2,0.1166666667,-0.6,-0.3,-0.8666666667,0.2,0.3833333333,1.016778818,1.035509672,1.0471511835,0.9912556363,1.0295650765,1.109868172,1.109868172,1.1287130417,1.0289298868,1.1287130417,0.955168141,0.955168141,0.955168141,0.955168141,0.8984442226,1,1.0019791416,1.0182941521,0.9739097511,0.9875916429,1.0358826971,1.0711114171,1.0893023096,1.0019791416,1.0792861322,0.3,0.15,0.1,0.6,0.2833333333,0.023611863,-0.002103053,-0.0053855227,-0.0131707569,-0.0635451386,-0.0907156159,-0.0569504179,-0.0899608457,-0.0013749012,-0.0265697246,0.4664173632,0.2779659582,0.3585364165,0.4981841987,0.1558229152,0.2897986428,0.2897986428,0.2583300278,0.6077928138,0.4410313901,0.037749246,0.0384599696,0.0416364737,0.0219550229,0.0505343624,-0.4407024479,-0.1514654465,-0.1514767932,-0.0109995875,-0.0212156884,0.720351224,0.5757327233,0.5757383966,0.5054997938,0.5106078442,0.279648776,0.4242672767,0.4242616034,0.4945002062,0.4893921558,0.7190531787,0.622704269,0.5901832568,0.8491714372,0.6954761725,0.348921364,0.2876560702,0.2753082973,0.428480717,0.4497533451,0.1654447325,-0.0112939206,0.0556985394,0.0630471787,0.0282051282,0.4172776337,0.5056469603,0.4721507303,0.4684764107,0.4858974359,0.5827223663,0.4943530397,0.5278492697,0.5315235893,0.5141025641,0.8632224779,0.9099971782,1.0898905132,0.7273487019,1.1745130587
2026-07-07T12:00:00Z,542.75,-0.0659312291,-0.068205213,-0.0423364196,-0.0246378895,0.0012220106,0.011528232,-0.0084154488,-0.004557236,-0.0033325139,-0.0107941041,0.0009896252,-0.6,-0.1,-0.0666666667,-0.2,0,0.8,0.55,0.5333333333,0.6,0.5,0.2,0.45,0.4666666667,0.4,0.5,0.0249571559,-0.1239851611,0.0398679731,-0.0899445826,-0.2377991222,-0.592431934,-0.5167763296,-0.309271829,-0.4533642483,-0.6093001949,0,0.45,0.0333333333,0.2,0.4833333333,0.9,0.95,0.9666666667,0.8,0.1,-0.9,-0.5,-0.9333333333,-0.6,0.3833333333,1.0706577614,1.1007678489,1.1144563181,1.0558323353,1.1012797482,1.1485951175,1.188208199,1.2076646707,1.1015568862,1.2083832335,0.988180562,0.988180562,0.988180562,0.988180562,0.9618608936,1.0426531552,1.072058959,1.0862459696,1.0426531552,1.050723169,1.1030677107,1.13096269,1.1566651313,1.0727038231,1.1554675265,0.1,0.05,0.0333333333,0.2,0.05,-0.0327882417,-0.0574741067,-0.0661348667,-0.0342441271,-0.1304736907,-0.1517543174,-0.1354455382,-0.1654429572,-0.0262478022,-0.0543107053,0.4561449776,0.3275546526,0.3725398982,0.22444941,0.0957765191,0.0736805835,0.059089025,0.0538509969,0.104249614,0.1547085202,0.0357892674,0.0459150921,0.0472579409,0.0322212486,0.0553785408,-0.5744542389,-0.3291271531,-0.2652311636,-0.1690157116,-0.0408588619,0.7872271194,0.6645635765,0.6326155818,0.5845078558,0.520429431,0.2127728806,0.3354364235,0.3673844182,0.4154921442,0.479570569,0.9515315545,0.8292687298,0.7793763619,1.0512539185,0.8889370854,0.4472289923,0.3661014098,0.353423277,0.5498770002,0.5750131465,0.0541613318,0.0778456673,0.051124711,-0.0648262846,-0.0195835016,0.4729193341,0.4610771664,0.4744376445,0.5324131423,0.5097917508,0.5270806659,0.5389228336,0.5255623555,0.4675868577,0.4902082492,0.8021874558,0.9884135986,1.0913650501,0.8292147399,1.1783969712
2026-07-07T15:00:00Z,553.64,0.0200644864,0.0198658473,-0.0010778443,0.0211651435,0.0045373641,0.0058377062,-0.0079701173,-0.0048866001,-0.0032973222,-0.0214706307,0.0007174285,-0.4,0,-0.0666666667,-0.2,0.0333333333,0.7,0.5,0.5333333333,0.6,0.4833333333,0.3,0.5,0.4666666667,0.4,0.5166666667,-0.12999866,-0.1427788077,0.0225805314,-0.1934860709,-0.2403008873,-0.4592183961,-0.4892196272,-0.3322893938,-0.4380000021,-0.5885908308,0,0.4,0,0,0.4666666667,0.8,0.9,0.9333333333,0.6,0.0833333333,-0.8,-0.5,-0.9333333333,-0.6,0.3833333333,1.0401605737,1.0729079366,1.0867118826,1.030635431,1.0794925403,1.1051405245,1.1648363558,1.1839101221,1.0798894589,1.184614551,0.9687432266,0.9687432266,0.9687432266,0.9687432266,0.9429412615,1.0067552922,1.0495267683,1.0516039304,1,1.0300556318,1.0717162777,1.1063777906,1.124160104,1.0516039304,1.1327396864,0.2,0.1,0.0666666667,0.4,0.1166666667,-0.0042950457,-0.0264852354,-0.0389007103,0.0123058305,-0.1006566823,-0.0862367757,-0.1104469938,-0.1487176333,-0.0216646051,-0.0074578702,0.4413503804,0.3610516482,0.3748693727,0.7743344511,0.0520405259,0.2291597696,0.1593975959,0.1452675761,0.2812220687,0.2360986547,0.0344587831,0.0468940736,0.0466133841,0.0345060708,0.0544638217,-0.3579747876,-0.2605366889,-0.2321985884,-0.1378612392,-0.0054907344,0.6789873938,0.6302683445,0.6160992942,0.5689306196,0.5027453672,0.3210126062,0.3697316555,0.3839007058,0.4310693804,0.4972546328,1.1915609198,1.0187989518,0.9507703097,0.9999630901,1.0601083921,0.5201193088,0.4417130725,0.4294013087,0.3722474496,0.6832950367,0.0675683493,0.0277100864,0.0089495647,-0.3972940458,-0.0379488107,0.4662158253,0.4861449568,0.4955252176,0.6986470229,0.5189744053,0.5337841747,0.5138550432,0.5044747824,0.3013529771,0.4810255947,0.8467482826,0.9463062028,1.0435710585,0.9331922863,1.1956171422
2026-07-07T18:00:00Z,552.3,-0.0024203454,-0.0024232791,0.0014449823,-0.0038597504,0.0002344708,0.0187396292,-0.0071750092,-0.0059235746,-0.0032186708,-0.0157957632,0.0003897498,-0.4,0,-0.1333333333,-0.6,0.0333333333,0.7,0.5,0.5666666667,0.8,0.4833333333,0.3,0.5,0.4333333333,0.2,0.5166666667,-0.1095989169,-0.155102814,0.0305014957,0.3289974905,-0.2311803323,-0.4145198889,-0.5437778089,-0.3966760198,-0.406604702,-0.566246973,0.1,0.35,0.5666666667,0,0.45,0.7,0.85,0.9,0.4,0.0666666667,-0.6,-0.5,-0.3333333333,-0.4,0.3833333333,1.0337017925,1.0715657251,1.0831652484,1.0182726779,1.0826587302,1.1074597139,1.1676625023,1.1676625023,1.0771500996,1.1874886837,0.9710936085,0.9710936085,0.9710936085,0.9710936085,0.9452290422,1.0024262176,1.0246242984,1.0535216368,1,1.032554771,1.0541553504,1.1090621039,1.1156074597,1.0520731487,1.1354879594,0.2,0.1,0.0666666667,0.4,0.0833333333,-0.0014142511,-0.0152917669,-0.0364945224,0.0133188485,-0.0941563497,-0.0824209599,-0.0731355306,-0.1564719359,-0.0691756061,0.0339405058,0.3960178525,0.4706920258,0.3690410747,0.5829803885,0.0158597136,0.2119763659,0.1470547598,0.1470547598,0.2725565514,0.226083707,0.0327485484,0.0497864618,0.0458594058,0.0292569223,0.0535967611,-0.3461484789,-0.1825875649,-0.2477689908,-0.6533227218,0.0246549262,0.6730742395,0.5912937825,0.6238844954,0.8266613609,0.4876725369,0.3269257605,0.4087062175,0.3761155046,0.1733386391,0.5123274631,0.7441054326,0.6109724927,0.5631191531,0.6920756566,0.5931872559,0.2926385289,0.2661206944,0.2579285079,0.2485128271,0.3621377833,0.1821211682,0.110945968,0.0755632514,0.4100494286,-0.0450265012,0.4089394159,0.444527016,0.4622183743,0.2949752857,0.5225132506,0.5910605841,0.555472984,0.5377816257,0.7050247143,0.4774867494,0.8474635959,1.02130554,1.0458439575,1.2359376126,1.1389310638
2026-07-08T12:00:00Z,555.05,0.004979178,0.0049668229,-0.0177801919,0.0231713612,0.0142678071,0.0000737354,-0.0053621705,-0.0067138976,-0.0035723505,-0.0076515629,0.0001916288,-0.2,0,-0.0666666667,-0.2,0.0333333333,0.6,0.5,0.5333333333,0.6,0.4833333333,0.4,0.5,0.4666666667,0.4,0.5166666667,-0.1584192729,-0.1650890445,0.0617562244,0.1103252231,-0.1754559032,-0.2993046273,-0.4837995941,-0.3592689918,0.2915878775,-0.5442059349,0,0.3,0.5333333333,0,0.4333333333,0.6,0.8,0.8666666667,0.2,0.05,-0.6,-0.5,-0.3333333333,-0.2,0.3833333333,1.0207179533,1.0625421133,1.074565955,1.0034411314,1.0766896376,1.1019727952,1.1618773084,1.1618773084,1.0599405459,1.1816052608,0.9662823169,0.9662823169,0.9662823169,0.9662823169,0.9405458968,0.9974596883,1.00419782,1.0468606432,0.9950454914,1.0195477885,1.0483019548,1.1035672462,1.110080173,1,1.1298621746,0.4,0.2,0.1333333333,0.8,0.1333333333,0.0034118138,0.001239914,-0.0227668727,0.0118619944,-0.0823426876,-0.0728924819,-0.0691531734,-0.0884082249,-0.0466498343,-0.0350312935,0.2853493988,0.5641629282,0.422787189,0.2201997826,0.0037776424,0.2484896767,0.172385207,0.172385207,0.3600076945,0.2466367713,0.0288322882,0.0515428308,0.0475534879,0.0230598623,0.0539946449,-0.3054952748,-0.171081838,-0.1453411453,-0.4988978692,-0.0289067095,0.6527476374,0.585540919,0.5726705727,0.7494489346,0.5144533548,0.3472523626,0.414459081,0.4273294273,0.2505510654,0.4855466452,1.8237103841,1.5579834128,1.4008929682,1.7972923129,1.489797492,0.7796648774,0.6539228167,0.6542204486,0.5490870338,0.9159395423,-0.0563959152,0.0237075886,-0.0299707684,0.0515909993,-0.0095539178,0.5281979576,0.4881462057,0.5149853842,0.4742045004,0.5047769589,0.4718020424,0.5118537943,0.4850146158,0.5257954996,0.4952230411,0.8616784373,1.0068123309,1.0676943298,1.3365263805,1.1607463063
2026-07-08T15:00:00Z,560.04,0.0089901811,0.00895001,0.0001621476,0.0088266023,0.0079439421,0.0165363692,-0.0041258417,-0.0074180389,-0.0038721154,0.0064263267,0.0000152331,0,0.1,0,0.2,0.0333333333,0.5,0.45,0.5,0.4,0.4833333333,0.5,0.55,0.5,0.6,0.5166666667,-0.1467289937,-0.153006253,0.0530712166,0.0461570591,-0.1767942991,-0.3013639002,-0.4213911617,-0.3183995689,-0.5844736982,-0.5214310343,0.2,0.25,0.5,0.8,0.4166666667,0.5,0.75,0.8333333333,0,0.0333333333,-0.3,-0.5,-0.3333333333,0.8,0.3833333333,1.0077271266,1.0504392543,1.0624011975,0.9869937862,1.0666141407,1.0675487465,1.1515248911,1.1515248911,1.0078744375,1.1710770659,0.9576726662,0.9576726662,0.9576726662,0.9576726662,0.9321655596,0.9885722448,0.9952503393,1.0104635383,0.9861795586,1.0064995357,1.0375330334,1.0937343761,1.1001892722,0.9910899221,1.1197950146,0.6,0.3,0.2,1,0.1833333333,0.0108391608,0.0200321151,-0.0062555248,0.0001535605,-0.0670635158,-0.0375004297,-0.0500712396,-0.0721055073,-0.0361752659,-0.0281132861,0.1897414299,0.6669243706,0.4779950121,0.8124519377,0.000023881,0.3852279191,0.2183484548,0.2183484548,0.8431442291,0.2839312407,0.0272056087,0.0523777256,0.0484758941,0.010082749,0.0539834887,-0.1665521716,-0.1233649547,-0.1176089071,-0.360672615,-0.0231091838,0.5832760858,0.5616824773,0.5588044536,0.6803363075,0.5115545919,0.4167239142,0.4383175227,0.4411955464,0.3196636925,0.4884454081,1.7709718572,1.5492732606,1.4357245405,1.5751392963,1.5093478427,0.8374571837,0.6773127559,0.6671645874,0.584006593,0.9381355423,-0.100193463,-0.0686176441,0.0042670601,-0.3734950198,-0.019579499,0.5500967315,0.534308822,0.4978664699,0.6867475099,0.5097897495,0.4499032685,0.465691178,0.5021335301,0.3132524901,0.4902102505,0.9922339765,1.0374701824,1.0657473183,1.2855347465,1.1550167863
2026-07-08T18:00:00Z,562.28,0.0039997143,0.0039917367,0.0001964145,0.0038025529,0.0036240293,0.000642685,-0.0051403808,-0.0078456216,-0.0041330791,0.0044497403,-0.0001686538,0.2,0.1,0.0666666667,0.6,0.0666666667,0.4,0.45,0.4666666667,0.2,0.4666666667,0.6,0.55,0.5333333333,0.8,0.5333333333,-0.1376683774,-0.1437356763,0.0539061354,-0.4578082133,-0.1697605789,-0.264907192,-0.4054693299,-0.306733194,-0.6401676627,-0.5047820915,0.1,0.2,0.4666666667,0.6,0.4,0.4,0.7,0.8,0,0.0166666667,-0.3,-0.5,-0.3333333333,0.6,0.3833333333,1.0045840151,1.0432969339,1.0557518793,0.9900085367,1.0621278544,1.0632958668,1.1469374689,1.1469374689,1.0038592872,1.1664117522,0.9538575087,0.9538575087,0.9538575087,0.9585971402,0.9284520168,0.9846339902,0.9912854805,1,0.9846339902,1.0019207512,1.0333997297,1.0893771786,1.0958063598,0.9960162197,1.1153339973,0.6,0.35,0.2333333333,1,0.2,0.0185476987,0.0312364709,0.0041777678,0.0010919826,-0.0571525679,0.0087911299,-0.0558484737,-0.0676063345,0.0359834178,-0.0140281967,0.3030070588,0.7279559079,0.526361519,0.8490342174,0.00292434,0.4216299667,0.2389812555,0.2389812555,0.9147347741,0.3006726457,0.0268222927,0.0530237749,0.0493083959,0.0068294711,0.0540110288,0.0450491864,-0.1412014434,-0.1096645776,0.8793336335,-0.0114728237,0.4774754068,0.5706007217,0.5548322888,0.0603331833,0.5057364119,0.5225245932,0.4293992783,0.4451677112,0.9396668167,0.4942635881,1.3825156609,1.2598864302,1.1831811558,1.2053341746,1.2085061667,0.6941595389,0.5622002668,0.5523612993,0.4851332582,0.7260789685,-0.1049906101,-0.0388446115,-0.0067462822,-0.1821425056,-0.0669730513,0.552495305,0.5194223057,0.5033731411,0.5910712528,0.5334865256,0.447504695,0.4805776943,0.4966268589,0.4089287472,0.4665134744,1.1665744589,1.0722896277,1.0577529846,0.8624352631,1.183072348
2026-07-09T12:00:00Z,588.25,0.0461869531,0.0451520811,0.0380059757,0.0078814358,0.0113595477,0.0051229333,-0.0026262283,-0.006764329,-0.0038416903,0.0134517637,-0.0002828058,0.2,0.1,0.0666666667,0.6,0.1,0.4,0.45,0.4666666667,0.2,0.45,0.6,0.55,0.5333333333,0.8,0.55,-0.0638354895,-0.0331574654,0.0987146772,0.2440363728,-0.153913332,-0.208910888,-0.3936971701,-0.294340795,0.1639453655,-0.4944175943,0,0.15,0.4333333333,0.8,0.3833333333,0.3,0.65,0.7666666667,0,0,-0.3,-0.5,-0.3333333333,0.8,0.3833333333,0.9640331492,0.9951733957,1.0080263493,0.9580688483,1.0159332767,1.0163535912,1.0963025924,1.0963025924,1.0112707182,1.1149171271,0.9117467063,0.9117467063,0.9117467063,0.9212239694,0.8874628134,0.9411644709,0.9475223119,0.9558521037,0.943561411,0.9576880578,0.9897322567,1.0299872503,1.0474288143,0.9558521037,1.0660943476,0.9,0.6,0.4,1,0.3333333333,0.0477848781,0.0690877299,0.0476781597,0.0150276243,-0.0075905053,0.0394946104,-0.0396467141,-0.0324039806,0.0625135467,0.0435885609,0.0710638666,0.6164788305,0.5018529375,0.7609784562,0.0091745381,0.8436662062,0.4781927877,0.4781927877,0.8748348122,0.4947683109,0.0282966505,0.0496776981,0.0469378655,0.0218076087,0.0511324403,0.1770717794,-0.0993149985,-0.0501476428,0.9281308662,0.0342835615,0.4114641103,0.5496574992,0.5250738214,0.0359345669,0.4828582193,0.5885358897,0.4503425008,0.4749261786,0.9640654331,0.5171417807,0.8179799873,0.8450887641,0.8001261421,0.8324865208,0.7906388956,0.3152707131,0.370088588,0.3567901047,0.3300126805,0.4744366797,-0.1944250784,0.0448479207,0.0608130347,0.1025291853,-0.0123562452,0.5972125392,0.4775760397,0.4695934827,0.4487354074,0.5061781226,0.4027874608,0.5224239603,0.5304065173,0.5512645926,0.4938218774,1.1561752452,1.0598289646,1.0074164889,1.4299390277,1.1690421611
2026-07-09T15:00:00Z,589.77,0.0025839354,0.0025806028,0.0000849979,0.0024987251,0.0053884073,0.0016828149,0.002445432,-0.005880456,-0.0038817964,0.016557302,-0.0004514852,0.2,0.1,0.1333333333,1,0.1333333333,0.4,0.45,0.4333333333,0,0.4333333333,0.6,0.55,0.5666666667,1,0.5666666667,0.1739514053,-0.0445390898,0.0692490968,0.6776446746,-0.1200240693,-0.3208152804,-0.3998247441,-0.3129344696,0.0254285893,-0.439223594,0,0.1,0.4,0.6,0.3666666667,0.2,0.6,0.7333333333,0,0.8666666667,-0.2,-0.5,-0.3333333333,0.6,-0.5,0.9609424013,0.9905687811,1.0053198705,0.9683062889,1.0145442291,1.0087152619,1.0934771182,1.0934771182,1.0086643946,1.112043678,0.9093968835,0.9093968835,0.9093968835,0.9197483765,0.9093968835,0.9387388304,0.9450802855,0.9533886091,0.9495905183,0.9595265951,0.9871814436,1.0205842956,1.0447293013,0.9974227241,1.0633467284,1,0.65,0.4666666667,1,0.35,0.0280531548,0.0652955511,0.0509661776,-0.0014208929,-0.0012254152,-0.0060251624,-0.0391965202,-0.0032449425,0.0678435633,0.0796309517,0.0661412725,0.4918536097,0.5148464102,0.8665446822,0.0246894066,0.9122492531,0.4921936167,0.4921936167,0.9025553013,0.4470986905,0.0273115464,0.0483491562,0.0468255766,0.0251541176,0.0497609324,-0.0356448477,-0.0983043922,-0.0050780217,1,0.0620736893,0.5178224238,0.5491521961,0.5025390108,0,0.4689631553,0.4821775762,0.4508478039,0.4974609892,1,0.5310368447,2.2244970551,2.2894671101,2.2429096905,1.73879955,2.0718411532,0.9400560417,1.0738186036,0.9792891857,0.5903526408,0.993287811,-0.0510260857,-0.0637472111,0.0107781421,-0.5340781344,-0.1353989444,0.5255130429,0.5318736056,0.4946109289,0.7670390672,0.5676994722,0.4744869571,0.4681263944,0.5053890711,0.2329609328,0.4323005278,1.3772224668,1.0646171051,1.0261297113,1.5153690767,1.0835449654
2026-07-09T18:00:00Z,582.18,-0.0128694237,-0.0129529521,0.0000169558,-0.0128861609,0.000644308,0.0051205534,0.0056964575,-0.0046849255,-0.0035748054,0.0123278024,-0.0006047583,0.2,0,0.0666666667,0.6,0.1,0.4,0.5,0.4666666667,0.2,0.45,0.6,0.5,0.5333333333,0.8,0.55,0.0737431535,-0.0090755292,-0.1745692463,0.0499187753,-0.1098689165,-0.2194553947,-0.3458422481,-0.33316689,0.0244187385,-0.4204561039,0.7,0.05,0.3666666667,0.4,0.35,0.1,0.55,0.7,0,0.85,0.6,-0.5,-0.3333333333,0.4,-0.5,0.9734652513,0.999122694,1.0155092354,0.990250438,1.0283098297,1.0218145591,1.1077330035,1.1077330035,1.0218145591,1.1265416194,0.9212528771,0.9212528771,0.9212528771,0.9377855646,0.9212528771,0.950977361,0.9574014909,0.9658181318,0.9658181318,0.9856917105,1,1.0283589268,1.0543646295,1.0104263286,1.0772097977,0.8,0.55,0.3666666667,0.6,0.2666666667,0.0009006899,0.0453840982,0.0363254427,-0.0149060428,-0.0104694584,-0.0000515278,-0.0802117071,-0.0804732046,0.0488784794,0.0334067026,0.3498449547,0.3594836379,0.4572276818,0.6285015411,0.0439900464,0.7830728499,0.4222815825,0.4222815825,0.7403924775,0.3835920177,0.0276626658,0.0450566553,0.0457588782,0.0219911271,0.0499349896,-0.0003100775,-0.2176914501,-0.1480029049,0.6412195698,0.0272248582,0.5001550388,0.6088457251,0.5740014524,0.1793902151,0.4863875709,0.4998449612,0.3911542749,0.4259985476,0.8206097849,0.5136124291,1.1454072762,1.1516148345,1.1086619318,0.9080881147,1.0093712069,0.4339942594,0.5225032959,0.4858621258,0.2925933798,0.4736445455,0.0730712151,0.0316814458,-0.0063220452,0.113126722,-0.0386951533,0.4634643925,0.4841592771,0.5031610226,0.443436639,0.5193475767,0.5365356075,0.5158407229,0.4968389774,0.556563361,0.4806524233,1.3602734982,1.0870243094,1.035669641,1.324144409,1.0942041617
2026-07-10T12:00:00Z,574.34,-0.0134666254,-0.0135581228,-0.0123673091,-0.0011130822,0.0070263314,0.0132526349,0.00815988,-0.0033542456,-0.0035136118,0.0031427378,-0.0008169482,0.2,-0.1,0.0666666667,0.2,0.1,0.4,0.55,0.4666666667,0.4,0.45,0.6,0.45,0.5333333333,0.6,0.55,0.1573034227,0.0029700987,-0.1321353724,0.2286202078,-0.1050734619,-0.4269252527,-0.2874716782,-0.3612350842,-0.0033969041,-0.3758882857,0.6,0,0.3333333333,0.2,0.3333333333,0,0.5,0.6666666667,0,0.8333333333,0.6,-0.5,-0.3333333333,0.2,-0.5,0.9855834523,1.0071294878,1.026944841,1.0087474318,1.0429636626,1.0357627886,1.1228540586,1.1228540586,1.0357627886,1.1419194206,0.9338283943,0.9338283943,0.9338283943,0.9746665738,0.9338283943,0.9639586308,0.970470453,0.9790019849,1,1,1.013650451,1.0330901557,1.0665024202,1.0242191037,1.0919141972,0.7,0.45,0.3,0.4,0.2166666667,-0.0223029121,0.0247358459,0.0240025297,-0.0150329073,-0.0188636907,-0.0115650707,-0.1012315541,-0.067856853,0.0255338904,0.0384392855,0.7421168505,0.239251284,0.4380335716,0.0635986048,0.080498573,0.6491587668,0.3500667803,0.3500667803,0.4146480479,0.3179935573,0.0272066204,0.0395424479,0.0459504002,0.0176237915,0.0498655634,-0.0649651972,-0.2753000255,-0.1247650025,0.3166519043,0.0308634806,0.5324825986,0.6376500128,0.5623825013,0.3416740478,0.4845682597,0.4675174014,0.3623499872,0.4376174987,0.6583259522,0.5154317403,1.7774587435,1.9705226999,1.8416054017,1.5086309229,1.7086989164,0.7148732424,0.9186525876,0.8196610568,0.5494887365,0.8046250682,-0.2283630661,-0.0198443093,-0.0859632865,-0.0708933176,-0.0437302375,0.614181533,0.5099221547,0.5429816433,0.5354466588,0.5218651187,0.385818467,0.4900778453,0.4570183567,0.4645533412,0.4781348813,1.3217610858,1.0864006238,1.0832112108,1.303623752,1.1169231011
2026-07-10T15:00:00Z,582.94,0.014973709,0.0148627096,-0.0005049274,0.0154864559,0.0049298842,0.0015329675,0.0069531559,-0.0015308647,-0.0030887256,-0.0044687275,-0.0009931423,0.4,-0.1,0.0666666667,0.2,0.1333333333,0.3,0.55,0.4666666667,0.4,0.4333333333,0.7,0.45,0.5333333333,0.6,0.5666666667,0.0748995449,-0.011722306,-0.1021494937,0.2163514101,-0.1083941954,-0.4183800396,-0.3746238406,-0.3050226144,0.2264506114,-0.3311640903,0.5,0,0.3,0,0.3166666667,0,0.45,0.6333333333,0.6,0.8166666667,0.5,-0.45,-0.3333333333,-0.6,-0.5,0.9779376951,0.9873902117,1.0092305097,1.000953786,1.0285239476,1.0204823824,1.0694068,1.1062888119,1.0204823824,1.1250729063,0.9246234604,0.9200518064,0.9200518064,0.9721755241,0.9200518064,0.9521563111,0.9561532919,0.9645589598,0.9986962638,0.9967749683,1,1.0117164717,1.0393694034,1.0091089992,1.0758054002,0.8,0.7,0.4666666667,0.6,0.2833333333,-0.0092268969,0.0271530028,0.0355560118,0.007983669,0.0007737489,0.0740488254,-0.088942721,-0.0714262958,0.0367432596,0.060237896,0.6704141269,0.0827213292,0.3749296244,0.4590209942,0.12823571,0.7863278454,0.5352897261,0.429281997,0.5759943182,0.3899510522,0.0243914358,0.0306919071,0.0436609996,0.0093278723,0.0480294119,0.5450969755,-0.2344290657,-0.1350277042,0.4010093168,0.0477109683,0.2274515123,0.6172145329,0.5675138521,0.2994953416,0.4761445158,0.7725484877,0.3827854671,0.4324861479,0.7005046584,0.5238554842,1.8311520445,2.1591321953,2.055411936,1.5388296943,1.8777472542,0.8222348752,1.0624724491,0.9278799598,0.6713923115,0.8921265538,-0.1749687092,-0.0483242004,-0.0102306377,-0.1675854696,-0.0424550174,0.5874843546,0.5241621002,0.5051153188,0.5837927348,0.5212275087,0.4125156454,0.4758378998,0.4948846812,0.4162072652,0.4787724913,1.3154510379,1.0616365437,1.0950526545,1.2226652879,1.1199593598
2026-07-10T18:00:00Z,581.13,-0.0031049508,-0.0031097811,0.0012865818,-0.0043858898,0,0.0022529082,0.0061262045,-0.0005761461,-0.0027739807,-0.0028427374,-0.001217578,0.2,-0.1,0.0666666667,-0.2,0.1333333333,0.4,0.55,0.4666666667,0.6,0.4333333333,0.6,0.45,0.5333333333,0.4,0.5666666667,0.1170127411,-0.080104821,-0.0981735281,-0.3194315271,-0.1177053018,-0.4211327515,-0.3518962203,-0.272928865,-0.1471954654,-0.3069903157,0.4,0,0.2666666667,0,0.3,0,0.4,0.6,0.4,0.8,0.4,-0.4,-0.3333333333,-0.4,-0.5,0.9857140399,0.9883352262,1.0100078009,1.0016209798,1.0328637023,1.0236607988,1.0528625265,1.1097344828,1.0203224752,1.1285770826,0.9325107979,0.9229174195,0.9229174195,0.9752034829,0.9229174195,0.9637086366,0.9591313475,0.9675631958,1,1,1.0031146215,1.0122519918,1.0357579199,1.0031146215,1.0791561269,0.6,0.55,0.3666666667,0.4,0.2166666667,-0.0132819601,0.0171381619,0.0302149187,0.004064495,0.0030548501,0.0496532042,-0.0408655036,-0.0662778367,-0.0121036974,0.0731657772,0.5815459476,0.0135935107,0.3197021239,0.2261148471,0.2048631829,0.7404191052,0.5931934053,0.4126099572,0.5495804729,0.3748065096,0.023074189,0.0284946051,0.0424639012,0.0084544859,0.0465870437,0.4252126837,-0.1175632686,-0.1255745989,-0.2602339181,0.0576140065,0.2873936582,0.5587816343,0.5627872995,0.6301169591,0.4711929967,0.7126063418,0.4412183657,0.4372127005,0.3698830409,0.5288070033,1.9270164982,2.4123961007,2.2940942738,1.3343949159,2.1022084388,0.9721426431,1.2280442612,1.0731620275,0.435959374,1.018634436,-0.1426935779,-0.0251419277,-0.0300424605,-0.478619216,-0.0210545333,0.5713467889,0.5125709638,0.5150212302,0.739309608,0.5105272666,0.4286532111,0.4874290362,0.4849787698,0.260690392,0.4894727334,1.5624971933,1.1605722812,1.1130228131,0.70610391,1.1397733859
2026-07-13T12:00:00Z,562.485,-0.0320840432,-0.0326100169,-0.030337446,-0.0018012422,0.00527063,0.0145962733,0.0028932758,-0.0001230175,-0.0030369526,-0.0057957101,-0.0014975334,0.2,-0.1,0.0666666667,-0.6,0.1,0.4,0.55,0.4666666667,0.8,0.45,0.6,0.45,0.5333333333,0.2,0.55,-0.0805054587,-0.1287387088,-0.1449038813,-0.483784003,-0.1345747328,-0.1402504494,-0.306945147,-0.2511532223,-0.2636338854,-0.2915233425,0.3,0.05,0.2333333333,0,0.2833333333,0,0.35,0.5666666667,0.8,0.7833333333,0.3,-0.3,-0.3333333333,-0.8,-0.5,1.0201987609,1.0175915802,1.0415080698,1.0251206699,1.0672566083,1.0575926469,1.0874067753,1.1465194627,1.049201312,1.1659866485,0.9643634941,0.9535098714,0.9535098714,0.9853773878,0.9535098714,0.9996355458,0.9909242024,0.9996355458,1.0210761176,1.0331475506,1.0363654142,1.0363654142,1.070090758,1.035014267,1.1149275092,0.4,0.4,0.2666666667,0.2,0.1333333333,-0.033218502,-0.0164229141,0.0025277424,-0.0135292497,-0.023079372,0.0184410646,-0.0654998256,-0.0560431631,-0.0462637978,0.0094486917,0.1483133482,0.000665049,0.3497803868,0.3588070735,0.2931718547,0.3822463768,0.3472083914,0.2408695252,0.2291086351,0.2188009873,0.0215787702,0.027506531,0.0444456749,0.0136833096,0.0478978137,0.1242755171,-0.1750083232,-0.104152697,-0.6133528156,0.0076236398,0.4378622415,0.5875041616,0.5520763485,0.8066764078,0.4961881801,0.5621377585,0.4124958384,0.4479236515,0.1933235922,0.5038118199,0.9841951199,1.422734574,1.346905635,0.8577370574,1.2315965507,0.3462012091,0.7212155602,0.6333530892,0.2559948993,0.6001888508,-0.2860525426,0.0038975044,-0.0058949364,0.2051391298,-0.0100276775,0.6430262713,0.4980512478,0.5029474682,0.3974304351,0.5050138388,0.3569737287,0.5019487522,0.4970525318,0.6025695649,0.4949861612,1.3472684571,1.0967455611,1.1253495831,0.7188335259,1.1433822873
2026-07-13T15:00:00Z,552.92,-0.0170048979,-0.0171511415,0.0026578487,-0.0196106245,0.0002127735,0.0027837867,-0.0013874,0.0001233914,-0.0033431509,-0.0114474065,-0.0017450907,0,-0.1,0,-0.6,0.0666666667,0.5,0.55,0.5,0.8,0.4666666667,0.5,0.45,0.5,0.2,0.5333333333,0.0140721311,-0.1058229149,-0.1256327661,-0.4367740576,-0.1197199472,0.0536932619,-0.2742461992,-0.1678836925,-0.4244349202,-0.2494648208,0.2,0,0.2,0.2,0.2666666667,0,0.3,0.5333333333,0.8,0.7666666667,0.2,-0.3,-0.3333333333,-0.6,-0.5,1.0374620198,1.0310560298,1.0569108852,1.0322704912,1.0850882587,1.0758880127,1.1062178977,1.1663531795,1.0594118498,1.1861571294,0.9874122839,0.9700047023,0.9700047023,0.9971605296,0.9700047023,1.0169283079,1.0038522752,1.0128770889,1.0172990668,1.0510200391,1.0542935687,1.0529733054,1.0886023295,1.0510200391,1.1342147146,0.1,0.15,0.1,0.2,0.05,-0.0312187198,-0.032228248,-0.0084351972,-0.0093756782,-0.0336080843,-0.0038374921,-0.0764502497,-0.0727252908,-0.05025937,-0.0364729459,0.0311731809,0.0007084264,0.390591693,0.6112252796,0.3715605986,0.1422730989,0.2202084578,0.1527656243,0.0456130157,0.1387691922,0.0225703403,0.0267321123,0.0463002889,0.0207072034,0.0495796512,-0.0239945928,-0.1976081513,-0.1314907746,-0.6297890659,-0.0306195597,0.5119972964,0.5988040756,0.5657453873,0.8148945329,0.5153097798,0.4880027036,0.4011959244,0.4342546127,0.1851054671,0.4846902202,1.4205622655,2.0589992432,2.0097884015,1.0952792406,1.825205239,0.535223818,1.1026173544,0.9448535884,0.2118395005,0.9018528181,-0.078926793,-0.0631666209,0.0001514295,-0.4290784823,-0.0141635833,0.5394633965,0.5315833104,0.4999242852,0.7145392411,0.5070817917,0.4605366035,0.4684166896,0.5000757148,0.2854607589,0.4929182083,1.2840115801,1.0874433138,1.0996171806,0.772704254,1.1626239908
2026-07-13T18:00:00Z,552.39,-0.0009585473,-0.000959007,0.0001085148,-0.0010669464,0.0067633549,0.0036710188,-0.0051269772,0.0000021098,-0.0036554855,-0.0161679248,-0.0019393767,-0.2,-0.1,0,-0.6,0.0333333333,0.6,0.55,0.5,0.8,0.4833333333,0.4,0.45,0.5,0.2,0.5166666667,0.0182503469,-0.0836221117,-0.100515133,-0.2030663393,-0.137578436,-0.1376785306,-0.3358290332,-0.1909731239,-0.6466889064,-0.251119899,0.1,0.1,0.1666666667,0,0.25,0.9,0.25,0.5,0.8,0.75,-0.8,-0.15,-0.3333333333,-0.8,-0.5,1.0370725393,1.0293777947,1.0556819759,1.0253136371,1.0851994666,1.0769202918,1.0823331342,1.1674722569,1.0604283206,1.1872952081,0.9963250602,0.9709353899,0.9709353899,0.9963250602,0.9709353899,1.0179040171,1.002262894,1.0090334727,1.000959467,1.0519017361,1.0553051286,1.0539835985,1.0896468075,1.0520284582,1.1353029562,0.1,0.15,0.1,0.2,0.05,-0.0140011421,-0.0293978374,-0.0026774367,0.0070222126,-0.0279878535,-0.0136597386,-0.0506479222,-0.0630470181,-0.0382177804,-0.0528454588,0.3639667949,0.0000002007,0.4445840332,0.9024380461,0.4388758383,0.0455974843,0.2609084261,0.1478837563,0.0573284383,0.1343346024,0.0244094208,0.0271571861,0.0474523094,0.0240691404,0.050698095,-0.0907365674,-0.1368660598,-0.1148640297,-0.5606641124,-0.0456782073,0.5453682837,0.5684330299,0.5574320148,0.7803320562,0.5228391036,0.4546317163,0.4315669701,0.4425679852,0.2196679438,0.4771608964,0.6769679945,0.9174839758,0.9010133778,0.5946027649,0.8125349656,0.26486453,0.4928029058,0.4233726629,0.2241568909,0.3896785785,0.1055999791,-0.0287364309,-0.0199111748,0.4303842827,-0.0329089317,0.4472000104,0.5143682154,0.5099555874,0.2848078586,0.5164544658,0.5527999896,0.4856317846,0.4900444126,0.7151921414,0.4835455342,1.3612903124,1.1942819353,1.1405468166,0.9829250026,1.1985750273
2026-07-14T12:00:00Z,568.11,0.0284581546,0.0280607434,0.0344321946,-0.0057751877,0.0162055267,0.0132479306,-0.0066845249,-0.0003230604,-0.0035746829,-0.006360564,-0.0019850282,-0.2,0,0,-0.6,0.0333333333,0.6,0.5,0.5,0.8,0.4833333333,0.4,0.5,0.5,0.2,0.5166666667,-0.1461050702,-0.1407691042,-0.1425513171,-0.5005284445,-0.1408312985,-0.0519767592,-0.2918490919,-0.1741701181,-0.6286487335,-0.225207958,0,0.05,0.1333333333,0,0.2333333333,0.8,0.2,0.4666666667,0.6,0.7333333333,-0.8,-0.15,-0.3333333333,-0.6,-0.5,1.0094022284,1.0018385524,1.0248610891,0.9917216736,1.0543389484,1.0471211561,1.0523842214,1.1351674852,1.0274242664,1.1544419215,0.9687560508,0.9440689303,0.9440689303,0.9687560508,0.9440689303,0.9900987485,0.9745295805,0.9811128127,0.9732622203,1.0109661861,1.0261040996,1.0248191371,1.0594955202,1,1.1038883315,0.4,0.55,0.4,0.8,0.2,0.0206781337,0.0012305213,0.0269718135,0.0209994543,0.0042193832,0.0103684997,0.0192507804,-0.0460590389,-0.025440011,-0.0475623659,0.6896443662,0.0051270733,0.4486546847,0.2297118212,0.4765975735,0.3986972147,0.516372796,0.2926818035,0.5325532553,0.2658662093,0.0231198454,0.0260162541,0.0461924128,0.0187680413,0.049795611,0.0596175478,0.0519461658,-0.0822883542,-0.3205100497,-0.0418949451,0.4701912261,0.4740269171,0.5411441771,0.6602550249,0.5209474726,0.5298087739,0.5259730829,0.4588558229,0.3397449751,0.4790525274,1.4415297487,1.9476930584,1.9713093467,1.3327083367,1.8123434175,0.6063003334,1.0949931705,0.9626445495,0.5039574825,0.8804759367,-0.0934677905,-0.1006594484,-0.0554356006,-0.0020173283,-0.012722902,0.5467338952,0.5503297242,0.5277178003,0.5010086642,0.506361451,0.4532661048,0.4496702758,0.4722821997,0.4989913358,0.493638549,1.2379597644,1.2334766043,1.13692314,0.8761538115,1.2039844882
2026-07-14T15:00:00Z,572.345,0.0074545423,0.0074268945,0.0006336801,0.0068165426,0.0046704312,0.0015480148,-0.0050167877,-0.0003308181,-0.0032945837,0.006099468,-0.0020418945,-0.2,0,0,-0.2,0.0333333333,0.6,0.5,0.5,0.6,0.4833333333,0.4,0.5,0.5,0.4,0.5166666667,-0.4214858526,-0.1675398521,-0.1216845858,-0.5014907661,-0.1404187802,-0.383369099,-0.312175116,-0.1630328937,-0.5486332807,-0.205485529,0,0,0.1,0.6,0.2166666667,0.7,0.15,0.4333333333,0.4,0.7166666667,-0.7,-0.15,-0.3333333333,0.2,-0.5,0.9991543562,0.9949885995,1.0149370863,0.9813137181,1.0457152883,1.0359835414,1.0445972272,1.1267679459,1.0145454228,1.1458997633,0.9615878535,0.9370834025,0.9370834025,0.9615878535,0.9370834025,0.9827726284,0.9673186627,0.973853183,0.9660606802,1,1.0171836917,1.0172361076,1.0460299295,0.9926006168,1.0957202387,0.5,0.55,0.4333333333,1,0.2166666667,0.0234211883,0.0081541727,0.0328343768,0.0064873459,0.0145205992,-0.0270378241,0.011388938,-0.0656125772,-0.0151170994,-0.0470128875,0.4589230229,0.0054598307,0.4038929424,0.3823129892,0.5045538587,0.516322217,0.5851954172,0.3316906922,0.7253381722,0.3013010919,0.0212707484,0.0258163919,0.044870058,0.0139507458,0.0497828587,-0.2091249753,0.0318625633,-0.1253665232,-0.1804086662,-0.0416872753,0.6045624877,0.4840687183,0.5626832616,0.5902043331,0.5208436377,0.3954375123,0.5159312817,0.4373167384,0.4097956669,0.4791563623,1.2397556991,1.6928234653,1.8912575534,1.322897378,1.7533737908,0.4340714991,0.8009443725,0.9505017728,0.4692763236,0.8615979549,-0.2256511414,-0.205897615,-0.0302426243,0.0378053304,-0.0113040148,0.6128255707,0.6029488075,0.5151213121,0.4810973348,0.5056520074,0.3871744293,0.3970511925,0.4848786879,0.5189026652,0.4943479926,0.8406507049,1.34645268,1.1900500948,0.7929775355,1.2068877105
2026-07-14T18:00:00Z,567.92,-0.0077313508,-0.0077613927,0.0002183997,-0.0079480147,0.0010131535,0.0031268014,-0.0033320954,0.000291037,-0.003067684,0.0087961333,-0.0021532666,-0.4,-0.1,-0.0666666667,-0.2,0.0333333333,0.7,0.55,0.5333333333,0.6,0.4833333333,0.3,0.45,0.4666666667,0.4,0.5166666667,-0.4269221963,-0.0340168041,-0.1281254927,-0.3978874214,-0.1447356423,-0.3152864295,-0.3283837021,-0.1916624262,-0.4360692626,-0.2027701098,0,0,0.0666666667,0.4,0.2,0.6,0.1,0.4,0.2,0.7,-0.6,-0.1,-0.3333333333,0.2,-0.5,1.0030919848,1.0005027116,1.020150432,0.9908737146,1.0530357856,1.0391604451,1.0475242992,1.1355472602,1.0224503451,1.1548281448,0.9690801521,0.9443847725,0.9443847725,0.9690801521,0.9443847725,0.9904299901,0.9748556135,0.981441048,0.9735878293,1.0003345542,1.0232603184,1.0251091703,1.0447686294,1.0003345542,1.1042576419,0.4,0.5,0.4,0.6,0.2,0.0119024446,-0.0032675628,0.0243309863,-0.0084659811,0.0104855789,-0.0370483409,-0.042850281,-0.074792695,0.0096624799,-0.0472899297,0.2616398005,0.0048228444,0.3628788442,0.7099979364,0.5422475925,0.4412060302,0.5392232181,0.2909316999,0.5793467502,0.2642764507,0.0187108062,0.0241653091,0.0440777099,0.0147631236,0.0506406517,-0.2767223911,-0.1418370478,-0.1418244725,0.1576504714,-0.041623601,0.6383611955,0.5709185239,0.5709122363,0.4211747643,0.5208118005,0.3616388045,0.4290814761,0.4290877637,0.5788252357,0.4791881995,0.8490487914,1.1084662652,1.2215729362,0.8723589973,1.1479836412,0.2807447499,0.5232413525,0.6215569629,0.3095374646,0.5627307608,0.0975004121,0.0031673051,-0.0263043936,0.0165492529,0.0030063133,0.4512497939,0.4984163474,0.5131521968,0.4917253736,0.4984968433,0.5487502061,0.5015836526,0.4868478032,0.5082746264,0.5015031567,0.7546076334,1.4584659348,1.177828339,0.6627819826,1.2055431232
2026-07-15T12:00:00Z,552.7,-0.0267995492,-0.0271652049,0.0154070996,-0.0415662337,0,0.0103178594,-0.0035909667,0.0002983576,-0.0027947604,0.0000777999,-0.0022783214,-0.4,-0.1,-0.1333333333,-0.2,0,0.7,0.55,0.5666666667,0.6,0.5,0.3,0.45,0.4333333333,0.4,0.5,-0.2215084868,-0.0074581846,-0.053541336,-0.2057795826,-0.1121607403,-0.4186852564,-0.2193341861,-0.1067928532,-0.3643994001,-0.153784592,0.1,0.35,0.0333333333,0.2,0.1833333333,0.9,0.05,0.3666666667,0.8,0.6833333333,-0.8,0.3,-0.3333333333,-0.6,-0.5,1.0253808576,1.0253844762,1.0434029914,1.0180803329,1.0799908027,1.0598335444,1.0763162656,1.1668174417,1.0506061154,1.1866292745,0.9892346662,0.9703908088,0.9703908088,0.9892346662,0.9703908088,1.000398046,1.000398046,1.0042518545,1,1.027537543,1.0391532477,1.0514383933,1.0670707436,1.0278813099,1.1346661842,0.2,0.2,0.1333333333,0.4,0.0666666667,-0.0092215076,-0.0282188736,-0.0028789656,-0.0182359327,-0.0127803204,-0.05063726,-0.0506861785,-0.126787266,-0.0003978876,-0.1091949392,0.2767906761,0.0047995338,0.3265089247,0.0000519618,0.5583413319,0.1524859047,0.2795285678,0.1507391885,0.1754127358,0.136928419,0.0196048092,0.0248332424,0.0423337046,0.0152634226,0.052803828,-0.3404550179,-0.1609577834,-0.2509302398,-0.0054821829,-0.101400904,0.670227509,0.5804788917,0.6254651199,0.5027410915,0.550700452,0.329772491,0.4195211083,0.3745348801,0.4972589085,0.449299548,1.3055706867,1.8340974067,2.0188091734,1.4360225331,1.9079556668,0.4257264687,0.8778672787,1.0436247469,0.5261120162,0.9366455566,-0.1716746056,-0.0099949728,-0.0134153836,-0.0187709371,-0.0010598921,0.5858373028,0.5049974864,0.5067076918,0.5093854685,0.500529946,0.4141626972,0.4950025136,0.4932923082,0.4906145315,0.499470054,0.7543813896,1.4465736539,1.1953632793,0.6696672301,1.214799745
2026-07-15T15:00:00Z,552.68,-0.000036186,-0.0000361867,-0.0006513479,0.0006155629,0.0029872904,0.024894087,-0.0040593384,0.0003445957,-0.0022972076,-0.0091381993,-0.0023169269,-0.4,-0.1,-0.2,-0.2,-0.0333333333,0.7,0.55,0.6,0.6,0.5166666667,0.3,0.45,0.4,0.4,0.4833333333,-0.2514744127,-0.0054301059,-0.0517694808,-0.2295986496,-0.1139762782,-0.4738083405,-0.3506149016,-0.0917985309,-0.1363683247,-0.1418227879,0,0.3,0,0,0.1666666667,0.9,0,0.3333333333,0.8,0.6666666667,-0.9,0.3,-0.3333333333,-0.8,-0.5,1.0214988782,1.0228540928,1.0382327929,1.0182221177,1.0777847639,1.0598718969,1.0763552146,1.1668596656,1.050644134,1.1866722154,0.9745060433,0.9704259246,0.9704259246,0.9745060433,0.9704259246,1.0000361873,1.0000361873,1.0017369907,1.0000361873,1.0239198089,1.0355811681,1.0514764421,1.0643591228,1.0279185062,1.1261127596,0.2,0.2,0.1333333333,0.2,0.0666666667,-0.0032318554,-0.0261277515,-0.0049232829,0.000054281,-0.0094354197,-0.037712853,-0.0488417719,-0.1351266764,0.0005249914,-0.1187154179,0.3278516536,0.0064849522,0.2815984875,0.7289331032,0.566835762,0.298643493,0.2791869502,0.1505549671,0.334838403,0.136761076,0.0203630835,0.0246747201,0.0374691901,0.0151367204,0.0532946992,-0.2749777834,-0.1557543494,-0.2752191235,0.0073195356,-0.112550644,0.6374888917,0.5778771747,0.6376095618,0.4963402322,0.556275322,0.3625111083,0.4221228253,0.3623904382,0.5036597678,0.443724678,0.8208757428,1.0554715934,1.2270865462,0.7843377953,1.1620809601,0.2645739554,0.4739595233,0.6341992581,0.1812434632,0.5681898767,0.0756120033,-0.1182519861,0.0002857724,-0.2252311722,0.004531191,0.4621939983,0.559125993,0.4998571138,0.6126155861,0.4977344045,0.5378060017,0.440874007,0.5001428862,0.3873844139,0.5022655955,0.8890739494,1.4700947229,1.2208736387,0.7264417603,1.2274608376
2026-07-15T18:00:00Z,554.9,0.0040167909,0.0040087451,-0.000054281,0.0040712929,0.0031846557,0.0063331222,-0.0027848862,-0.0005667756,-0.0016871132,-0.0090340602,-0.0023300877,-0.4,0,-0.2,-0.2,-0.0333333333,0.7,0.5,0.6,0.6,0.5166666667,0.3,0.5,0.4,0.4,0.4833333333,-0.1956682987,-0.10331534,-0.0500078173,0.6275148326,-0.1121630711,-0.4814914424,-0.2898824084,-0.1729967012,-0.2266890858,-0.1424438308,0,0.25,0,0.4,0.15,0.8,0.9,0.3,0.6,0.65,-0.8,-0.65,-0.3,-0.2,-0.5,1.0123589836,1.0198567309,1.0289760918,1.009387277,1.0712844657,1.0518832222,1.0720490178,1.1234456659,1.0392322941,1.1819246711,0.9706073166,0.9706073166,0.9665435214,0.9706073166,0.9665435214,0.9960353217,0.9964317895,0.9977293206,0.9960353217,1.0136691296,1.0238060912,1.0472697783,1.0505316273,1.0234636872,1.1103802487,0.5,0.35,0.2666666667,0.6,0.1333333333,0.0001730041,-0.0144723631,-0.0045129511,0.0086808434,-0.0025468774,-0.0481010052,0.0223859972,-0.1327654919,-0.0232525391,-0.1160634637,0.2087980854,0.0198632495,0.2284844325,0.7222383421,0.571932009,0.3616407982,0.2897495115,0.2132314937,0.4283088235,0.1553361503,0.0175053648,0.0231889878,0.0305495717,0.0150334171,0.053358102,-0.3873463186,0.0831508349,-0.2695541805,-0.5057427259,-0.1098828178,0.6936731593,0.4584245825,0.6347770903,0.7528713629,0.5549414089,0.3063268407,0.5415754175,0.3652229097,0.2471286371,0.4450585911,0.6746259444,0.7878079366,0.9331202942,0.6983865801,0.8893397089,0.2241876558,0.3460893089,0.4820347374,0.1970156917,0.4307551974,0.1729841049,-0.0382730257,0.0013497034,0.4552166175,0.0145124877,0.4135079476,0.5191365129,0.4993251483,0.2723916912,0.4927437562,0.5864920524,0.4808634871,0.5006748517,0.7276083088,0.5072562438,0.9414788664,1.3018296458,1.2108545241,0.7773215673,1.2210590328
2026-07-16T12:00:00Z,537.41,-0.0315191926,-0.0320266132,-0.0277527482,-0.0038739574,0.0109545876,0.0086376274,-0.0029436359,-0.0017037999,-0.0016970014,-0.0109450885,-0.0025256287,-0.4,-0.1,-0.2,-0.6,-0.0333333333,0.7,0.55,0.6,0.8,0.5166666667,0.3,0.45,0.4,0.2,0.4833333333,-0.0351739023,-0.00520189,-0.0731001483,0.9023403139,-0.1072837936,-0.2365722525,-0.2122098059,-0.1147484301,0.2257672008,-0.1149308079,0.3,0.2,0,0.2,0.1333333333,0.9,0.95,0.9666666667,0.8,0.9833333333,-0.6,-0.75,-0.9666666667,-0.6,-0.85,1.0371708751,1.0515379319,1.0582165696,1.0292365233,1.1038462254,1.0804971995,1.1069388363,1.1385162167,1.0730540928,1.2203903909,0.9913287806,0.9913287806,0.9913287806,0.9913287806,0.9913287806,1.02841406,1.0284512756,1.0288606464,1.02841406,1.0462775162,1.0567722968,1.0813531568,1.0833627956,1.0325449843,1.1465175564,0.1,0.05,0.0333333333,0.2,0.0166666667,-0.0239245134,-0.035351833,-0.0336100488,-0.0073463464,-0.0293401777,-0.0752327362,-0.0293150784,-0.1130238162,-0.0610383597,-0.1214125148,0.2128504276,0.1407807922,0.2232562124,0.7370944906,0.5976971756,0.097245409,0.0750040238,0.0589127686,0.1061020036,0.0378554021,0.0183262585,0.0261844049,0.0310863445,0.0180290437,0.0565756052,-0.4964232996,-0.1062729178,-0.2292754788,-0.8872380952,-0.1117649272,0.7482116498,0.5531364589,0.6146377394,0.9436190476,0.5558824636,0.2517883502,0.4468635411,0.3853622606,0.0563809524,0.4441175364,1.0368623721,1.1409264887,1.3846745073,1.0876661486,1.3257355386,0.3112462106,0.506462983,0.7158481072,0.257360726,0.6352087342,0.0743657043,-0.0508061912,-0.0008092678,0.1193999815,0.008652232,0.4628171479,0.5254030956,0.5004046339,0.4403000092,0.495673884,0.5371828521,0.4745969044,0.4995953661,0.5596999908,0.504326116,0.8241371583,1.3018387957,1.2306000502,0.8511937195,1.2092547021
2026-07-16T15:00:00Z,526.34,-0.0205987979,-0.0208139124,0.0004093709,-0.0209995722,0.0022134182,0.001581013,-0.0055770495,-0.0031760253,-0.0018166778,-0.0129175058,-0.0027447592,-0.4,-0.1,-0.2,-0.6,-0.0333333333,0.7,0.55,0.6,0.8,0.5166666667,0.3,0.45,0.4,0.2,0.4833333333,0.1146604883,-0.0080676082,-0.0732663462,0.8995517603,-0.1031311466,-0.2608806045,-0.1274640766,-0.0635187414,0.030627361,-0.1037130232,0.2,0.15,0.0333333333,0,0.1166666667,0.9,0.95,0.9666666667,0.8,0.9833333333,-0.7,-0.8,-0.9333333333,-0.8,-0.8666666667,1.0521174526,1.0711878254,1.0756871351,1.0350837861,1.1245288217,1.1032222518,1.1302200099,1.1620815442,1.0956226014,1.2460576813,0.9983850743,0.9983850743,0.9983850743,0.9983850743,0.9983850743,1.0494927233,1.0500816962,1.0500816962,1.0210320325,1.0640270548,1.0789983661,1.1040962116,1.1060911198,1.0500816962,1.170631151,0.1,0.05,0.0333333333,0.2,0.0166666667,-0.0270207298,-0.0410155847,-0.0493453065,-0.0092487746,-0.0435584242,-0.0642594914,-0.0470034402,-0.1255503314,-0.0732145373,-0.1319534922,0.4000039537,0.3529282958,0.2315797733,0.7433117159,0.6295331757,0.0154041319,0.0122496037,0.0098653668,0.01660805,0.006520405,0.0253279087,0.0308273748,0.0326750927,0.0211888884,0.0599094379,-0.4490341015,-0.1598030163,-0.2471465481,-0.9035202086,-0.1193787115,0.7245170507,0.5799015082,0.623573274,0.9517601043,0.5596893557,0.2754829493,0.4200984918,0.376426726,0.0482398957,0.4403106443,0.9532771835,0.973731826,1.2758776518,0.9911911014,1.2175710056,0.2862784495,0.3202290255,0.6581779976,0.235675515,0.5852492963,-0.0025100892,-0.1633549772,0.0024555226,-0.0293597813,-0.0044636794,0.5012550446,0.5816774886,0.4987722387,0.5146798906,0.5022318397,0.4987449554,0.4183225114,0.5012277613,0.4853201094,0.4977681603,0.7608789628,1.2348212653,1.1988645547,0.7238144397,1.1981242728
2026-07-16T18:00:00Z,531,0.0088535927,0.0088146295,0.0013679371,0.0074754297,0.0012901757,0.0025613782,-0.0079741483,-0.004291279,-0.001805863,-0.0135442561,-0.0029053975,-0.2,-0.1,-0.1333333333,-0.2,0,0.6,0.55,0.5666666667,0.6,0.5,0.4,0.45,0.4333333333,0.4,0.5,0.1221783471,0.050630079,-0.0560101007,0.9225350492,-0.078638904,-0.4507997065,-0.253192099,-0.155665081,0.0531410754,-0.1331117896,0.1,0.1,0,0.2,0.1,0.8,0.9,0.9333333333,0.6,0.9666666667,-0.7,-0.8,-0.9333333333,-0.4,-0.8666666667,1.0387561205,1.0595225989,1.0619978029,1.017826742,1.1127172003,1.0935404896,1.1203013183,1.1518832392,1.0483239171,1.2351224105,0.9896233522,0.9896233522,0.9896233522,0.9896233522,0.9896233522,1.0120715631,1.0408286252,1.0408286252,1,1.0496798493,1.0695291902,1.0944067797,1.0957815443,1.0408286252,1.1603578154,0.2,0.1,0.0666666667,0.4,0.0333333333,-0.0028724533,-0.0187554479,-0.0358127898,0.0092617702,-0.0270079755,-0.0396440715,-0.0433294298,-0.113063522,-0.0392618057,-0.1044020914,0.6582921458,0.5536828504,0.2321779975,0.7884763764,0.6766165318,0.0998550199,0.0794062545,0.0639507892,0.1767725377,0.0422675667,0.0282294192,0.0332546242,0.0324387033,0.0215712749,0.0611694463,-0.2899854478,-0.1463251399,-0.2203378796,-0.6119571348,-0.093585111,0.6449927239,0.57316257,0.6101689398,0.8059785674,0.5467925555,0.3550072761,0.42683743,0.3898310602,0.1940214326,0.4532074445,0.6464797175,0.6199833999,0.7889701329,0.7337746861,0.7415093387,0.2046114387,0.2159517062,0.4069099967,0.1628505986,0.345872239,0.2178061667,0.0733450603,0.0044235512,0.5259624933,-0.0281314578,0.3910969166,0.4633274698,0.4977882244,0.2370187534,0.5140657289,0.6089030834,0.5366725302,0.5022117756,0.7629812466,0.4859342711,0.7457329873,1.1875008667,1.1849690135,0.7452800645,1.2216589247
2026-07-17T12:00:00Z,515.8,-0.0286252354,-0.0290429278,-0.0366101695,0.0082883728,0.0166158417,0.0252072093,-0.0118880351,-0.005792666,-0.0022211164,-0.0164036448,-0.0031719261,-0.2,-0.2,-0.1333333333,-0.2,-0.0333333333,0.6,0.6,0.5666666667,0.6,0.5166666667,0.4,0.4,0.4333333333,0.4,0.4833333333,-0.0378260383,-0.0036352931,-0.0760170815,0.526572801,-0.0615762232,-0.7055755647,-0.4595783398,-0.3169015025,-0.4623254582,-0.1874570694,0,0.05,0.0666666667,0,0.0833333333,0.9,0.95,0.9666666667,0.8,0.9833333333,-0.9,-0.9,-0.9,-0.8,-0.9,1.0622731679,1.0864569601,1.0890244927,1.0335207445,1.142515833,1.1257658007,1.1533152385,1.1591120589,1.0792167507,1.271519969,0.9667797596,0.9667797596,0.9667797596,0.9667797596,0.9667797596,1.0294687864,1.0709383482,1.0709383482,1.0204342769,1.0760953858,1.1010469174,1.1266576192,1.1266576192,1.0418960838,1.194552152,0.1,0.05,0.0333333333,0.2,0.0166666667,-0.0087770101,-0.0314266327,-0.056818305,-0.0007134548,-0.048944014,-0.0662394323,-0.0789943575,-0.1135324649,-0.0667293913,-0.1521885633,0.9143377004,0.713312486,0.2744255932,0.8489966832,0.7033570126,0.2089506737,0.1780907343,0.172723149,0.2954565049,0.1090116741,0.0357094974,0.0395488995,0.0366984933,0.025176906,0.0654991171,-0.4053844449,-0.2534226958,-0.2161790693,-0.7282780411,-0.1400459812,0.7026922225,0.6267113479,0.6080895347,0.8641390205,0.5700229906,0.2973077775,0.3732886521,0.3919104653,0.1358609795,0.4299770094,0.4403873547,0.4123120286,0.4939623868,0.57205073,0.4680211132,0.2176425655,0.1891358833,0.2634047464,0.2344712585,0.2218746278,0.2518602848,0.1757971626,0.0393593052,0.6420467205,0.0597254904,0.3740698576,0.4121014187,0.4803203474,0.1789766398,0.4701372548,0.6259301424,0.5878985813,0.5196796526,0.8210233602,0.5298627452,1.0524697358,1.2027726619,1.1908189303,0.8451043154,1.2047954055
2026-07-17T15:00:00Z,525.99,0.0197557193,0.0195631077,-0,0.0197557193,0.0137068631,0.0062621171,-0.0113730126,-0.0065582596,-0.0026732132,-0.0063461283,-0.0032302933,-0.2,-0.2,-0.0666666667,-0.2,-0.0333333333,0.6,0.6,0.5333333333,0.6,0.5166666667,0.4,0.4,0.4666666667,0.4,0.4833333333,0.23087909,-0.0459882827,-0.0921810468,0.0008819814,-0.0657702612,-0.7038999697,-0.5318976119,-0.3643404388,-0.7762123045,-0.2050240048,0.2,0,0.0333333333,0,0.0666666667,0.8,0.9,0.9333333333,0.6,0.9666666667,-0.6,-0.9,-0.9,-0.6,-0.9,1.0336860016,1.0619593528,1.0659375654,1.0025057511,1.1176131359,1.0963516417,1.1309720717,1.1366565904,1.036920854,1.2468868229,0.9480503432,0.9480503432,0.9480503432,0.9480503432,0.9480503432,1.0006654119,1.0217114394,1.0500199624,1,1.0549630221,1.0549630221,1.1048308903,1.1048308903,1.0095248959,1.1714101029,0.2,0.1,0.0666666667,0.4,0.0333333333,0.0174925552,0.000344113,-0.0271759735,0.0101865054,-0.0223194835,-0.0741405714,-0.0645407982,-0.0563170548,-0.0520994774,-0.1424588747,0.8977633428,0.8385401375,0.3710871496,0.444286738,0.7236818324,0.3502980578,0.2839993764,0.275439746,0.5845544978,0.173839743,0.0344763722,0.0412973799,0.0379826155,0.0134645601,0.065761002,-0.4971084622,-0.1988275258,-0.1077620241,-0.4932605357,-0.1311322878,0.7485542311,0.5994137629,0.553881012,0.7466302679,0.5655661439,0.2514457689,0.4005862371,0.446118988,0.2533697321,0.4344338561,0.6335353231,0.5511079093,0.6333437362,0.802134676,0.6140575315,0.294499337,0.2637959152,0.3367585956,0.3152864625,0.2859486386,0.323259528,0.0884175019,-0.0050755604,0.2495505256,0.0458357842,0.338370236,0.455791249,0.5025377802,0.3752247372,0.4770821079,0.661629764,0.544208751,0.4974622198,0.6247752628,0.5229178921,0.9916257937,1.1094415739,1.1708956314,0.6004569921,1.1734709153
2026-07-17T18:00:00Z,520.87,-0.0097340254,-0.0097817107,0.0006654119,-0.0103925219,0.0017859178,0.0046547859,-0.0102112375,-0.0067575778,-0.0031232784,-0.0030621844,-0.00341811,-0.4,-0.3,-0.1333333333,-0.2,-0.0333333333,0.7,0.65,0.5666666667,0.6,0.5166666667,0.3,0.35,0.4333333333,0.4,0.4833333333,0.2741980789,-0.1758096238,-0.11841038,-0.4690305323,-0.0551351979,-0.6853170324,-0.7365762012,-0.4908349126,-0.6547651938,-0.2514272007,0.1,0,0,0,0.05,0.7,0.85,0.9,0.4,0.95,-0.6,-0.85,-0.9,-0.4,-0.9,1.0339643289,1.0659300785,1.0735337032,1.006009177,1.1259172154,1.1071284582,1.1383646591,1.1478295928,1.0344615739,1.2591433563,0.9573694012,0.9573694012,0.9573694012,0.9573694012,0.9573694012,1.009829708,1.0194482308,1.0420066427,1,1.0629139709,1.0611092979,1.1026551731,1.1156910553,1.0105016607,1.1829247221,0.2,0.1,0.0666666667,0.4,0.0333333333,0.0119862398,-0.0017330894,-0.0282461663,0.0001151919,-0.0250829712,-0.0899370135,-0.1145431364,-0.0795723626,-0.0307772464,-0.1386022359,0.8564258563,0.844859605,0.4417957971,0.1877888961,0.7517868414,0.2846612397,0.235534341,0.2238294441,0.552982194,0.1412666603,0.0316927895,0.0423930444,0.0406714009,0.0099933566,0.0682714256,-0.6012381008,-0.4167749119,-0.1564139081,-0.3576989619,-0.1264522164,0.8006190504,0.7083874559,0.578206954,0.678849481,0.5632261082,0.1993809496,0.2916125441,0.421793046,0.321150519,0.4367738918,0.5772003259,0.4533695108,0.4923790143,0.7665278301,0.4970647155,0.2615561017,0.2370573181,0.2379461728,0.2381392025,0.2366154777,0.3952218734,0.0802855162,-0.047786373,0.5863972043,0.0406984907,0.3023890633,0.4598572419,0.5238931865,0.2068013978,0.4796507546,0.6976109367,0.5401427581,0.4761068135,0.7931986022,0.5203492454,0.877371319,0.9956228482,1.1942629655,0.6223735477,1.1666659383
2026-07-20T12:00:00Z,527.345,0.0124311248,0.0123544928,0.0251502294,-0.0124070641,0.0103563871,0.001104931,-0.007534427,-0.0063947451,-0.0030273824,-0.0004247694,-0.003396389,-0.2,-0.3,-0.1333333333,0.2,-0.0333333333,0.6,0.65,0.5666666667,0.4,0.5166666667,0.4,0.35,0.4333333333,0.6,0.4833333333,-0.0502563931,-0.229820259,-0.0326662762,-0.6048693549,-0.0332540407,-0.5752946505,-0.624131751,-0.4228407336,-0.606387073,-0.1896047361,0,0,0,0.8,0.0333333333,0.6,0.8,0.8666666667,0.2,0.9333333333,-0.6,-0.8,-0.8666666667,0.6,-0.9,1.0135746049,1.0469232666,1.0561804891,0.9940380586,1.1086165919,1.0935345931,1.1191155695,1.1281229556,1.0230494268,1.2436829779,0.9456143511,0.9456143511,0.9456143511,0.9456143511,0.9456143511,0.9974305246,1,1.019086177,0.9877215106,1.0484976628,1.0480425528,1.0853331311,1.1018593141,1,1.1640007964,0.5,0.25,0.1666666667,0.8,0.0833333333,0.0203303168,0.0138268117,-0.0122834442,0.0068114802,-0.0084231158,-0.0714449218,-0.1058463469,-0.1112337679,0.0019094122,-0.1725715093,0.7139183288,0.8274838836,0.4351667245,0.0035589849,0.7538325421,0.3676687392,0.3134597519,0.2979895059,0.7023386801,0.1824601584,0.0256125571,0.0405358504,0.0397217767,0.0100694352,0.0677454744,-0.4628414989,-0.3746436609,-0.2472650982,0.0241325489,-0.172768043,0.7314207494,0.6873218305,0.6236325491,0.4879337255,0.5863840215,0.2685792506,0.3126781695,0.3763674509,0.5120662745,0.4136159785,2.082223954,1.6787613459,1.8040427656,2.7455915162,1.8371063945,1.0098103417,0.8726687768,0.8890353666,1.0225008702,0.8734376041,-0.0555502952,0.0051018117,-0.0178105428,-0.0650392272,0.0008874217,0.5277751476,0.4974490942,0.5089052714,0.5325196136,0.4995562891,0.4722248524,0.5025509058,0.4910947286,0.4674803864,0.5004437109,0.8734677041,0.9615035534,1.2533513605,0.7288918238,1.190002481
2026-07-20T15:00:00Z,530.06,0.0051484322,0.0051352244,-0.0003034067,0.0054534936,0.0122347942,0,-0.0056644817,-0.0060593864,-0.0030110533,0.0056361544,-0.0033729103,0,-0.2,-0.0666666667,0.2,-0.0333333333,0.5,0.6,0.5333333333,0.4,0.5166666667,0.5,0.4,0.4666666667,0.6,0.4833333333,-0.2203830111,-0.2179872816,-0.0540851597,-0.8218351962,-0.0363148788,-0.3589896955,-0.6069402693,-0.3237786599,-0.8351751781,-0.1296846325,0.1,0.05,0.2333333333,0.6,0.0166666667,0.5,0.75,0.8333333333,0,0.9166666667,-0.4,-0.7,-0.6,0.6,-0.9,1.0041117987,1.0366444365,1.0474911645,0.9885918575,1.0995033581,1.0501829982,1.1051013093,1.1222880429,1.0178093046,1.237312757,0.9407708561,0.9407708561,0.9407708561,0.9407708561,0.9407708561,0.992321624,0.9948779383,1.0017733841,0.9826623401,1.0427121458,1.0138663548,1.0717843263,1.0835377127,0.9948779383,1.155595593,0.6,0.3,0.2,1,0.1,0.0213783688,0.0209197342,-0.0038308911,0.0001358337,-0.0000025051,-0.0409625475,-0.0895255763,-0.089572491,-0.0017702448,-0.1708743939,0.5088319812,0.799258418,0.435041649,0.6923621688,0.7531989894,0.5413397707,0.3604270708,0.3263004729,0.7688257622,0.1997327989,0.0228086694,0.0390823673,0.0395132046,0.0095792435,0.0673054487,-0.3012240553,-0.3222256569,-0.2017408124,-0.0236775819,-0.1713971915,0.6506120277,0.6611128284,0.6008704062,0.5118387909,0.5856985957,0.3493879723,0.3388871716,0.3991295938,0.4881612091,0.4143014043,2.4316567095,1.9060601724,2.1034247964,2.8708367617,2.1445509725,1.1888586018,1.0412783851,1.0485217839,1.4984890554,1.0280179061,-0.0057086302,-0.071171715,-0.0085266198,-0.2487381532,-0.0061093098,0.5028543151,0.5355858575,0.5042633099,0.6243690766,0.5030546549,0.4971456849,0.4644141425,0.4957366901,0.3756309234,0.4969453451,0.9660474516,1.0177152862,1.2838702372,0.8505303739,1.1892397453
2026-07-20T18:00:00Z,523.2,-0.0129419311,-0.0130264075,0.0004905105,-0.0134258561,0.0035827425,0.0005656962,-0.0040766032,-0.0061063711,-0.0031051002,0.0006899847,-0.0034234559,0,-0.2,-0.0666666667,0.2,-0.0333333333,0.5,0.6,0.5333333333,0.4,0.5166666667,0.5,0.4,0.4666666667,0.6,0.4833333333,-0.2929763245,-0.266592618,-0.0739178068,-0.7690935041,-0.0404864764,-0.263609907,-0.5444673526,-0.3662371262,-0.6880398403,-0.1128487958,0,0,0.2,0.4,0,0.4,0.7,0.8,0,0.9,-0.4,-0.7,-0.6,0.4,-0.9,1.0116427752,1.0453492928,1.057539182,1.0043826453,1.1102467189,1.0639525994,1.1195909786,1.1370030581,1.0311544343,1.2535359327,0.9531058869,0.9531058869,0.9531058869,0.9796827217,0.9531058869,1,1.0060015291,1.0131116208,1,1.0563455657,1.0149082569,1.0854740061,1.0939315749,1.0079224006,1.1637614679,0.3,0.15,0.1,0.4,0.05,0.0067019391,0.0126612331,-0.0125152289,-0.0057626147,-0.0092547699,-0.0533400883,-0.0890413344,-0.0995766358,0.014346646,-0.1805794832,0.3613361273,0.7961856411,0.4424238006,0.0254710406,0.7537306203,0.4230537115,0.2816715458,0.2550018188,0.3947270702,0.1560899577,0.0194791374,0.0394613421,0.0404059761,0.00611408,0.0682899757,-0.3595121951,-0.3180941718,-0.2189924681,0.2359693878,-0.1792014423,0.6797560976,0.6590470859,0.6094962341,0.3820153061,0.5896007212,0.3202439024,0.3409529141,0.3905037659,0.6179846939,0.4103992788,1.7558339674,1.401644452,1.4831474825,1.6571747173,1.5638939907,0.8917083852,0.7615836733,0.7389642177,0.9965153661,0.757525532,-0.038680168,0.0062798113,-0.0897335206,-0.5502511592,-0.0127188952,0.519340084,0.4968600944,0.5448667603,0.7751255796,0.5063594476,0.480659916,0.5031399056,0.4551332397,0.2248744204,0.4936405524,0.8851080228,1.0161354086,1.266488951,0.7726024217,1.178059807
2026-07-21T12:00:00Z,547.86,0.0471330275,0.0460559797,0.0443998471,0.0026169866,0.0053254763,0.0112914737,0.0010717735,-0.0047692677,-0.0031623113,0.009096302,-0.0031532683,0,-0.2,0,0.2,-0.0333333333,0.5,0.6,0.5,0.4,0.5166666667,0.5,0.4,0.5,0.6,0.4833333333,-0.2019957446,-0.2023768458,-0.1323664755,-0.2255362262,-0.0264578971,-0.5079508976,-0.5180687706,-0.3517976654,-0.3367868303,-0.08261848,0.9,0,0.1666666667,0.8,0.0166666667,0.3,0.65,0.7666666667,0,0.8833333333,0.6,-0.65,-0.6,0.8,-0.8666666667,0.9648222174,0.995095006,1.0102486645,0.967157668,1.0571551126,1.005311576,1.0653999197,1.0858248458,1.005311576,1.1964005403,0.9102051619,0.9102051619,0.9102051619,0.946263644,0.9102051619,0.9549885007,0.9607198919,0.9675099478,0.9549885007,1.0082685358,0.9692257146,1.026694776,1.0446920746,0.9675099478,1.1096813054,1,0.5,0.3333333333,1,0.1833333333,0.030354802,0.0502130367,0.03560485,0.014649728,0.0358663036,-0.0126869706,-0.0601777198,0.0094150161,0.0415787372,-0.1575855892,0.0393586573,0.6334113195,0.5062731306,0.545182315,0.7388686829,0.9441512331,0.578594531,0.5113028114,0.9100463679,0.3137536273,0.0155170744,0.0345544998,0.0384681596,0.0174224404,0.0635298167,-0.0674071237,-0.1983826274,0.0203943167,0.4771983417,-0.1561735685,0.5337035619,0.5991913137,0.4898028416,0.2614008292,0.5780867843,0.4662964381,0.4008086863,0.5101971584,0.7385991708,0.4219132157,1.5407963338,1.2842935365,1.3137475697,1.2459350077,1.4204047137,0.8285998579,0.683674263,0.6633057374,0.8238171519,0.6863849556,-0.0844112098,0.0234543908,-0.0545406067,-0.4108149959,0.0022323113,0.5422056049,0.4882728046,0.5272703033,0.7054074979,0.4988838443,0.4577943951,0.5117271954,0.4727296967,0.2945925021,0.5011161557,0.7560704342,0.9693503331,1.0885893281,0.790489247,1.1592899478
2026-07-21T15:00:00Z,553.22,0.0097835213,0.0097359726,-0.0000182528,0.0098019531,0.0034498494,0.0015697727,0.0045532327,-0.0034889993,-0.0031325854,0.0125718521,-0.0029815256,0.2,-0.1,0,0.6,-0.0333333333,0.4,0.55,0.5,0.2,0.5166666667,0.6,0.45,0.5,0.8,0.4833333333,-0.3984977889,-0.2213426311,-0.1282597672,-0.0806048346,-0.0327185441,-0.5643668865,-0.4742296793,-0.348934654,0.1309260148,-0.0789473224,0.9,0.15,0.1333333333,0.8,0,0.2,0.6,0.7333333333,0.4,0.8666666667,0.7,-0.45,-0.6,0.4,-0.8666666667,0.9583321283,0.9829312932,1.0004353301,0.9694823036,1.0439861176,1.0034163624,1.0496185966,1.0753045805,1.0034163624,1.1848089368,0.9013864285,0.9013864285,0.9013864285,0.9451935939,0.9013864285,0.9457358736,0.9514117349,0.9581360038,0.9532283721,0.9984996927,0.959835147,1.0030367666,1.0345703337,0.9903112686,1.0952062471,1,0.75,0.5333333333,1,0.2833333333,0.0211783246,0.0502142005,0.0449871583,0.0053739923,0.0439688862,0.0294188794,-0.0480271196,-0.0007586157,0.0621076276,-0.1493634295,0.4267524767,0.4198805318,0.5065671114,0.6806703127,0.7185579412,0.9665160776,0.6652643132,0.5670113808,0.9413225706,0.3479383909,0.0200197567,0.0310480152,0.0380954974,0.0215499296,0.0609127125,0.1712707182,-0.1547289056,-0.0017140758,0.702192316,-0.1468325347,0.4143646409,0.5773644528,0.5008570379,0.148903842,0.5734162674,0.5856353591,0.4226355472,0.4991429621,0.851096158,0.4265837326,2.0284688193,1.7276803243,1.722890297,1.0988970647,1.8893305773,1.1398037217,0.9120204938,0.8964318464,0.159904627,0.9276394292,-0.0470777891,0.0076273363,-0.0495364336,-0.7611503943,-0.0181567086,0.5235388946,0.4961863318,0.5247682168,0.8805751972,0.5090783543,0.4764611054,0.5038136682,0.4752317832,0.1194248028,0.4909216457,0.8599887549,0.9471441248,1.1353992854,1.0015608619,1.1509707535
2026-07-21T18:00:00Z,553.06,-0.0002892159,-0.0002892577,0.0014280033,-0.0017147705,0.0009656865,0.0061731738,0.0063507275,-0.0027161392,-0.0031526429,0.0137453441,-0.0028184157,0.2,-0.1,0,0.2,-0.0666666667,0.4,0.55,0.5,0.4,0.5333333333,0.6,0.45,0.5,0.6,0.4666666667,-0.3960432459,-0.1345411976,-0.1209878667,-0.2916457623,-0.0275525559,-0.436451721,-0.4554745307,-0.3674280841,0.4458116523,-0.0844967491,0.8,0.1,0.1,0.6,0.2833333333,0.1,0.55,0.7,0.2,0.85,0.7,-0.45,-0.6,0.4,-0.5666666667,0.9634406755,0.9823635772,1.0007705614,0.9790619463,1.0412236768,1.0037066503,1.0499222508,1.0756156656,1.0037066503,1.1660579322,0.9016471992,0.9016471992,0.9016471992,0.9454670379,0.9016471992,0.9460094746,0.9516869779,0.9584131921,0.9584131921,0.9987885582,0.9905977652,1.0002892995,1.0348696344,1,1.0913101653,0.9,0.75,0.5,0.8,0.2833333333,0.0079810509,0.0434397456,0.0449427603,-0.0065526344,0.0419195864,0.0507656648,-0.0167560024,0.0013760637,0.0487631437,-0.1553111875,0.6114153502,0.2664302951,0.5128245057,0.7435687861,0.6984199945,0.9636814598,0.6633132126,0.5653484384,0.9363551692,0.3719697747,0.0233282565,0.0303428278,0.0381047937,0.0225429132,0.0584045951,0.3282555283,-0.0582167454,0.0031166701,0.6468368759,-0.1546992424,0.3358722359,0.5291083727,0.498441665,0.1765815621,0.5773496212,0.6641277641,0.4708916273,0.501558335,0.8234184379,0.4226503788,0.9710416882,0.815908351,0.7736494852,0.6125804685,0.8799613011,0.5220153094,0.4242699651,0.3783680935,0.2070261508,0.4300250444,0.0733126839,0.0428976933,-0.0704671978,0.5300926278,0.0103197101,0.4633436581,0.4785511534,0.5352335989,0.2349536861,0.4948401449,0.5366563419,0.5214488466,0.4647664011,0.7650463139,0.5051598551,0.9901041252,1.0434718003,1.1556583238,1.212276999,1.159717967
2026-07-22T12:00:00Z,554.48,0.0025675334,0.0025642429,-0.030539182,0.0341496167,0.0013055561,0.0028722234,0.0082419018,-0.0021475245,-0.0031135546,0.0122204588,-0.0027734694,0.2,0,0,0.2,-0.0333333333,0.4,0.5,0.5,0.4,0.5166666667,0.6,0.5,0.5,0.6,0.4833333333,-0.384762632,-0.1816606671,-0.1149908691,-0.1572408436,-0.0028137483,-0.503577039,-0.4586651845,-0.3636338264,0.0676352369,-0.0853627672,0.9,0.05,0.0666666667,0.8,0.2666666667,0,0.5,0.6666666667,0,0.8333333333,0.9,-0.45,-0.6,0.8,-0.5666666667,0.9652079426,0.9799884577,0.9981733636,0.9853628625,1.036921981,1.0012624441,1.0472334439,1.072861059,1.0012624441,1.1630717068,0.8993381186,0.8993381186,0.8993381186,0.9430457365,0.8993381186,0.943586784,0.9492497475,0.9559587361,0.9880608859,0.9962307026,0.997439042,1,1.0322193767,0.9977276006,1.0875955851,1,0.8,0.5666666667,1,0.3333333333,-0.0022965006,0.0404130253,0.0469731788,-0.0098037801,0.044895365,0.0442184557,0.0028213846,-0.0010269345,0.0460702562,-0.08934437,0.8306141544,0.1664558396,0.5028139871,0.6591943898,0.6872935022,0.9876139078,0.6806292299,0.5801070519,0.978314746,0.3816801723,0.0259749515,0.0303517991,0.0380051141,0.0212860833,0.0579365396,0.3004094166,0.0101463415,-0.0023503216,0.6349453978,-0.0887598101,0.3497952917,0.4949268293,0.5011751608,0.1825273011,0.544379905,0.6502047083,0.5050731707,0.4988248392,0.8174726989,0.455620095,1.9348400765,1.7432386283,1.6369750246,1.3321380575,1.8573463612,1.1530290373,0.9066620439,0.8164675153,0.422019865,0.9233707005,-0.152842332,-0.0001756001,-0.022302342,0.037878827,-0.0267371352,0.576421166,0.5000878001,0.511151171,0.4810605865,0.5133685676,0.423578834,0.4999121999,0.488848829,0.5189394135,0.4866314324,1.0844483529,1.0906907411,1.1673226355,1.2529274169,1.156799655
2026-07-22T15:00:00Z,558.29,0.0068713028,0.006847803,0.0018305439,0.0050315484,0.0046445063,0.0000990108,0.0081274693,-0.0014967428,-0.0029553795,0.0039620986,-0.0027166196,0.4,0.1,0,0.6,0,0.3,0.45,0.5,0.2,0.5,0.7,0.55,0.5,0.8,0.5,-0.2284239103,-0.2011828921,-0.1214646494,0.0204422506,-0.0125157157,-0.4838154662,-0.5207958097,-0.358101866,-0.5941208439,-0.059543395,0.9,0,0.0333333333,0.8,0.25,0,0.45,0.6333333333,0.6,0.8166666667,0.9,-0.45,-0.6,0.2,-0.5666666667,0.9662317075,0.9738290136,0.9912569334,0.9912088699,1.0284941518,1.0046212542,1.0400866933,1.065539415,1.0046212542,1.1551344283,0.918107077,0.8932006663,0.8932006663,0.9576205914,0.8932006663,0.9421447635,0.9427716778,0.9494348815,0.9906321088,0.9894320156,0.9909186982,0.9939278869,1.0251750882,0.9931755897,1.0781314371,1,0.85,0.6333333333,1,0.4,-0.0028053195,0.0403900431,0.05159607,0.000866933,0.0516461273,0.0823768903,0.0106808595,-0.0031247768,0.0670680428,-0.0750049705,0.8279376504,0.0800039448,0.4599628353,0.8750450672,0.6747645075,0.9465838509,0.7270898116,0.6197058671,0.9016768293,0.4077341266,0.025655678,0.0305131682,0.037717345,0.0059899757,0.0572734071,0.6363636364,0.0375724384,-0.0072511809,0.9909630048,-0.0740456018,0.1818181818,0.4812137808,0.5036255905,0.0045184976,0.5370228009,0.8181818182,0.5187862192,0.4963744095,0.9954815024,0.4629771991,2.4466565751,2.5307239482,2.4476152719,1.8581657416,2.8056780957,1.5182065779,1.4122662645,1.2684857682,0.7655939714,1.4189479104,-0.4063334816,-0.1060637342,-0.0360450859,-0.1773217534,-0.0132137366,0.7031667408,0.5530318671,0.5180225429,0.5886608767,0.5066068683,0.2968332592,0.4469681329,0.4819774571,0.4113391233,0.4933931317,1.0675763458,1.0816030123,1.186744006,1.4685231011,1.1631112793
2026-07-22T18:00:00Z,553.91,-0.007845385,-0.007876322,0.000555267,-0.00839599,0.0017722879,0,0.0079984004,-0.0005482962,-0.0028624597,0.0011933347,-0.0027098606,0.2,0,-0.0666666667,0.2,0,0.4,0.5,0.5333333333,0.4,0.5,0.6,0.5,0.4666666667,0.6,0.5,-0.3031699827,-0.1269916184,-0.1370407157,-0.7127203983,-0.0178951706,-0.3888886258,-0.5019297031,-0.3663855758,-0.7707227136,-0.058653195,0.8,0.1,0,0.6,0.2333333333,0,0.4,0.6,0.4,0.8,0.8,-0.3,-0.6,0.2,-0.5666666667,0.9789126392,0.9802476937,0.9985915281,1.001231247,1.0351483093,1.0125652182,1.0410897077,1.0739650846,1.0125652182,1.1642685635,0.9359282194,0.9002635807,0.9002635807,0.9651929014,0.9002635807,0.9520409453,0.9502265711,0.9569424636,0.9987543103,0.9972558719,1,1.001029048,1.03328158,1.001029048,1.0808434583,0.8,0.75,0.5666666667,0.6,0.3333333333,-0.0149054408,0.0249611206,0.0429141375,-0.0036179163,0.0447925789,0.0530808571,-0.0249951594,-0.014885822,0.0110429672,-0.0814857806,0.808766492,0.0115695745,0.4273454853,0.2376859671,0.66592262,0.8360424028,0.7082238318,0.5741828197,0.7347560976,0.3777823366,0.025545743,0.0293935738,0.0378999854,0.0034615888,0.0575089409,0.4580052493,-0.0974672249,-0.0343765402,0.3998678123,-0.0798699716,0.2709973753,0.5487336125,0.5171882701,0.3000660939,0.5399349858,0.7290026247,0.4512663875,0.4828117299,0.6999339061,0.4600650142,1.1715981475,1.3758545983,1.3068843541,0.9852963688,1.5049141834,0.7227023825,0.7567210442,0.686905278,0.4111548335,0.7688662883,-0.2368160779,0.0164199247,-0.0240850566,-0.031084386,-0.0143614238,0.618408039,0.4917900376,0.5120425283,0.515542193,0.5071807119,0.381591961,0.5082099624,0.4879574717,0.484457807,0.4928192881,1.1528070904,1.1315038211,1.1808514623,0.6808942872,1.1558107916
2026-07-23T12:00:00Z,550.51,-0.0061381813,-0.0061570974,-0.0191005759,0.013214805,0.0138221707,0.0022454125,0.0062816132,0.000486555,-0.0024708709,-0.001029954,-0.0026882602,0.2,-0.1,-0.1333333333,-0.2,-0.0333333333,0.4,0.55,0.5666666667,0.6,0.5166666667,0.6,0.45,0.4333333333,0.4,0.4833333333,-0.2305263861,-0.1151260631,-0.2211346694,-0.479017544,-0.0082527844,-0.0105165505,-0.4911668001,-0.4765922268,-0.4630423288,-0.0234785845,0.7,0.05,0,0.4,0.2166666667,0.2,0.35,0.5666666667,0.2,0.7833333333,0.5,-0.3,-0.5666666667,0.2,-0.5666666667,0.9903425914,0.9843186318,1.0024737667,1.0064304009,1.0398024862,1.0188189134,1.0475195728,1.0770739859,1.0188189134,1.1714591924,0.949846506,0.9058236908,0.9058236908,0.9711540208,0.9058236908,0.9628526276,0.9560952571,0.9628526276,1.0046320684,1.0032515304,1.0061760913,1.0061760913,1.0319703548,1.0072114948,1.0831501698,0.5,0.55,0.3666666667,0.2,0.2,-0.018609851,0.0110590959,0.0333538617,-0.0043704928,0.0395011908,0.0569047939,-0.0381500668,-0.0641563961,-0.0048985937,-0.0944814541,0.6461995543,0.0106693487,0.3480630609,0.1014359275,0.6551528419,0.7271530155,0.6646368823,0.5499337046,0.6051829268,0.3545320888,0.0224447535,0.0271618154,0.0362501923,0.0045733764,0.0575175388,0.5003376097,-0.1507369438,-0.1708388031,-0.205770691,-0.0935885947,0.2498311951,0.5753684719,0.5854194016,0.6028853455,0.5467942974,0.7501688049,0.4246315281,0.4145805984,0.3971146545,0.4532057026,1.2342045688,1.8137674076,1.6646497908,1.2876620704,1.9890758272,0.411315112,1.0042828479,0.8905931311,0.5505674024,1.0168387836,-0.4026940949,-0.0065843649,-0.0806730643,-0.0197175169,-0.0004612517,0.7013470474,0.5032921824,0.5403365322,0.5098587585,0.5002306258,0.2986529526,0.4967078176,0.4596634678,0.4901412415,0.4997693742,1.3392098472,1.1386026404,1.1164111637,0.6595244653,1.15764219
2026-07-23T15:00:00Z,547.23,-0.0059581116,-0.0059759319,-0.0006176091,-0.0053438028,0.0095334169,0.0057891197,0.0043478478,0.0013806307,-0.0020627886,-0.0040714142,-0.0027201611,0,-0.1,-0.2,-0.2,-0.0333333333,0.5,0.55,0.6,0.6,0.5166666667,0.5,0.45,0.4,0.4,0.4833333333,-0.1944971621,-0.1048575681,-0.2172699644,-0.7330421884,-0.0229131717,-0.0425542917,-0.5536583075,-0.4511242852,-0.5717403294,0.0093113356,0.6,0,0,0.2,0.2,0.1,0.3,0.5333333333,0,0.7666666667,0.5,-0.3,-0.5333333333,0.2,-0.5666666667,0.9999122855,0.9883280339,1.0058911853,1.0103320359,1.0446807863,1.0249255341,1.0537982201,1.0784496464,1.0249255341,1.1784807119,0.9555397182,0.911253038,0.911253038,0.9769749465,0.911253038,1,0.9618259233,0.9686237962,1.0059938234,1.0059938234,1.0122069331,1.0109460373,1.0378085997,1.0132485427,1.0896423807,0.3,0.5,0.3333333333,0.2,0.1833333333,-0.0194776004,-0.0014440259,0.0240192492,-0.0021892075,0.0355639665,0.0377077625,-0.0364311875,-0.0721298133,-0.0105413518,-0.0751406987,0.3982294918,0.099872051,0.2734675993,0.7048278306,0.6602956193,0.6407690282,0.6225882956,0.5307940325,0.4801829268,0.3321024379,0.0197894896,0.0251913463,0.0341421609,0.0068583361,0.0579729926,0.3548041752,-0.1439704961,-0.1910450442,-0.357888275,-0.0740050269,0.3225979124,0.5719852481,0.5955225221,0.6789441375,0.5370025134,0.6774020876,0.4280147519,0.4044774779,0.3210558625,0.4629974866,1.0724525441,1.5490018284,1.4461973352,0.9142806178,1.7307126683,0.3558547972,0.879145948,0.7697359659,0.1739447956,0.8742367857,0.0063526759,-0.0352673156,0.0053861692,-0.4330540863,0.0086051309,0.4968236621,0.5176336578,0.4973069154,0.7165270432,0.4956974345,0.5031763379,0.4823663422,0.5026930846,0.2834729568,0.5043025655,1.4200238054,1.1587386215,1.1054119174,0.4019412421,1.166688142
2026-07-23T18:00:00Z,558.02,0.0197174862,0.0195256147,-0.0008954187,0.0206313787,0.0034202729,0.0036946263,0.003277606,0.0021291917,-0.0015433222,-0.0012938604,-0.002521051,0,0,-0.1333333333,-0.2,-0.0333333333,0.5,0.5,0.5666666667,0.6,0.5166666667,0.5,0.5,0.4333333333,0.4,0.4833333333,-0.2519524902,-0.2352662517,-0.218388713,-0.6333448116,-0.1903937126,-0.2896627395,-0.5730839932,-0.5308578775,-0.6947769085,0.0028231853,0.5,0.75,0.0333333333,0,0.1833333333,0,0.25,0.5,0.4,0.75,0.5,0.5,-0.4666666667,-0.4,-0.5666666667,0.9855883302,0.9696941866,0.9849978495,0.9920648005,1.0222372555,1.0051073438,1.0051073438,1.0497294004,1.0051073438,1.1556933443,0.9370631877,0.8936328447,0.8936328447,0.9714884771,0.8936328447,0.9817927673,0.9432278413,0.949894269,0.986541701,0.986541701,0.9936561414,0.9926346726,1.0080015053,1,1.0678470306,0.9,0.95,0.7333333333,0.8,0.45,-0.0003375571,0.0100784918,0.0373803228,0.0105229203,0.0521337494,0.0527487454,0.0096254749,-0.0414991927,0.0063843601,-0.1186328242,0.3003356354,0.2374286281,0.1753985287,0.0568136638,0.6280660131,0.9249407427,0.9541837473,0.6814189771,0.8480810235,0.4058877834,0.0171783041,0.0251967228,0.0318957532,0.0076767259,0.0550908265,0.4360573924,0.0381964388,-0.1069641829,0.1379579111,-0.1317441942,0.2819713038,0.4809017806,0.5534820915,0.4310210444,0.5658720971,0.7180286962,0.5190982194,0.4465179085,0.5689789556,0.4341279029,1.5173623238,2.2061895737,2.0186315431,1.2404318753,2.4487016767,0.5256901466,1.2705651875,1.1145934304,0.2760555836,1.2656756776,-0.0299260211,-0.0141208316,-0.0611182486,-0.1549325243,-0.028196432,0.5149630105,0.5070604158,0.5305591243,0.5774662622,0.514098216,0.4850369895,0.4929395842,0.4694408757,0.4225337378,0.485901784,1.2976151106,1.1877567833,1.124213351,0.4486946857,1.1589729996
2026-07-24T12:00:00Z,533.7,-0.0435826673,-0.0445609207,-0.01349414,-0.0305000999,0,0.0125342876,-0.0015816399,0.0023702384,-0.001487375,-0.0061663856,-0.0026035499,0,0,-0.1333333333,-0.6,-0.0333333333,0.5,0.5,0.5666666667,0.8,0.5166666667,0.5,0.5,0.4333333333,0.2,0.4833333333,-0.5691418943,-0.4429109288,-0.3868918402,-0.8792207952,-0.2355097758,-0.6996376506,-0.5966439257,-0.5450059105,-0.908280377,-0.0542421295,0.4,0.7,0,0.6,0.1666666667,0.9,0.2,0.4666666667,0.8,0.7333333333,-0.5,0.5,-0.4666666667,-0.2,-0.5666666667,1.0324676785,1.0121037099,1.0273446381,1.0280569608,1.0662444569,1.0509087502,1.0509087502,1.0975641746,1.0490725126,1.2083567547,0.9870713884,0.9343545063,0.9343545063,0.9870713884,0.9343545063,1.0265317594,0.986209481,0.993179689,1.025351321,1.0265317594,1.0389357317,1.0378677159,1.0460745737,1.0378677159,1.1158703391,0.1,0.45,0.3,0.2,0.15,-0.0253502989,-0.0346209749,-0.0057777012,-0.0157241896,0.0105602654,0.0200688073,-0.0343417529,-0.0707594804,-0.0440452095,-0.1338148178,0.1289787221,0.2759127765,0.1557465852,0.3144430736,0.6221067067,0.2025242149,0.5632183908,0.4022157167,0.2085222121,0.2395801279,0.0126495638,0.02601968,0.0326212366,0.0155515851,0.0571654684,0.1287080167,-0.1160288544,-0.1676913555,-0.5325969244,-0.1427804523,0.4356459917,0.5580144272,0.5838456777,0.7662984622,0.5713902262,0.5643540083,0.4419855728,0.4161543223,0.2337015378,0.4286097738,0.5541734475,0.7547462527,0.6931315727,0.5563483226,0.8105491316,0.2301962968,0.4294371662,0.376541445,0.2329072572,0.4122753823,0.171784652,0.0467735489,0.0547926739,0.5574575034,-0.0278773257,0.414107674,0.4766132255,0.472603663,0.2212712483,0.5139386629,0.585892326,0.5233867745,0.527396337,0.7787287517,0.4860613371,1.426742658,1.117170051,1.1447651594,1.3236691129,1.1592256802
2026-07-24T15:00:00Z,533.93,0.0004309537,0.0004308609,0.0002154769,0.0002154304,0.0139561459,0.0074464,-0.003723221,0.0026384369,-0.001212786,-0.008744592,-0.0025238543,0,0,-0.1333333333,-0.2,-0.0333333333,0.5,0.5,0.5666666667,0.6,0.5166666667,0.5,0.5,0.4333333333,0.4,0.4833333333,-0.7523385775,-0.4475032321,-0.38096297,-0.9130867874,-0.2175364539,-0.650457411,-0.6566739411,-0.5358271342,-0.9290185063,-0.0330854228,0.3,0.65,0,0.4,0.15,0.8,0.15,0.4333333333,0.6,0.7166666667,-0.5,0.5,-0.4333333333,-0.2,-0.5666666667,1.0294139681,1.0097039874,1.0238423888,1.0201299796,1.0628556178,1.0504560523,1.0504560523,1.0931957373,1.0486206057,1.2078362332,0.9866461896,0.9339520162,0.9339520162,0.9866461896,0.9339520162,1.0249096323,0.9857846534,0.9927518589,1,1.0249096323,1.0384881913,1.0361283314,1.0451182739,1.0310527597,1.111278632,0.2,0.5,0.3333333333,0.4,0.1666666667,-0.0126594736,-0.0347691377,-0.0062569919,-0.0026407956,0.0115980851,-0.0254262038,-0.0377905929,-0.0840738326,-0.0360708418,-0.149495046,0.4536598236,0.3609399568,0.1175199257,0.4795645721,0.6109432394,0.209275022,0.5669158428,0.4147603646,0.2154729526,0.2411529388,0.0158774455,0.0253235771,0.0306208781,0.0178579253,0.0559196127,-0.2437445319,-0.129772882,-0.2094623472,-0.4754878629,-0.1657951454,0.621872266,0.564886441,0.6047311736,0.7377439315,0.5828975727,0.378127734,0.435113559,0.3952688264,0.2622560685,0.4171024273,0.8726757357,1.1585995826,1.0935903016,0.8977848207,1.2690416141,0.3616207085,0.6699754957,0.5847007737,0.3676785528,0.6436863584,0.0135067654,-0.0410243474,0.0203099025,0.0653457702,0.0032152398,0.4932466173,0.5205121737,0.4898450487,0.4673271149,0.4983923801,0.5067533827,0.4794878263,0.5101549513,0.5326728851,0.5016076199,1.8224138393,1.1426214758,1.1798948421,1.4610917611,1.1801020396
2026-07-24T18:00:00Z,527.03,-0.0129230423,-0.0130072713,0.0002996648,-0.0132187459,0.0003931922,0.008734483,-0.0056580069,0.0022945363,-0.0010179042,-0.0122364951,-0.0025062277,-0.2,0,-0.1333333333,-0.2,-0.0333333333,0.6,0.5,0.5666666667,0.6,0.5166666667,0.4,0.5,0.4333333333,0.4,0.4833333333,-0.723135668,-0.5513098331,-0.3883941435,-0.8328939785,-0.2238312821,-0.7955475094,-0.6680431537,-0.5450187954,-0.9175741523,-0.0771445771,0.2,0.6,0.1,0.2,0.1333333333,0.9,0.1,0.4,0.8,0.7,-0.7,0.5,-0.3,-0.6,-0.5666666667,1.0379219399,1.0219385044,1.0338250827,1.0245754511,1.0737554472,1.0642088686,1.0642088686,1.1017778874,1.0623493919,1.2236495076,0.9911485115,0.9461795344,0.9461795344,0.9911485115,0.9461795344,1.0130922338,0.9986907766,1.0005976889,1.012655826,1.029827524,1.0520843216,1.0496935658,1.0528812402,1.0383279889,1.1190444567,0.1,0.3,0.2,0.2,0.1,-0.0124609087,-0.0437365994,-0.0190654712,-0.000102461,0.0001782698,-0.0473410217,-0.019314862,-0.0930944883,-0.0426513596,-0.1532022237,0.6388945366,0.2563191404,0.0908621898,0.6689146693,0.604222988,0.121153097,0.4559922836,0.3458935431,0.1243171219,0.1939686122,0.0203318016,0.0261336603,0.0292283667,0.0211585878,0.0558370163,-0.4462429715,-0.0687417219,-0.2262935542,-0.5158172232,-0.167999859,0.7231214858,0.5343708609,0.6131467771,0.7579086116,0.5839999295,0.2768785142,0.4656291391,0.3868532229,0.2420913884,0.4160000705,0.383054022,0.4415606543,0.4116283737,0.4706729048,0.4572296307,0.2411093441,0.268267496,0.2312721176,0.291473246,0.237670605,0.3433482397,0.1586687694,0.1351144872,0.5803355253,0.0477511558,0.3283258801,0.4206656153,0.4324427564,0.2098322373,0.4761244221,0.6716741199,0.5793343847,0.5675572436,0.7901677627,0.5238755779,1.5282414707,1.1343167137,1.1099788989,1.0591053665,1.1577227779
2026-07-27T12:00:00Z,512.01,-0.0284993264,-0.0289133168,0.0201886041,-0.0477244406,0.0026410252,0.0223371213,-0.0087662824,0.0012423321,-0.0012242096,-0.0192750142,-0.0026530582,-0.2,0,-0.1333333333,-0.2,-0.0333333333,0.6,0.5,0.5666666667,0.6,0.5166666667,0.4,0.5,0.4333333333,0.4,0.4833333333,-0.641063495,-0.4938401917,-0.3228246927,-0.6076279416,-0.220566242,-0.9068490923,-0.7129593987,-0.6010367797,-0.8676473314,-0.1145617769,0.1,0.55,0.0666666667,0,0.1166666667,0.9,0.05,0.3666666667,0.8,0.6833333333,-0.8,0.5,-0.3,-0.8,-0.5666666667,1.0603523369,1.0505180563,1.0608666497,1.0408742017,1.1025243648,1.0954278237,1.0954278237,1.1340989434,1.0935137986,1.259545712,0.9765434269,0.9739360559,0.9739360559,0.9765434269,0.9739360559,1.0423624539,1.0273041542,1.0293353645,1.0293353645,1.0496084061,1.0829475987,1.0804867092,1.0829475987,1.0428116638,1.1514618855,0.1,0.05,0.0333333333,0.2,0.0166666667,-0.0209040661,-0.0623202114,-0.0431156104,-0.0023241734,-0.0242591477,-0.0742234116,-0.0272257476,-0.0897357263,-0.0643605066,-0.1407498154,0.7664145796,0.0619923033,0.113178871,0.8825747464,0.61664165,0.1973057335,0.2145325938,0.1627339796,0.2005343129,0.091257223,0.0287614351,0.0287716422,0.0314965024,0.0290157603,0.0585100744,-0.5581237254,-0.0924814456,-0.214381278,-0.6150890674,-0.1508236225,0.7790618627,0.5462407228,0.607190639,0.8075445337,0.5754118113,0.2209381373,0.4537592772,0.392809361,0.1924554663,0.4245881887,0.5225313495,0.5919791541,0.5446821701,0.7350631023,0.593538651,0.341578148,0.3554946555,0.3079203059,0.3735415878,0.3088984678,0.11694914,0.0946439803,0.069864195,0.3413151833,0.0295718012,0.44152543,0.4526780098,0.4650679025,0.3293424083,0.4852140994,0.55847457,0.5473219902,0.5349320975,0.6706575917,0.5147859006,1.2535376029,1.1141835129,1.1300499908,0.7604486491,1.1590337085
2026-07-27T15:00:00Z,508.36,-0.007128767,-0.0071542981,-0.0015820004,-0.0055555556,0.0027875587,0.014827856,-0.0110192729,0.0002082548,-0.0015426168,-0.014281218,-0.0027471947,-0.4,-0.1,-0.1333333333,-0.6,-0.0666666667,0.7,0.55,0.5666666667,0.8,0.5333333333,0.3,0.45,0.4333333333,0.2,0.4666666667,-0.6055837128,-0.5017713239,-0.3382342204,-0.571724978,-0.2152991481,-0.8274746764,-0.6833960736,-0.5859043155,-0.2295570676,-0.1051343199,0,0.5,0.0333333333,0,0.1,0.8,0,0.3333333333,0.6,0.6666666667,-0.8,0.5,-0.3,-0.6,-0.5666666667,1.058893304,1.0558339563,1.0655618066,1.0288102919,1.1075578002,1.103292942,1.103292942,1.1422417185,1.082874341,1.2685891888,0.9835549611,0.9809288693,0.9809288693,0.9835549611,0.9809288693,1.0367259422,1.0291919112,1.0353686364,1.0071799512,1.0502990007,1.089601857,1.0882445511,1.0907231096,1.0498465654,1.1571524117,0.1,0.05,0.0333333333,0.2,0.0166666667,-0.0093065759,-0.0578123771,-0.0431938631,-0.0002478559,-0.0265155561,-0.0831770307,-0.0426365348,-0.0805903205,-0.088993226,-0.1474546567,0.8584155397,0.0014504903,0.1561266614,0.9005146237,0.6282948375,0.1373418761,0.1558556386,0.1182244985,0.165577342,0.066297398,0.0341610435,0.0315306903,0.0337915988,0.0212830989,0.0600216593,-0.6086038533,-0.1470702871,-0.1941358428,-0.9908220271,-0.1571984088,0.8043019266,0.5735351436,0.5970679214,0.9954110136,0.5785992044,0.1956980734,0.4264648564,0.4029320786,0.0045889864,0.4214007956,0.8852856002,0.9362285931,0.8880384834,1.3007026063,0.9581270284,0.5371399863,0.5655921894,0.4887069253,0.4700655519,0.4910834497,0.1117207625,-0.0247924758,0.0396062467,0.1756868668,0.0189640055,0.4441396188,0.5123962379,0.4801968766,0.4121565666,0.4905179972,0.5558603812,0.4876037621,0.5198031234,0.5878434334,0.5094820028,1.1820038115,1.1319873583,1.1358792195,0.7649391562,1.1465214584
2026-07-27T18:00:00Z,515.65,0.0143402313,0.0142383827,0.0001376977,0.0142005783,0.0058906831,0.004327046,-0.0106747295,-0.0010203852,-0.0017034776,-0.0107107534,-0.0027718353,-0.4,0,-0.0666666667,-0.2,-0.0333333333,0.7,0.5,0.5333333333,0.6,0.5166666667,0.3,0.5,0.4666666667,0.4,0.4833333333,-0.509503761,-0.4549055725,-0.3413162069,-0.0046113694,-0.2037556594,-0.8080466634,-0.6657204283,-0.6281376768,-0.2087835383,-0.1406824901,0.3,0.45,0,0,0.0833333333,0.7,0.85,0.3,0.4,0.65,-0.4,-0.4,-0.3,-0.4,-0.5666666667,1.0356540289,1.0408925628,1.0481224345,1.0072646175,1.0895108116,1.0857946281,1.0876951421,1.1260932803,1.0498981868,1.2506545137,0.9696499564,0.9696499564,0.967060991,0.9696499564,0.967060991,1,1.0146417143,1.0200523611,0.9929409483,1.0350043634,1.067603995,1.0728594977,1.0753030156,1.022069233,1.1304954911,0.3,0.15,0.1,0.6,0.05,0.0123822536,-0.0311989029,-0.0234220094,0.0141568894,-0.0077416694,-0.0763760769,-0.0002908104,-0.0665109796,-0.0338204984,-0.1253646787,0.8481016602,0.0357839129,0.185046497,0.6632731522,0.641429041,0.2613124061,0.2571053064,0.207121517,0.37820203,0.1161486648,0.0332935338,0.0311039885,0.0342756117,0.0185989664,0.0599367813,-0.5379762806,-0.0010271862,-0.1554869017,-0.5454820187,-0.132008073,0.7689881403,0.5005135931,0.5777434508,0.7727410094,0.5660040365,0.2310118597,0.4994864069,0.4222565492,0.2272589906,0.4339959635,0.7669844158,0.7051180978,0.6992307903,1.0415878611,0.7487709069,0.402977748,0.4058131741,0.3851423077,0.3626005716,0.3833756856,0.2097902852,-0.0836333433,0.0121412596,0.0479575678,-0.0046947397,0.3951048574,0.5418166717,0.4939293702,0.4760212161,0.5023473699,0.6048951426,0.4581833283,0.5060706298,0.5239787839,0.4976526301,1.0375355644,1.0912462356,1.0784029101,0.8089777916,1.1436194274
2026-07-28T12:00:00Z,488.14,-0.0533501406,-0.0548259908,-0.0380490643,-0.015906296,0.0032457714,0.015351894,-0.0136903099,-0.0028476901,-0.0021004523,-0.0151882657,-0.003058314,-0.4,-0.1,-0.1333333333,-0.6,-0.0666666667,0.7,0.55,0.5666666667,0.8,0.5333333333,0.3,0.45,0.4333333333,0.2,0.4666666667,-0.5574245961,-0.4869994058,-0.3445029901,-0.186494131,-0.2343028375,-0.8577038425,-0.7347255645,-0.6786650857,-0.2483631825,-0.2247534503,0.2,0.4,0.0666666667,0.2,0.0666666667,0.9,0.95,0.9666666667,0.8,0.9833333333,-0.7,-0.55,-0.9,-0.6,-0.9166666667,1.0805465645,1.0956769574,1.1017303779,1.0452697996,1.1472451551,1.1469865203,1.148994141,1.1813619044,1.1043757938,1.3211373786,0.9843999672,0.9843999672,0.9843999672,0.9843999672,0.9843999672,1.0488999058,1.0670504364,1.0718236571,1.0414225427,1.0878026796,1.1210513377,1.1333224075,1.1347359364,1.0563567829,1.1927111075,0.1,0.05,0.0333333333,0.2,0.0166666667,-0.0189401699,-0.0686239018,-0.0712738193,-0.0148932683,-0.0570248928,-0.1187377011,-0.071959543,-0.1407649927,-0.0857603057,-0.1803405313,0.8718247348,0.1755596725,0.2122520349,0.6817665917,0.6530912566,0.0959490959,0.0947787666,0.0792032867,0.1300264663,0.0463269962,0.0421139193,0.0391900813,0.0394617298,0.0260138915,0.0655383397,-0.6423478855,-0.2317110499,-0.3223556917,-0.7584893159,-0.1847201679,0.8211739428,0.6158555249,0.6611778459,0.8792446579,0.5923600839,0.1788260572,0.3841444751,0.3388221541,0.1207553421,0.4076399161,0.4856470349,0.3959722905,0.4016806571,0.6984401974,0.4097986513,0.2714662944,0.2504750094,0.2327702447,0.2105687642,0.2190462432,0.3313158792,0.0897092065,0.1503838919,0.4408216918,0.042370697,0.3343420604,0.4551453968,0.424808054,0.2795891541,0.4788146515,0.6656579396,0.5448546032,0.575191946,0.7204108459,0.5211853485,1.2775536771,1.5565807163,1.4244357564,0.9553713432,1.2789249505
2026-07-28T15:00:00Z,491.14,0.0061457779,0.0061269696,-0.0001741304,0.0063210089,0.0144655828,0.0029607319,-0.0145110757,-0.0045507368,-0.0022154332,-0.0126155475,-0.0030882894,-0.2,0,-0.1333333333,-0.2,-0.0666666667,0.6,0.5,0.5666666667,0.6,0.5333333333,0.4,0.5,0.4333333333,0.4,0.4666666667,-0.59002492,-0.492271096,-0.3551705336,-0.541107866,-0.2279739149,-0.7830558883,-0.7350865047,-0.6666556329,-0.5357869967,-0.2530961692,0.1,0.35,0.0333333333,0,0.05,0.8,0.9,0.9333333333,0.6,0.9666666667,-0.7,-0.55,-0.9,-0.6,-0.9166666667,1.061858126,1.0859576699,1.0894894192,1.0242700656,1.1361180112,1.1399804536,1.1419758114,1.1741458647,1.0976300037,1.3130675571,0.978387018,0.978387018,0.978387018,0.978387018,0.978387018,1.035061286,1.0499043043,1.0605326384,1,1.0792442074,1.0871238343,1.1263998045,1.1263998045,1.0424929755,1.1853646618,0.2,0.1,0.0666666667,0.4,0.0333333333,0.0034417145,-0.0427256703,-0.0573656374,0.0009610294,-0.0450134748,-0.1078454524,-0.0570775817,-0.141881208,-0.0680985902,-0.1981845935,0.8990080993,0.3695230749,0.2236892755,0.6080268815,0.6555899797,0.1337491337,0.1321177422,0.1104061574,0.1812516008,0.0645779468,0.0439586937,0.0431674864,0.0405438799,0.0228801944,0.0660544579,-0.5821158937,-0.1843949637,-0.3289716219,-0.6355587037,-0.2139401683,0.7910579469,0.5921974819,0.6644858109,0.8177793519,0.6069700842,0.2089420531,0.4078025181,0.3355141891,0.1822206481,0.3930299158,0.9544188998,0.7010282153,0.7567002977,1.1647943569,0.7563628466,0.4659780903,0.4288381279,0.4247060059,0.3653118691,0.4029550387,0.1326171091,-0.0659580722,0.057532721,-0.2145869386,0.0137998663,0.4336914454,0.5329790361,0.4712336395,0.6072934693,0.4931000668,0.5663085546,0.4670209639,0.5287663605,0.3927065307,0.5068999332,1.2441679364,1.60948436,1.4099217457,1.0940989936,1.3013516199
2026-07-28T18:00:00Z,487,-0.0084293684,-0.0084650965,0.0007126278,-0.009135486,0.014120328,0,-0.0149815195,-0.0061442003,-0.0024064818,-0.0138049281,-0.0031591898,-0.2,-0.1,-0.1333333333,-0.2,-0.1,0.6,0.55,0.5666666667,0.6,0.55,0.4,0.45,0.4333333333,0.4,0.45,-0.5902119465,-0.4648227096,-0.3519091652,-0.6480687392,-0.2279555172,-0.6687313739,-0.741368737,-0.6732259068,-0.4553917926,-0.2880984161,0,0.3,0,0.2,0.0333333333,0.7,0.85,0.9,0.4,0.95,-0.7,-0.55,-0.9,-0.2,-0.9166666667,1.0585174538,1.0910472279,1.0932125257,1.0227063655,1.1414356605,1.1496714579,1.1516837782,1.1841273101,1.0649794661,1.3242299795,0.9867043121,0.9867043121,0.9867043121,0.9867043121,0.9867043121,1.0085010267,1.0513552361,1.059137577,1.0023408624,1.0828439425,1.0958932238,1.1359753593,1.1356468172,1.0438603696,1.1947843943,0.1,0.05,0.0333333333,0.2,0.0166666667,0.008899384,-0.0326773247,-0.0583185401,0.0049034908,-0.0482395619,-0.1100634103,-0.0765058927,-0.142484857,-0.0488467022,-0.2066207256,0.9093848764,0.5402262099,0.2390656021,0.660689553,0.6573028415,0.0815850816,0.0805899558,0.0673461959,0.1698583421,0.039391635,0.0451241438,0.0482029222,0.0426003583,0.0240187515,0.067482826,-0.5856101118,-0.2539098147,-0.3281959766,-0.5485852161,-0.2224034229,0.7928050559,0.6269549073,0.6640979883,0.774292608,0.6112017115,0.2071949441,0.3730450927,0.3359020117,0.225707392,0.3887982885,1.1087939215,0.802444475,0.8472894176,1.2147521144,0.8364747072,0.4771281389,0.4703446099,0.4693959697,0.4160991278,0.4455663293,0.1003377671,0.0749538028,0.0284180799,-0.1342118997,0.0009476112,0.4498311164,0.4625230986,0.48579096,0.5671059498,0.4995261944,0.5501688836,0.5374769014,0.51420904,0.4328940502,0.5004738056,1.2023537557,1.5915503575,1.3973632431,1.3689212486,1.2890262795
2026-07-29T12:00:00Z,476.02,-0.0225462012,-0.0228042529,0.0024845996,-0.0249687634,0.0158538334,0.0113270928,-0.0138955201,-0.0079885757,-0.0029318624,-0.0168900466,-0.0032326658,-0.4,-0.2,-0.1333333333,-0.2,-0.1333333333,0.7,0.6,0.5666666667,0.6,0.5666666667,0.3,0.4,0.4333333333,0.4,0.4333333333,-0.542305202,-0.4466554388,-0.3943798846,-0.6762932931,-0.2058476162,-0.2767648352,-0.747272022,-0.6411941439,-0.078230952,-0.2936879639,0,0.25,0.5,0,0.0166666667,0.9,0.95,0.9666666667,0.8,0.9833333333,-0.9,-0.7,-0.4666666667,-0.8,-0.9666666667,1.0657073232,1.1105373724,1.1130593252,1.0327087097,1.1622697926,1.1564430066,1.1782488131,1.1782488131,1.089544557,1.3547750095,0.9883828411,0.9883828411,0.9883828411,0.9883828411,0.9883828411,1.0254611151,1.0679383219,1.0832528045,1.0230662577,1.1071593631,1.1071593631,1.1621780597,1.1618419394,1.0317633713,1.22081005,0.1,0.05,0.0333333333,0.2,0.0166666667,-0.003177483,-0.0346459032,-0.0705473205,0.0010713836,-0.0669061524,-0.1469481381,-0.1019507226,-0.1387371087,-0.0636163349,-0.247934276,0.9238221389,0.6901367049,0.2827524136,0.7565007836,0.6572739684,0.069125,0.0611861031,0.0611861031,0.1148375039,0.0317068975,0.0415248045,0.0554494977,0.0477232098,0.0274625686,0.0690538487,-0.7958074534,-0.3232830821,-0.3164410697,-0.6111111111,-0.2791702987,0.8979037267,0.661641541,0.6582205348,0.8055555556,0.6395851493,0.1020962733,0.338358459,0.3417794652,0.1944444444,0.3604148507,1.1166838759,0.7897001046,0.820743093,1.1862390981,0.7978648631,0.3786214454,0.4375440823,0.4377861175,0.3658232329,0.4202426639,0.1395094508,0.0919924779,0.0582776299,0.0912878212,0.0221896686,0.4302452746,0.4540037611,0.4708611851,0.4543560894,0.4889051657,0.5697547254,0.5459962389,0.5291388149,0.5456439106,0.5110948343,1.1013150989,1.4777421816,1.361370226,1.1750175321,1.2818766817
2026-07-29T15:00:00Z,474.345,-0.0035187597,-0.0035249651,-0.0000210075,-0.0034978257,0.0048738472,0.017699208,-0.0140232288,-0.0098329259,-0.0033648929,-0.009003995,-0.0032103675,-0.4,-0.2,-0.1333333333,-0.6,-0.1666666667,0.7,0.6,0.5666666667,0.8,0.5833333333,0.3,0.4,0.4333333333,0.2,0.4166666667,-0.331973291,-0.4361057943,-0.400933925,-0.7239444333,-0.2068382426,-0.3490284118,-0.7884968582,-0.6741928766,-0.0859623511,-0.3433272345,0,0.2,0.4666666667,0.4,0,0.9,0.95,0.9666666667,0.8,0.9833333333,-0.9,-0.75,-0.5,-0.4,-0.9833333333,1.0569574887,1.1093091526,1.11148496,1.0189398012,1.1605875822,1.1413211903,1.1824094277,1.1824094277,1.0507752796,1.3595589708,0.9822386659,0.9822386659,0.9822386659,0.9822386659,0.9822386659,1.0266788941,1.0354067187,1.0794042311,1.0035311851,1.1096143103,1.0870779707,1.1662819256,1.1659446184,1.0290822081,1.2249733844,0.1,0.05,0.0333333333,0.2,0.0166666667,0.006147041,-0.0158963563,-0.0626940126,-0.0009318112,-0.0658817419,-0.1112141653,-0.0933772936,-0.1417366288,-0.0801027829,-0.2577109056,0.9256167156,0.8645834318,0.3210319904,0.7870580343,0.659760259,0.1116485555,0.088730911,0.088730911,0.2591510305,0.0470722986,0.0418658006,0.0609782755,0.0514027455,0.0143531381,0.0684481902,-0.7382921823,-0.3016206205,-0.3210779793,-0.8731635134,-0.2952799319,0.8691460912,0.6508103102,0.6605389897,0.9365817567,0.6476399659,0.1308539088,0.3491896898,0.3394610103,0.0634182433,0.3523600341,0.7516923102,0.5360198217,0.5414248442,0.8230589905,0.5169438702,0.2506017109,0.2945654114,0.2900390071,0.2435658056,0.2739546763,0.1341280907,0.146472657,0.0864593755,0.2195408603,0.0434436428,0.4329359547,0.4267636715,0.4567703122,0.3902295699,0.4782781786,0.5670640453,0.5732363285,0.5432296878,0.6097704301,0.5217218214,1.2772781629,1.483033729,1.3374174829,1.2840224649,1.2828638591
2026-07-29T18:00:00Z,460.64,-0.0288924728,-0.0293180782,0.0011489528,-0.030006949,0.0334182653,0.0015161406,-0.0145491253,-0.0114159166,-0.0039833055,-0.01598971,-0.0032970555,-0.6,-0.3,-0.2,-0.6,-0.2,0.8,0.65,0.6,0.8,0.6,0.2,0.35,0.4,0.2,0.4,-0.3095691328,-0.5257279505,-0.4204691555,-0.5718389257,-0.217226541,-0.3355154034,-0.8238177257,-0.742984301,-0.8702616867,-0.4422633262,0.1,0.15,0.4333333333,0.2,0,0.9,0.95,0.9666666667,0.8,0.9833333333,-0.8,-0.8,-0.5333333333,-0.6,-0.9833333333,1.0724937044,1.1328461488,1.1377330091,1.0373154741,1.1886333869,1.17030653,1.2175885724,1.2175885724,1.082038034,1.3533344911,0.9984369573,0.9984369573,0.9984369573,0.9984369573,0.9984369573,1.0333883293,1.0596995485,1.1035949983,1.0297520841,1.1418678361,1.1115187565,1.2009812435,1.1950981243,1.0572247308,1.2468304967,0.1,0.05,0.0333333333,0.2,0.0166666667,-0.0070226404,-0.0243949412,-0.0799750791,-0.0053360542,-0.0913702508,-0.1372651846,-0.1592012558,-0.1698684448,-0.056336297,-0.280081269,0.9253960662,0.9112404363,0.3567996907,0.9481676593,0.6608081963,0.0090943539,0.0071322437,0.0071322437,0.0186964425,0.0044042085,0.0434410221,0.0689588675,0.0577192403,0.0232227162,0.0702407018,-0.7807606264,-0.5775393988,-0.3689814452,-0.8208955224,-0.3140674016,0.8903803132,0.7887696994,0.6844907226,0.9104477612,0.6570337008,0.1096196868,0.2112303006,0.3155092774,0.0895522388,0.3429662992,0.5832702346,0.4007204973,0.3875249582,0.5920074324,0.3603614437,0.2014882282,0.2402285913,0.2267018312,0.2259196669,0.2030964281,0.3246690193,0.2208587821,0.1306715599,0.1754548615,0.067686297,0.3376654903,0.3895706089,0.4346642201,0.4122725692,0.4661568515,0.6623345097,0.6104293911,0.5653357799,0.5877274308,0.5338431485,1.0457388648,1.4531570232,1.2840131659,1.0705310406,1.2605621211
2026-07-30T12:00:00Z,501.63,0.0889848906,0.0852459693,0.0436566516,0.0434321373,0.0170982839,0,-0.00814901,-0.0100705609,-0.0037634287,0.0027669796,-0.0029804701,-0.4,-0.3,-0.1333333333,-0.6,-0.1666666667,0.7,0.65,0.5666666667,0.8,0.5833333333,0.3,0.35,0.4333333333,0.2,0.4166666667,-0.5673930556,-0.5017243015,-0.4861219302,-0.7786921808,-0.2896320925,-0.5692252098,-0.8171395986,-0.7466449427,-0.6045394634,-0.4546824995,0,0.1,0.4,0.8,0,0.8,0.9,0.9333333333,0.6,0.9666666667,-0.8,-0.8,-0.5333333333,0.2,-0.9666666667,0.9797928752,1.03513496,1.0423871512,0.9567350438,1.088041817,1.0746765544,1.1180950103,1.1180950103,1.0163865798,1.2197237007,0.9168510655,0.9168510655,0.9168510655,0.9168510655,0.9168510655,0.9489464346,0.973107669,1,0.9456073201,1.0429998206,1.013416263,1.102525766,1.097442338,0.9708350776,1.1409704364,0.7,0.35,0.2333333333,1,0.1166666667,0.0568776697,0.060535369,0.0121825644,0.0377309969,-0.0001179488,-0.0481945999,-0.09325404,-0.0665785899,0.0213584721,-0.1720774398,0.4739504389,0.8715968248,0.3727095996,0.0205069452,0.6558282407,0.5268409751,0.413174839,0.413174839,0.8353695173,0.274534325,0.0339989386,0.0622001837,0.0533565354,0.0273256484,0.0637367646,-0.1984995311,-0.2763996785,-0.1282621164,0.1467338089,-0.1804930406,0.5992497656,0.6381998393,0.5641310582,0.4266330955,0.5902465203,0.4007502344,0.3618001607,0.4358689418,0.5733669045,0.4097534797,1.0206185929,0.7543080933,0.7152282126,1.1025350277,0.6568442907,0.3541780156,0.4252263832,0.4078159741,0.3883173427,0.3666431663,-0.0664531489,0.0991467384,0.0602255634,0.0999806344,0.0314459506,0.5332265745,0.4504266308,0.4698872183,0.4500096828,0.4842770247,0.4667734255,0.5495733692,0.5301127817,0.5499903172,0.5157229753,1.0314816687,1.4255055234,1.3805874592,0.9628947642,1.3670823102
2026-07-30T15:00:00Z,504.27,0.0052628431,0.0052490428,0.00007974,0.0051826898,0.0054418243,0.0031893476,-0.0040119801,-0.0093838544,-0.003934837,0.016615107,-0.0029112477,-0.2,-0.2,-0.0666666667,-0.2,-0.1333333333,0.6,0.6,0.5333333333,0.6,0.5666666667,0.4,0.4,0.4666666667,0.4,0.4333333333,-0.6410258809,-0.5371465956,-0.491728586,-0.8410546984,-0.2904779737,-0.5966101394,-0.8502423184,-0.7517340279,-0.5491255546,-0.4662804253,0.1,0.05,0.3666666667,0.6,0.0166666667,0.7,0.85,0.9,0.4,0.95,-0.6,-0.8,-0.5333333333,0.2,-0.9333333333,0.9731284828,1.0248780415,1.035471077,0.958575763,1.0791184947,1.028506554,1.1122414579,1.1122414579,1.0110655006,1.2129414798,0.9120510837,0.9120510837,0.9120510837,0.9120510837,0.9120510837,0.9439784243,0.9680131675,0.9947647094,0.940656791,1.0329188728,1,1.0916969084,1.0916969084,0.9947647094,1.1265988459,0.8,0.4,0.2666666667,1,0.1333333333,0.0449254278,0.0642685749,0.0215840592,0.008194023,0.0067633124,-0.0151168922,-0.0882182765,-0.0419310712,0.0354620123,-0.1622169427,0.1276644245,0.8078034459,0.4057171014,0.493539703,0.6490804291,0.7552149851,0.4393263992,0.4393263992,0.888243541,0.2922955249,0.0322515655,0.0602038456,0.0534692768,0.033446994,0.062579228,-0.0669666032,-0.257970708,-0.081580601,0.2467495356,-0.1694256464,0.5334833016,0.628985354,0.5407903005,0.3766252322,0.5847128232,0.4665166984,0.371014646,0.4592096995,0.6233747678,0.4152871768,1.0116256803,0.7629788015,0.7256685403,1.1468286609,0.6593096229,0.350429062,0.4239656477,0.4042856357,0.3448424468,0.3645663544,0.0041143592,0.0507174505,0.0575325315,0.1500947767,0.0314780644,0.4979428204,0.4746412747,0.4712337343,0.4249526116,0.4842609678,0.5020571796,0.5253587253,0.5287662657,0.5750473884,0.5157390322,1.1499610992,1.3969213754,1.3968867567,0.9718664656,1.3615699972
2026-07-30T18:00:00Z,510.5,0.0123544926,0.0122787987,0.0005255121,0.0118227675,-0,0.0069469908,0.0004541596,-0.0082811117,-0.0039146728,0.0227110676,-0.0028028112,0,-0.2,-0.0666666667,0.2,-0.1,0.5,0.6,0.5333333333,0.4,0.55,0.5,0.4,0.4666666667,0.6,0.45,-0.7105542928,-0.5540095757,-0.5152207918,-0.8264738361,-0.2955020444,-0.5821524792,-0.8382250601,-0.7592196927,-0.9359656088,-0.4943246166,0,0,0.3333333333,0.8,0,0.6,0.8,0.8666666667,0.2,0.9333333333,-0.6,-0.8,-0.5333333333,0.6,-0.9333333333,0.9616718903,1.0080631734,1.021495919,0.9603858962,1.0630700294,1.0159549461,1.0986679726,1.0986679726,1,1.1981390793,0.900920666,0.900920666,0.900920666,0.900920666,0.900920666,0.9324583741,0.9561998041,0.9826248776,0.9291772772,1.0103819785,0.9877962782,1.0719490695,1.078374143,0.9877962782,1.1124779628,0.9,0.5,0.3333333333,1,0.1666666667,0.0362843914,0.0706073877,0.0352668373,-0.0058080313,0.0196128996,0.0042096152,-0.0793175588,-0.038606403,0.0724339313,-0.1473049491,0.0016276234,0.7008388854,0.4107306525,0.7204288237,0.6375954501,0.861302682,0.5010401189,0.5010401189,1,0.3333553022,0.0323339322,0.0570394556,0.0528696139,0.0378405123,0.0607885148,0.0181110359,-0.2267711663,-0.0753399485,0.5285101165,-0.1522328287,0.4909444821,0.6133855832,0.5376699743,0.2357449418,0.5761164144,0.5090555179,0.3866144168,0.4623300257,0.7642550582,0.4238835856,1.4207115322,1.0887622318,1.0071458947,1.581757246,0.9165429979,0.4724089587,0.5720168514,0.5619298639,0.4935202248,0.5067738707,0.0280254098,0.0631674096,-0.003626377,-0.0212681262,0.0001873253,0.4859872951,0.4684162952,0.5018131885,0.5106340631,0.4999063374,0.5140127049,0.5315837048,0.4981868115,0.4893659369,0.5000936626,1.1202409456,1.3544557649,1.3885416817,1.0543572575,1.3505563134
2026-07-31T12:00:00Z,512.69,0.0042899119,0.0042807364,0.0223898139,-0.0177035235,0.0202517579,0.0218228498,0.0059808721,-0.0069543776,-0.0040848038,0.0220347578,-0.0027573188,0,-0.2,0,0.6,-0.0666666667,0.5,0.6,0.5,0.2,0.5333333333,0.5,0.4,0.5,0.8,0.4666666667,-0.4570528381,-0.4432567735,-0.4322194091,-0.5151059679,-0.2661406073,-0.0518536924,-0.7259049868,-0.7287613747,-0.2981795807,-0.5291251836,0.9,0.15,0.3,0.8,0.0333333333,0.5,0.75,0.8333333333,0,0.9166666667,0.4,-0.6,-0.5333333333,0.8,-0.8833333333,0.9569866781,0.9993100119,1.0169303088,0.9712418811,1.0562804359,1.0386393337,1.0920634301,1.0939749166,1.0386393337,1.1661432835,0.8970723049,0.8970723049,0.8970723049,0.8970723049,0.8970723049,0.928475297,0.9521153133,0.9784275098,0.9784275098,1.0057734693,0.9835768203,1.0414285436,1.0737677739,0.9957284129,1.1037859135,1,0.6,0.4,1,0.2,0.0160993973,0.0667565753,0.0422993458,-0.0153113968,0.0250604681,-0.0057403277,-0.081677981,-0.0060294688,0.0808377868,-0.1188773932,0.2999373561,0.5654566949,0.450132684,0.701108859,0.6301476096,0.7270597961,0.5278583575,0.5227340267,0.7270597961,0.3825299021,0.0313672332,0.053327892,0.0526975163,0.0372160737,0.0601542245,-0.026180789,-0.2371048253,-0.0120035509,0.5831495704,-0.1224963253,0.5130903945,0.6185524126,0.5060017754,0.2084252148,0.5612481626,0.4869096055,0.3814475874,0.4939982246,0.7915747852,0.4387518374,0.4884692137,0.3682318698,0.3148169708,0.5694966145,0.2820692015,0.2181670319,0.2162040379,0.2059643779,0.2598555768,0.1764113667,0.3121992593,0.2769814643,0.1142103372,0.3645081387,0.0804083212,0.3439003704,0.3615092678,0.4428948314,0.3177459306,0.4597958394,0.6560996296,0.6384907322,0.5571051686,0.6822540694,0.5402041606,1.1253342737,1.309819252,1.4462473341,0.9859852601,1.3708552126
2026-07-31T15:00:00Z,512.025,-0.0012970801,-0.001297922,-0.0001950496,-0.0011022455,0.0047991572,0.0150705242,0.0079418471,-0.0056900711,-0.0041456302,0.0057047996,-0.0028029926,0,-0.2,-0.0666666667,0.6,-0.0666666667,0.5,0.6,0.5333333333,0.2,0.5333333333,0.5,0.4,0.4666666667,0.8,0.4666666667,-0.2803942364,-0.4149344941,-0.3979064015,-0.2242195528,-0.2619929109,-0.2479375908,-0.684521864,-0.7253454992,-0.0070339207,-0.5282573728,0.8,0.1,0.2666666667,0.6,0.0166666667,0.4,0.7,0.8,0,0.9,0.4,-0.6,-0.5333333333,0.6,-0.8833333333,0.9628943899,0.9965177482,1.0173419267,0.9925745813,1.056175968,1.0399882818,1.0934817636,1.0953957326,1.0399882818,1.1676578292,0.8982373908,0.8982373908,0.8982373908,0.9389189981,0.8982373908,0.9296811679,0.9533518871,0.9796982569,0.9848542552,1.0012987647,0.9970216298,1.0423319174,1.0751623456,1,1.1052194717,0.9,0.6,0.4,0.8,0.2,0.0013672983,0.0575379271,0.042769711,-0.0039841805,0.0265123133,0.0489306347,-0.0756169775,-0.0265499344,0.1115513199,-0.0813717751,0.4577346014,0.4297678483,0.4611835459,0.8645682732,0.6429030472,0.7178974924,0.5212063619,0.5161466072,0.6043478261,0.377709315,0.033716433,0.0500491327,0.0528375752,0.0086767232,0.0605409884,0.2770399582,-0.2220778876,-0.0559573658,0.9747699896,-0.0838579656,0.3614800209,0.6110389438,0.5279786829,0.0126150052,0.5419289828,0.6385199791,0.3889610562,0.4720213171,0.9873849948,0.4580710172,2.6256001927,2.17523821,1.8127852396,2.695096067,1.6397713265,1.3780682887,1.2716811056,1.2210515249,1.6843338234,1.039007818,-0.1591323631,0.0029832732,-0.0441414106,-0.2843059733,-0.0277974547,0.5795661816,0.4985083634,0.5220707053,0.6421529867,0.5138987273,0.4204338184,0.5014916366,0.4779292947,0.3578470133,0.4861012727,1.3532413987,1.3229975981,1.5182866733,1.4532286083,1.4205889328
2026-07-31T18:00:00Z,502.24,-0.019110395,-0.0192953589,-0.0001855378,-0.0189283691,0.0011720352,0,0.0088469113,-0.0047625884,-0.0044666302,-0.0005047388,-0.0028986833,-0.2,-0.2,-0.0666666667,0.2,-0.1,0.6,0.6,0.5333333333,0.4,0.55,0.4,0.4,0.4666666667,0.6,0.45,-0.3378335281,-0.4339972282,-0.4111533666,-0.2257103355,-0.2831280108,-0.2689459747,-0.6343965276,-0.7423780413,0.0957360733,-0.5772312957,0.7,0.05,0.2333333333,0.4,0,0.3,0.65,0.7666666667,0,0.8833333333,0.4,-0.6,-0.5333333333,0.4,-0.8833333333,0.983864288,1.0111271504,1.0359260513,1.0121555432,1.0746406101,1.0602500796,1.1147857598,1.1167370182,1.0602500796,1.1904069767,0.915737496,0.915737496,0.915737496,0.9956793565,0.915737496,0.9477938834,0.9719257725,0.9987854412,1.0040418923,1.0194827174,1.0164463205,1.0493588723,1.0961094298,1.0194827174,1.1199526123,0.6,0.4,0.2666666667,0.2,0.1333333333,-0.0236753888,0.0341174396,0.0288400867,-0.0111460656,0.0108705459,0.0226004805,-0.0876823309,-0.035767082,0.0012160357,-0.1124933734,0.5341355073,0.3319978645,0.5073202898,0.0070662817,0.652602688,0.5830807385,0.4233269981,0.4192174344,0.0669133518,0.3067778181,0.0347690578,0.0476618868,0.0542785335,0.0084915347,0.0621407703,0.1193548387,-0.2475511565,-0.0732801007,0.0283589028,-0.1174278757,0.4403225806,0.6237755782,0.5366400503,0.4858205486,0.5587139379,0.5596774194,0.3762244218,0.4633599497,0.5141794514,0.4412860621,1.3388718773,1.1402117685,0.907342043,1.3281005885,0.818920887,0.7013477863,0.6253561805,0.6135061945,0.8703952688,0.5082565975,0.0017204102,0.0510604311,-0.0314588173,-0.041050379,-0.0380768516,0.4991397949,0.4744697845,0.5157294087,0.5205251895,0.5190384258,0.5008602051,0.5255302155,0.4842705913,0.4794748105,0.4809615742,1.2651515838,1.2613563415,1.5046289169,0.6172263209,1.4327514938
