date,Close,Return,LogReturn,Gap,Body,UpperShadow,LowerShadow,BETA10,BETA20,BETA30,BETA5,BETA60,CNTD10,CNTD20,CNTD30,CNTD5,CNTD60,CNTN10,CNTN20,CNTN30,CNTN5,CNTN60,CNTP10,CNTP20,CNTP30,CNTP5,CNTP60,CORD10,CORD20,CORD30,CORD5,CORD60,CORR10,CORR20,CORR30,CORR5,CORR60,IMAX10,IMAX20,IMAX30,IMAX5,IMAX60,IMIN10,IMIN20,IMIN30,IMIN5,IMIN60,IMXD10,IMXD20,IMXD30,IMXD5,IMXD60,MA10,MA20,MA30,MA5,MA60,MAX10,MAX20,MAX30,MAX5,MAX60,MIN10,MIN20,MIN30,MIN5,MIN60,QTLD10,QTLD20,QTLD30,QTLD5,QTLD60,QTLU10,QTLU20,QTLU30,QTLU5,QTLU60,RANK10,RANK20,RANK30,RANK5,RANK60,RESI10,RESI20,RESI30,RESI5,RESI60,ROC10,ROC20,ROC30,ROC5,ROC60,RSQR10,RSQR20,RSQR30,RSQR5,RSQR60,RSV10,RSV20,RSV30,RSV5,RSV60,STD10,STD20,STD30,STD5,STD60,SUMD10,SUMD20,SUMD30,SUMD5,SUMD60,SUMN10,SUMN20,SUMN30,SUMN5,SUMN60,SUMP10,SUMP20,SUMP30,SUMP5,SUMP60,VMA10,VMA20,VMA30,VMA5,VMA60,VSTD10,VSTD20,VSTD30,VSTD5,VSTD60,VSUMD10,VSUMD20,VSUMD30,VSUMD5,VSUMD60,VSUMN10,VSUMN20,VSUMN30,VSUMN5,VSUMN60,VSUMP10,VSUMP20,VSUMP30,VSUMP5,VSUMP60,WVMA10,WVMA20,WVMA30,WVMA5,WVMA60
2026-07-29T18:20:00Z,480.2,0.0072364971,0.0072104393,0.0007341374,0.0064975896,0.0014671977,0.0053447914,0.0022606111,-0.002153567,-0.0020294242,0.0030466472,-0.0017915636,0.2,-0.1,-0.1333333333,0.6,-0.0666666667,0.4,0.55,0.5666666667,0.2,0.5333333333,0.6,0.45,0.4333333333,0.8,0.4666666667,0.1627627147,0.2301920775,0.2169302046,0.2700098804,-0.1435891229,0.2282002345,-0.1955330044,-0.2916558627,0.5254930605,-0.3479326491,0.8,0.05,0.3666666667,0.6,0.0166666667,0.2,0.6,0.7333333333,0,0.8666666667,0.6,-0.55,-0.3666666667,0.6,-0.85,0.9846220325,0.996108913,1.0062286547,0.9909933361,1.0304742815,1.0038525614,1.0379633486,1.0379633486,1.0038525614,1.1226364015,0.9702623907,0.9702623907,0.9702623907,0.9800291545,0.9702623907,0.9795710121,0.9808413161,0.9858912953,0.9878071637,0.9978134111,0.9880049979,1.0141607663,1.0267180342,0.9928154935,1.0566847147,1,0.7,0.4666666667,1,0.2333333333,0.0052052175,0.0243499732,0.0231979955,0.0029133694,0.0223768443,0.0143106089,-0.0243208647,-0.0300165636,0.020031013,-0.0888564218,0.7390119399,0.5015649625,0.7438011099,0.7414690334,0.7861992586,0.8853068816,0.4392494617,0.4392494617,0.8382867133,0.1951619516,0.0075531325,0.0175343879,0.0203673082,0.005003693,0.0349917943,0.3294432288,-0.2005361032,-0.2033944703,0.8549410698,-0.2134554902,0.3352783856,0.6002680516,0.6016972351,0.0725294651,0.6067277451,0.6647216144,0.3997319484,0.3983027649,0.9274705349,0.3932722549,0.8393313349,0.8205231035,0.650290313,0.8939587891,0.7083011513,0.4506308651,0.529083697,0.5011878086,0.4717525482,0.5922094163,0.0587646673,0.069409126,-0.0295927026,-0.1616646551,-0.0564176764,0.4706176663,0.465295437,0.5147963513,0.5808323276,0.5282088382,0.5293823337,0.534704563,0.4852036487,0.4191676724,0.4717911618,0.7391080957,1.0636496593,1.3282861311,0.7306075248,1.3060761253
2026-07-29T18:40:00Z,488.75,0.0178050812,0.0176484275,0.0009787589,0.0168098696,0.0000416086,0,0.0037517477,-0.0012602811,-0.0017383885,0.0073810742,-0.0016322172,0.4,-0.1,-0.1333333333,0.6,-0.0666666667,0.3,0.55,0.5666666667,0.2,0.5333333333,0.7,0.45,0.4333333333,0.8,0.4666666667,-0.1526150042,0.1605979068,0.1673782769,0.0067647603,-0.1298982806,0.0437152392,-0.1777605157,-0.2921337306,0.2840064638,-0.2700276448,0.9,0,0.3333333333,0.8,0,0.1,0.55,0.7,0,0.85,0.8,-0.55,-0.3666666667,0.8,-0.85,0.971029156,0.9780040921,0.9881248082,0.9795130435,1.0107807332,1.0000409207,1.0198056266,1.0198056266,1.0000409207,1.1029974425,0.9532890026,0.9532890026,0.9532890026,0.9667928389,0.9532890026,0.9624347826,0.9636828645,0.9686445013,0.9705268542,0.9803580563,0.9754475703,0.9964194373,1.0081227621,0.9825063939,1.0367263427,1,0.85,0.5666666667,1,0.3666666667,0.0120879795,0.0339685787,0.0370818249,0.0057248082,0.0373696756,0.0376857749,-0.013403581,-0.0148155614,0.0301618751,-0.0909175455,0.7910621005,0.2045823406,0.593833535,0.8583463133,0.7580972331,0.9991247265,0.7022454629,0.7022454629,0.9987692308,0.3120131201,0.0121158895,0.0160667927,0.0195255691,0.0112668703,0.0324650299,0.6650430873,-0.1021224239,-0.0912250217,0.899434318,-0.2249010767,0.1674784564,0.5510612119,0.5456125109,0.050282841,0.6124505383,0.8325215436,0.4489387881,0.4543874891,0.949717159,0.3875494617,1.305214786,1.2505384833,0.9864731366,1.1941536095,1.0784262521,0.6387686318,0.7816953148,0.7490153947,0.6867160786,0.8772398091,0.0696787161,0.0240322019,0.0176297203,-0.1613422531,0.0236534103,0.465160642,0.487983899,0.4911851399,0.5806711265,0.4881732949,0.534839358,0.512016101,0.5088148601,0.4193288735,0.5118267051,0.7232096267,1.0000902765,1.2513999246,0.7827121814,1.2631814016
2026-07-29T19:00:00Z,480.295,-0.0172992327,-0.0174506128,0.0002046036,-0.0175002557,0.003907129,0.0004193515,0.0038825886,-0.0006891676,-0.0016411378,0.0049761084,-0.0015487425,0.4,-0.1,-0.1333333333,0.6,-0.1,0.3,0.55,0.5666666667,0.2,0.55,0.7,0.45,0.4333333333,0.8,0.45,-0.2571374137,0.1455416525,0.1461678658,-0.2880044831,-0.1235069785,0.0053560726,-0.1693032262,-0.3048334462,0.1169787887,-0.1226883685,0.9,0.1,0.3,0.8,0,0,0.5,0.6666666667,0,0.8333333333,0.9,-0.4,-0.3666666667,0.8,-0.8333333333,0.9901851987,0.9937970414,1.0045454703,0.9995273738,1.0265340398,1.0217886924,1.0325945513,1.0377580445,1.0217886924,1.1116709522,0.9700704775,0.9700704775,0.9700704775,0.9852070082,0.9700704775,0.9801684381,0.9806473105,0.9856962908,0.9926191195,0.9976160485,0.9998022049,1.0002602567,1.0247243881,1,1.0547684236,0.9,0.75,0.5,0.8,0.25,-0.0076568473,0.0127500509,0.0192510271,-0.0094795907,0.0191538647,0.0210569953,-0.0276838674,-0.0283919649,0.0140507558,-0.1090634217,0.8064446786,0.074793674,0.5364527448,0.4791711424,0.7539952916,0.5787037037,0.4786879787,0.4421716395,0.4043824701,0.2113659756,0.0124182688,0.0145307574,0.0193940505,0.01016622,0.0308883854,0.2868104821,-0.1897855805,-0.1608503811,0.2824103543,-0.26208572,0.3565947589,0.5948927902,0.5804251905,0.3587948228,0.63104286,0.6434052411,0.4051072098,0.4195748095,0.6412051772,0.36895714,0.7682674588,0.7022168983,0.5490752987,0.7722958177,0.594152592,0.3254010546,0.4177095043,0.408764165,0.3537688667,0.4667276344,0.1713717566,0.068349336,0.0569532024,0.2890016889,0.0435920211,0.4143141217,0.465825332,0.4715233988,0.3554991556,0.4782039894,0.5856858783,0.534174668,0.5284766012,0.6445008444,0.5217960106,0.8078769483,0.9647424944,1.2412776257,0.7035048064,1.2273073061
2026-07-29T19:20:00Z,471.77,-0.0177495081,-0.0179089198,-0.0024672337,-0.0153200726,0.0035899898,0,0.0023461612,-0.0004105559,-0.0016590327,-0.0020910613,-0.0015193393,0.4,-0.1,-0.1333333333,0.2,-0.1,0.3,0.55,0.5666666667,0.4,0.55,0.7,0.45,0.4333333333,0.6,0.45,-0.0416388345,0.1813835313,0.1610825955,-0.0336511101,-0.0108422694,-0.0463253925,-0.3067816139,-0.2894009235,-0.4003904974,-0.1469011951,0.8,0.05,0.2666666667,0.6,0,0,0.45,0.6333333333,0.8,0.8166666667,0.8,-0.4,-0.3666666667,-0.2,-0.8166666667,1.0090192255,1.0097139496,1.0211766327,1.0164974458,1.0430412772,1.0402526655,1.0512537889,1.0565105878,1.0402526655,1.1225597219,0.989973928,0.9875998898,0.9875998898,1,0.9875998898,1,0.9983678487,1.0006147063,1.0105559913,1.0105559913,1.0178688768,1.0180702461,1.0410581427,1.0180702461,1.0730016745,0.3,0.3,0.2,0.2,0.1,-0.019576951,-0.0058136683,0.0028793418,-0.0123153231,0.0017792314,0.009500781,-0.0392236727,-0.0436448409,-0.0054285383,-0.1091703881,0.3366617027,0.0312519459,0.5325892555,0.0631994472,0.753695127,0.1994097808,0.1948051948,0.1799446324,0,0.0918800063,0.0116141644,0.0133915121,0.0196765057,0.0117631904,0.0303079952,0.111,-0.2480680062,-0.2272295515,-0.0820455632,-0.2588480222,0.4445,0.6240340031,0.6136147757,0.5410227816,0.6294240111,0.5555,0.3759659969,0.3863852243,0.4589772184,0.3705759889,1.171958554,0.9698012682,0.8553736027,1.2879257371,0.9000898869,0.4839820699,0.4911280398,0.6046945464,0.3900310578,0.7034538343,0.0221271799,-0.140853281,0.0497422453,0.1606589131,0.0076134664,0.48893641,0.5704266405,0.4751288774,0.4196705435,0.4961932668,0.51106359,0.4295733595,0.5248711226,0.5803294565,0.5038067332,0.7483963263,0.9652453139,1.1636674452,0.4095006061,1.2235164036
2026-07-29T19:40:00Z,464.49,-0.0154312483,-0.0155515492,-0.0028827607,-0.0125847665,0.0048893518,0.0008503221,0.0000617164,-0.0004199043,-0.0017219575,-0.0104200306,-0.001532558,0.2,-0.1,-0.2,-0.2,-0.1,0.4,0.55,0.6,0.6,0.55,0.6,0.45,0.4,0.4,0.45,-0.2991689301,0.1148035307,0.1076726136,-0.5318640352,-0.0305056756,-0.4209613288,-0.0947201983,-0.359908221,-0.7893595986,-0.2073733871,0.7,0,0.2333333333,0.4,0,0.9,0.95,0.9666666667,0.8,0.9833333333,-0.2,-0.95,-0.7333333333,-0.4,-0.9833333333,1.0238002971,1.0231162135,1.0349612837,1.0271502078,1.0573376176,1.0565566535,1.0677301987,1.0730693879,1.0565566535,1.123823979,0.9991388404,0.9991388404,0.9991388404,0.9991388404,0.9991388404,1.0156731038,1.013520205,1.0156731038,1.0156731038,1.0248229241,1.0338220414,1.0338220414,1.0571379362,1.0340265668,1.0887209628,0.1,0.05,0.0333333333,0.2,0.0166666667,-0.0240780211,-0.0191271225,-0.0099929001,-0.0063101466,-0.0121271559,-0.0102282171,-0.0462217659,-0.0624508003,-0.025715784,-0.1095924549,0.0001758167,0.0316099923,0.5395899954,0.6830387269,0.7537511582,0.0149981252,0.0125549278,0.0116482236,0.0149981252,0.0069066736,0.0133689629,0.013618647,0.0202898906,0.0178304099,0.0305705485,-0.105913504,-0.2782791445,-0.3097097097,-0.3381136238,-0.2567015401,0.552956752,0.6391395723,0.6548548549,0.6690568119,0.6283507701,0.447043248,0.3608604277,0.3451451451,0.3309431881,0.3716492299,0.3006492252,0.2348491268,0.1932377564,0.3725182088,0.1853054121,0.2507045457,0.194381051,0.1885923848,0.316852889,0.1709668372,0.4004250015,0.3723335383,0.231004194,0.5078016022,0.1126054513,0.2997874993,0.3138332308,0.384497903,0.2460991989,0.4436972743,0.7002125007,0.6861667692,0.615502097,0.7539008011,0.5563027257,1.2725172198,1.3932266323,1.6524869868,0.8887300498,1.5222598631
2026-07-29T20:00:00Z,463.01,-0.0031862903,-0.0031913774,0.0021744279,-0.005349087,0.0000214823,0.0002577873,-0.0021023173,-0.0002940793,-0.0017911404,-0.0145320835,-0.0015517837,0,-0.2,-0.2,-0.6,-0.1,0.5,0.6,0.6,0.8,0.55,0.5,0.4,0.4,0.2,0.45,-0.2550684843,-0.2143535679,0.1047622824,-0.4362059015,-0.0319526118,0.302431538,0.2698011117,-0.1642539459,0.2729287767,-0.1441589366,0.6,0,0.2,0.2,0.25,0.9,0.95,0.9666666667,0.8,0.9833333333,-0.3,-0.95,-0.7666666667,-0.6,-0.7333333333,1.0253968597,1.0234708754,1.0361082914,1.0230081424,1.0588675191,1.0599339107,1.0629792013,1.0764994277,1.0599339107,1.1201593918,0.9997408263,0.9997408263,0.9997408263,0.9997408263,0.9997408263,1.0189196778,1.0159391806,1.0172566467,1.0031964752,1.0246862919,1.0371266279,1.0348588583,1.0599771063,1.0373318071,1.0920930433,0.1,0.05,0.0333333333,0.2,0.0166666667,-0.0159364318,-0.0206771221,-0.0101367559,0.0060560247,-0.0130898989,-0.0164836332,-0.0551009163,-0.0608887897,-0.0357975843,-0.0999027994,0.1521041261,0.0177504986,0.5526014364,0.9575147429,0.7551015576,0.0043057051,0.0040983607,0.0033764772,0.0043057051,0.0021522733,0.0154829868,0.0127278484,0.0208551272,0.0210024592,0.0309263604,-0.1712268314,-0.3402217742,-0.3032935947,-0.501312336,-0.2368966948,0.5856134157,0.6701108871,0.6516467973,0.750656168,0.6184483474,0.4143865843,0.3298891129,0.3483532027,0.249343832,0.3815516526,56.7879310345,47.8442970822,40.8982758621,69.6734748011,38.7281388152,56.431630567,42.7268592759,40.3574367495,74.1635772034,36.7177686004,-0.1205843989,-0.0580488041,-0.0068149675,-0.1070270525,-0.0243900604,0.5602921994,0.5290244021,0.5034074838,0.5535135263,0.5121950302,0.4397078006,0.4709755979,0.4965925162,0.4464864737,0.4878049698,1.3355189546,1.4444126189,1.6595301061,1.0000865653,1.5698275968
2026-07-29T20:20:00Z,460.64,-0.0051186799,-0.0051318253,-0.0066737219,0.0015654897,-0,0,-0.0038337965,-0.0004818484,-0.0018732003,-0.0104354811,-0.0016183124,-0.2,-0.2,-0.2,-1,-0.1,0.6,0.6,0.6,1,0.55,0.4,0.4,0.4,0,0.45,-0.2048481663,-0.1693600742,0.1129541633,-0.6875818193,-0.0320710745,0.555867386,0.472686674,0.0580821554,0.5993927291,-0.0466158604,0.5,0.75,0.1666666667,0,0.2333333333,0.9,0.95,0.9666666667,0.8,0.9833333333,-0.4,-0.2,-0.8,-0.8,-0.75,1.0276767107,1.0265896362,1.0391176769,1.0160667767,1.062782397,1.0653872873,1.0653872873,1.082038034,1.0653872873,1.1259226294,0.9984369573,0.9984369573,0.9984369573,0.9984369573,0.9984369573,1.0083579368,1.0187782216,1.0219911428,1.0051450156,1.0297520841,1.0424626606,1.0349730809,1.0639544981,1.0241620354,1.0977118791,0.1,0.05,0.0333333333,0.2,0.0166666667,-0.0104246266,-0.0220120764,-0.0119562731,0.0048041855,-0.0150421806,-0.0290869235,-0.0411723076,-0.0651079721,-0.0575140665,-0.0842329178,0.3705371882,0.0405751053,0.5656108521,0.8999505455,0.7699540286,0.0233463035,0.0233463035,0.0186964425,0.0233463035,0.0122605364,0.0180900649,0.0137935616,0.0215583027,0.0155567241,0.0319396586,-0.3134938664,-0.2741890768,-0.3174980206,-1,-0.2037901015,0.6567469332,0.6370945384,0.6587490103,1,0.6018950507,0.3432530668,0.3629054616,0.3412509897,0,0.3981049493,232.2939759036,202.3798192771,184.5939759036,286.9108433735,171.4865461847,267.6659017101,198.5976387673,184.3730936786,356.2080145788,167.8358635451,-0.0969765582,-0.0915687878,-0.0074843643,-0.0749806688,-0.0334071671,0.5484882791,0.5457843939,0.5037421822,0.5374903344,0.5167035835,0.4515117209,0.4542156061,0.4962578178,0.4625096656,0.4832964165,1.459362402,1.6213793764,1.6603058903,1.1915816346,1.6351213623
2026-07-30T12:00:00Z,482.7,0.0478898923,0.0467785158,0.0436566516,0.0040561622,-0,0,-0.0025717712,0.0000353821,-0.0015552649,0.0037310959,-0.0014888228,0,-0.1,-0.1333333333,-0.6,-0.1,0.5,0.55,0.5666666667,0.8,0.55,0.5,0.45,0.4333333333,0.2,0.45,-0.1104182231,-0.0928170148,0.0624889475,-0.0616902212,-0.0366780727,0.2725809742,0.1878672631,0.0146502473,-0.1478169142,-0.0510212467,0.4,0.7,0.1333333333,0.8,0.2166666667,0.8,0.9,0.9333333333,0.6,0.9666666667,-0.4,-0.2,-0.8,0.2,-0.75,0.9825875285,0.9800409157,0.9910458532,0.9706277191,1.0131998826,1.0166977419,1.0166977419,1.0325875285,1,1.0744665424,0.9528071266,0.9528071266,0.9528071266,0.9528071266,0.9528071266,0.9622747048,0.9722187694,0.975284856,0.9592086182,0.9826911125,0.9950176093,0.9876735032,1.0151439818,0.9773565362,1.047027139,0.9,0.95,0.7,1,0.3666666667,0.0289854417,0.0196229542,0.0315054877,0.0219100891,0.03072039,0.019128452,0.0074089534,-0.0171845095,0.0050073392,-0.0572449757,0.1645123439,0.0002245427,0.4497000105,0.1012580203,0.7425206987,0.7386511025,0.7386511025,0.5915346663,1,0.3879097488,0.018212101,0.0136153926,0.0200739178,0.0165819918,0.0299218905,0.1387867647,0.0382007963,-0.0694535879,0.0576531224,-0.1326424402,0.4306066176,0.4808996019,0.5347267939,0.4711734388,0.5663212201,0.5693933824,0.5191003981,0.4652732061,0.5288265612,0.4336787799,185.158,162.68025,150.0685,192.213,136.524,227.2581282617,168.3758014493,155.1412984409,310.7039622792,137.7998094907,-0.0371354331,-0.0412682083,-0.0245855817,-0.1501728248,-0.0539168148,0.5185677166,0.5206341041,0.5122927909,0.5750864124,0.5269584074,0.4814322834,0.4793658959,0.4877072091,0.4249135876,0.4730415926,1.4665830232,1.6370296365,1.6736171269,1.5796823981,1.6902566934
2026-07-30T12:20:00Z,484.53,0.0037911746,0.0037840063,-0.0021131137,0.0059167912,-0,0,-0.0014029841,0.0003404819,-0.0013006262,0.0123356655,-0.0014403984,0,0,-0.0666666667,-0.2,-0.0666666667,0.5,0.5,0.5333333333,0.6,0.5333333333,0.5,0.5,0.4666666667,0.4,0.4666666667,-0.0677708131,-0.0446227969,0.073447736,-0.111532916,-0.0340352974,0.1957468829,0.0921938049,-0.0089809993,-0.1601859016,-0.060999605,0.3,0.65,0.1,0.8,0.2,0.7,0.85,0.9,0.4,0.95,-0.4,-0.2,-0.8,0.4,-0.75,0.980978474,0.9776262564,0.9869196266,0.9722287578,1.0086449755,1.012857821,1.012857821,1.0286875942,1,1.070408437,0.9492085113,0.9492085113,0.9492085113,0.9492085113,0.9492085113,0.9586403319,0.9685468392,0.9716013456,0.9555858254,0.9789796297,0.9962231441,0.9910635048,1.008709471,0.9962231441,1.041689885,0.9,0.95,0.7333333333,1,0.3833333333,0.0253349544,0.0191391658,0.031939454,0.0030999113,0.0338467766,0.0214717136,0.0264161335,-0.0113650275,0.027047078,-0.0418627645,0.0439627769,0.0183464251,0.3286244438,0.66965915,0.7153351887,0.7979896239,0.7979896239,0.639054791,1,0.4190719455,0.0192192821,0.0144948625,0.0196377535,0.0213182072,0.0294936233,0.1533770047,0.1422379377,-0.0455400213,0.364363221,-0.0977874267,0.4233114976,0.4288810311,0.5227700106,0.3178183895,0.5488937133,0.5766885024,0.5711189689,0.4772299894,0.6821816105,0.4511062867,16.6040497009,14.4596180396,13.6162908422,15.0751955821,12.2182543335,21.1998958634,15.77880873,14.4124481854,29.3945900886,12.7095729155,-0.0231977246,-0.0435577287,-0.0166809323,-0.0972505945,-0.035575365,0.5115988623,0.5217788644,0.5083404661,0.5486252973,0.5177876825,0.4884011377,0.4782211356,0.4916595339,0.4513747027,0.4822123175,1.470606752,1.7451692645,1.6797908291,1.9789239745,1.7575623845
2026-07-30T12:40:00Z,486.37,0.0037974945,0.0037903022,0.0043547355,-0.0005548249,0.0005548249,0.0013356896,0.0000391895,0.0007873195,-0.0010087373,0.014517754,-0.0013974193,0,0,-0.0666666667,0.2,-0.0333333333,0.5,0.5,0.5333333333,0.4,0.5166666667,0.5,0.5,0.4666666667,0.6,0.4833333333,-0.0957597953,-0.0472519855,0.0693825776,0.1338253175,-0.0445417115,0.084052297,-0.0417746045,-0.0352973927,0.4270760666,-0.055857179,0.2,0.6,0.0666666667,0.8,0.1833333333,0.6,0.8,0.8666666667,0.2,0.9333333333,-0.4,-0.2,-0.8,0.6,-0.75,0.9792452248,0.9749917758,0.9828837442,0.9775479573,1.0043017661,1.0090260501,1.0090260501,1.0247959372,1.0011102658,1.0663589448,0.945617534,0.945617534,0.945617534,0.945617534,0.945617534,0.9550136727,0.9648827025,0.9679256533,0.9519707219,0.9752760244,0.9962168719,0.9875095092,1.0012953102,0.9962168719,1.0377490388,0.9,0.95,0.7666666667,1,0.4333333333,0.0205784223,0.0175286892,0.0317429471,-0.0065834653,0.0369221031,0.0201782905,0.0217427839,-0.0089856962,0.0471054275,-0.0306720344,0.0000306432,0.0857986971,0.2061796578,0.7934768479,0.6878660405,0.8576523995,0.8576523995,0.6868345884,0.9799925898,0.4504044274,0.0203343136,0.0154990997,0.0192284559,0.0230487459,0.0291793156,0.1461117861,0.1209818819,-0.0357171783,0.739688979,-0.0717850646,0.4269441069,0.439509059,0.5178585891,0.1301555105,0.5358925323,0.5730558931,0.560490941,0.4821414109,0.8698444895,0.4641074677,38.4549492386,38.3220177665,37.3096869712,1.035786802,33.4489213198,59.0176627098,44.3098773796,39.9408374897,0.9235288364,35.2236127055,-0.158541705,-0.0477065365,-0.0074460016,-0.9754832799,-0.0093240074,0.5792708525,0.5238532683,0.5037230008,0.9877416399,0.5046620037,0.4207291475,0.4761467317,0.4962769992,0.0122583601,0.4953379963,1.5943659126,1.8190645262,1.6813819311,0.715472406,1.773903861
2026-07-30T13:00:00Z,488.55,0.0044821843,0.0044721693,0.0020149269,0.0024622961,0.0015594542,0.0010054376,0.0019449639,0.0011779526,-0.0006661218,0.0121768499,-0.0013321276,0,0.1,-0.0666666667,0.6,-0.0333333333,0.5,0.45,0.5333333333,0.2,0.5166666667,0.5,0.55,0.4666666667,0.8,0.4833333333,-0.0614808343,-0.0316706138,0.0781032648,-0.0674407968,-0.0346436009,0.0454045209,-0.0800210901,-0.0481800767,0.7048185838,-0.0514349319,0.1,0.55,0.0333333333,0.8,0.1666666667,0.5,0.75,0.8333333333,0,0.9166666667,-0.4,-0.2,-0.8,0.8,-0.75,0.9765847917,0.9721891311,0.9782509467,0.9836413878,0.9992455566,1.0045235902,1.0045235902,1.0202231092,1.0015556238,1.061600655,0.9413980145,0.9413980145,0.9413980145,0.9413980145,0.9413980145,0.950752226,0.9605772183,0.9636065909,0.9880257906,0.9709241633,0.995537816,0.9880257906,0.9968273462,0.995537816,1.0154538942,0.9,0.95,0.8333333333,1,0.5,0.0146628706,0.0166203196,0.0314078197,-0.0079950875,0.0400522065,0.0173885881,0.0319480382,-0.0073551822,0.0551607957,-0.0333399288,0.0673253814,0.165569002,0.0939226109,0.6875391312,0.646301028,0.9283398184,0.9283398184,0.7434432615,0.9741408642,0.4875266071,0.0215302519,0.0166929891,0.0188129891,0.0207683139,0.0286964841,0.1293170203,0.1776590122,-0.0291324642,0.8434610304,-0.0791339877,0.4353414899,0.4111704939,0.5145662321,0.0782694848,0.5395669938,0.5646585101,0.5888295061,0.4854337679,0.9217305152,0.4604330062,6.8614641586,7.3808591764,7.4359684799,0.3691408236,6.6835621081,11.9683443604,8.9936612281,8.0278215865,0.3655867814,7.0675599008,-0.0956339815,-0.0451970915,-0.005804873,0.4462531575,-0.003133023,0.5478169907,0.5225985458,0.5029024365,0.2768734213,0.5015665115,0.4521830093,0.4774014542,0.4970975635,0.7231265787,0.4984334885,1.7110868846,1.8685317926,1.6829690307,0.7451569164,1.780918928
2026-07-30T13:20:00Z,491.34,0.0057107768,0.0056945321,-0.0000614062,0.0057725375,0.0056087775,0.0006959797,0.0050928753,0.001520072,-0.0002410357,0.0043350836,-0.0012518337,0,0.2,-0.0666666667,1,-0.0333333333,0.5,0.4,0.5333333333,0,0.5166666667,0.5,0.6,0.4666666667,1,0.4833333333,0.0391932409,-0.0158331567,0.0955306061,-0.4226437216,-0.0227252516,0.0942593257,-0.0035804909,-0.0225115886,0.9181272793,-0.0518776788,0.9,0.95,0,0.8,0.15,0.4,0.7,0.8,0,0.9,0.5,0.25,-0.8,0.8,-0.75,0.9715665323,0.9687385517,0.9724213376,0.990552367,0.9930670886,1.0055765865,1.0055765865,1.0144299263,1.0055765865,1.055572516,0.9360524281,0.9360524281,0.9360524281,0.9784466968,0.9360524281,0.945353523,0.9551227256,0.9581348964,0.9861399438,0.9654109171,0.9898848048,0.9861399438,0.9911670127,0.994321651,1.009545325,1,1,0.9666666667,1,0.6333333333,0.005515529,0.0168207642,0.03107368,0.0007774657,0.0438620069,0.0052992327,0.0431847134,-0.008175377,0.066646405,-0.0293751605,0.4404964503,0.2374814048,0.0130872956,0.9912414016,0.5933107609,0.9197892272,0.9197892272,0.8158919761,0.7944486122,0.5350361856,0.0220403663,0.0179864387,0.0182366738,0.0061577601,0.0281452975,0.0440401292,0.2378947368,-0.0327061294,1,-0.0691917547,0.4779799354,0.3810526316,0.5163530647,0,0.5345958773,0.5220200646,0.6189473684,0.4836469353,1,0.4654041227,0.6530071034,0.6899887248,0.6820137558,0.231999098,0.603853873,1.0678959477,0.7967793158,0.7119882632,0.3850946617,0.6282709322,0.0525097557,0.0577901491,0.0374596405,0.9409998083,0.0228946826,0.4737451221,0.4711049254,0.4812701797,0.0295000958,0.4885526587,0.5262548779,0.5288950746,0.5187298203,0.9704999042,0.5114473413,1.7932538693,1.8029670033,1.6478429663,1.6724573366,1.7453116198
2026-07-30T13:40:00Z,502.89,0.0235071437,0.0232351058,-0.0004274026,0.0239447804,0.0000407224,0.0025247898,0.0081317862,0.002074087,0.0003084131,0.0082900833,-0.0010973602,0.2,0.3,0,1,-0.0333333333,0.4,0.35,0.5,0,0.5166666667,0.6,0.65,0.5,1,0.4833333333,-0.0268246512,-0.0475439933,0.0694961803,-0.4351304216,-0.0257033753,0.248283598,0.0870305982,0.027019324,0.7856339446,-0.0353545949,0.9,0.95,0.9666666667,0.8,0.1333333333,0.3,0.65,0.7666666667,0,0.8833333333,0.6,0.3,0.2,0.8,-0.75,0.9537453519,0.9497206148,0.9506787435,0.9758316928,0.9699979121,1.0000397701,1.0000397701,1.0000397701,1.0000397701,1.0313289188,0.9145538786,0.9145538786,0.9145538786,0.9578237786,0.9145538786,0.923641353,0.9331861839,0.9361291734,0.9671498737,0.9432380839,0.9714848178,0.9671498737,0.9684026328,0.9770327507,0.9863588459,1,1,1,1,0.8333333333,0.0096616104,0.030575559,0.0448492659,0.0075881405,0.0623742147,0.0470440042,0.0690916048,0.0180577768,0.0418272219,-0.0154276876,0.7819316976,0.3285371332,0.0194879982,0.8259171566,0.4903768571,0.9995347755,0.9995347755,0.9995347755,0.9990579369,0.7317156237,0.0264136558,0.0208655845,0.0191222278,0.0129004735,0.0271384184,0.36499475,0.3369970966,0.0665870409,1,-0.0355114917,0.317502625,0.3315014517,0.4667064795,0,0.5177557458,0.682497375,0.6684985483,0.5332935205,1,0.4822442542,0.6564385628,0.7331699122,0.7123270555,0.4342292924,0.6249485738,1.0805260513,0.8052903344,0.721117402,0.4680580376,0.6366686766,-0.0067108395,0.0548307031,0.0348910121,0.9167298139,0.0267781587,0.5033554198,0.4725846484,0.4825544939,0.041635093,0.4866109206,0.4966445802,0.5274153516,0.5174455061,0.958364907,0.5133890794,1.7329897837,1.595168846,1.5289123845,1.5056430969,1.6872438138
2026-07-30T14:00:00Z,501.76,-0.0022470123,-0.0022495406,-0.0010340233,-0.0012142445,0.0040010351,0.0073451838,0.0095117308,0.0024431445,0.0007913967,0.0089923469,-0.0009907313,0.2,0.3,0,0.6,-0.0333333333,0.4,0.35,0.5,0.2,0.5166666667,0.6,0.65,0.5,0.8,0.4833333333,-0.0934766087,-0.0312720425,0.083914917,-0.0767638093,-0.0282053457,0.4066430184,0.1529549161,0.0223897458,0.7719615973,-0.0217279494,0.9,0.95,0.9666666667,0.8,0.1166666667,0.2,0.6,0.7333333333,0,0.8666666667,0.7,0.35,0.2333333333,0.8,-0.75,0.9618702168,0.9552903779,0.9535325654,0.984897162,0.9720216505,1.0052216199,1.0052216199,1.0052216199,1.0052216199,1.0336515466,0.9166135204,0.9166135204,0.9166135204,0.9680325255,0.9166135204,0.9257214605,0.9382374043,0.9382374043,0.9736726722,0.9453623246,0.9792330995,0.9736726722,0.9705835459,1,0.9885801977,0.9,0.95,0.9666666667,0.8,0.8333333333,-0.0046730056,0.0214997495,0.0349921824,-0.0028818559,0.0572049228,0.0635691121,0.0736738493,0.0218520253,0.0355602336,-0.0095538887,0.8937762264,0.3813219582,0.1120315425,0.8697122357,0.4036545281,0.9410706253,0.9410706253,0.9410706253,0.8595927117,0.7124733929,0.0288982888,0.0228138757,0.0204650733,0.0136364166,0.0270054407,0.5501742799,0.3643000741,0.081195611,0.884043099,-0.0221145938,0.22491286,0.317849963,0.4594021945,0.0579784505,0.5110572969,0.77508714,0.682150037,0.5405978055,0.9420215495,0.4889427031,0.89616208,1.0042986566,0.9124176517,0.7759610313,0.8603580404,1.4670414542,1.0923934203,0.9286660206,0.5900088532,0.8612510832,0.0046865025,0.0108279948,-0.0717124322,0.52681576,0.0182148692,0.4976567488,0.4945860026,0.5358562161,0.23659212,0.4908925654,0.5023432512,0.5054139974,0.4641437839,0.76340788,0.5091074346,1.9601576495,1.6238368944,1.6036188981,1.4080926123,1.6873855713
2026-07-30T14:20:00Z,507.88,0.0121970663,0.0121232815,0.001036352,0.0111491598,0.0039221152,0.0008760054,0.0097282584,0.0029048363,0.0012719562,0.0096637001,-0.0008569641,0.4,0.3,0.0666666667,0.6,0,0.3,0.35,0.4666666667,0.2,0.5,0.7,0.65,0.5333333333,0.8,0.5,0.0158802567,-0.0415900309,0.0552726895,-0.2601165956,-0.0340647021,0.827197804,0.2157503172,0.1485704266,0.5815065169,-0.0076110385,0.9,0.95,0.9666666667,0.8,0.1,0.1,0.55,0.7,0,0.85,0.8,0.4,0.2666666667,0.8,-0.75,0.9588229503,0.9475781681,0.9434128141,0.9814995668,0.9604120724,1.003878869,1.003878869,1.003878869,1.003878869,1.0211959518,0.9055682445,0.9055682445,0.9055682445,0.9586122706,0.9055682445,0.9504213594,0.9289005277,0.9269315586,0.9674332519,0.933970623,0.9879499094,0.9623336221,0.9619398283,0.9901748445,0.9766677168,1,1,1,1,0.9166666667,-0.0026001131,0.0248258869,0.0381438211,-0.000826967,0.0648683685,0.0934142823,0.0822306037,0.0428747433,0.0442255896,0.0062409605,0.9059927435,0.4438734385,0.2379292353,0.8983174102,0.3061744323,0.9605447627,0.9605447627,0.9605447627,0.9143105698,0.8166879523,0.0293561915,0.0251413105,0.0225703074,0.0144192786,0.0268212162,0.8133083411,0.391101652,0.1555423123,0.9049221708,0.0141185962,0.0933458294,0.304449174,0.4222288439,0.0475389146,0.4929407019,0.9066541706,0.695550826,0.5777711561,0.9524610854,0.5070592981,0.5228485767,1.0563290722,1.0021920576,1.0188060095,0.9242323405,0.6024702581,1.1596701516,0.9696505331,0.483133927,0.911810969,-0.5881685685,-0.0115968289,0.0464744032,0.5137098175,0.0151445574,0.7940842843,0.5057984145,0.4767627984,0.2431450912,0.4924277213,0.2059157157,0.4942015855,0.5232372016,0.7568549088,0.5075722787,1.7478256272,1.5695882845,1.5311977469,1.0409383915,1.6460037542
2026-07-30T14:40:00Z,501.63,-0.0123060565,-0.0123824031,0.0002362763,-0.0125393701,0.0012795276,0.0043897638,0.0082599816,0.0031911907,0.0017264851,0.0050973825,-0.0007619603,0.4,0.2,0,0.2,-0.0333333333,0.3,0.4,0.5,0.4,0.5166666667,0.7,0.6,0.5,0.6,0.4833333333,-0.0493691245,-0.0358341528,-0.0039246256,-0.0372061076,-0.0301947526,0.862500506,0.291905289,0.1653783545,-0.6532657888,0.0156037719,0.8,0.9,0.9333333333,0.6,0.0833333333,0,0.5,0.6666666667,0,0.8333333333,0.8,0.4,0.2666666667,0.6,-0.75,0.9784681937,0.9624603792,0.9559393045,0.9989434444,0.9722446491,1.0163865798,1.0163865798,1.0163865798,1.0163865798,1.0339194227,0.9168510655,0.9168510655,0.9168510655,0.973187409,0.9168510655,0.9659111297,0.9442019018,0.9384805534,1,0.9456073201,1.0002591552,0.9794868728,0.9739250045,1.0025118115,0.9888363934,0.7,0.85,0.9,0.4,0.8333333333,-0.0156381107,0.0072233092,0.0190266613,-0.0091382094,0.0502331797,0.0834107255,0.0655521805,0.0237138018,0.0267731041,-0.0079501632,0.8259609792,0.4843445361,0.389754821,0.4504582953,0.2388737503,0.8353695173,0.8353695173,0.8353695173,0.6206737425,0.710259685,0.0261051556,0.0264406045,0.0239362611,0.010740758,0.0269990467,0.6644872677,0.2983372003,0.0845213849,0.4698275862,-0.0175976186,0.1677563661,0.3508313998,0.4577393075,0.2650862069,0.5087988093,0.8322436339,0.6491686002,0.5422606925,0.7349137931,0.4912011907,0.4786645888,0.7526156797,0.7361488052,0.9225125869,0.6871805322,0.4558640811,0.8362317928,0.7072027179,0.1429442707,0.6608972861,0.5619031939,-0.02559216,0.0136192417,0.5744350841,0.0285593003,0.219048403,0.51279608,0.4931903791,0.212782458,0.4857203498,0.780951597,0.48720392,0.5068096209,0.787217542,0.5142796502,1.3955573073,1.4965626576,1.4854540858,0.7249290638,1.5908247878
2026-07-30T15:00:00Z,502.63,0.0019935012,0.0019915168,0.00007974,0.0019136085,0.0062391612,0.0031893476,0.0055200554,0.0034858898,0.0020318243,-0.0001293198,-0.0006421292,0.6,0.2,0.0666666667,0.2,-0.0333333333,0.2,0.4,0.4666666667,0.4,0.5166666667,0.8,0.6,0.5333333333,0.6,0.4833333333,-0.1273438597,-0.026514289,0.0002457667,-0.307034631,-0.0297680778,0.8457351924,0.3435318003,0.1854714662,-0.5366542593,0.0372155941,0.7,0.85,0.9,0.4,0.0666666667,0,0.45,0.6333333333,0,0.8166666667,0.7,0.4,0.2666666667,0.4,-0.75,0.9848755546,0.9633497802,0.9555103489,1.0014483815,0.9701203337,1.014364443,1.014364443,1.014364443,1.014364443,1.0318624038,0.9564689732,0.9150269582,0.9150269582,0.9746533235,0.9150269582,0.9676501602,0.942323379,0.9366134134,0.9982691045,0.9437260012,1,0.998010465,0.9723852536,1.0005172791,0.9868690687,0.8,0.9,0.9333333333,0.6,0.8666666667,-0.009715804,0.0035342669,0.015028199,-0.001189742,0.0488224779,0.0911557833,0.0594174184,0.0462303817,0.0229779786,-0.0112715399,0.8286753685,0.5369472546,0.4841481123,0.0015802025,0.1735481379,0.7518900344,0.8553975566,0.8553975566,0.6382765531,0.7272882077,0.0174171943,0.0274311278,0.0252747139,0.0046006964,0.026693944,0.7399118943,0.2797459561,0.17231748,0.4333973129,-0.0252723504,0.1300440529,0.3601270219,0.41384126,0.2833013436,0.5126361752,0.8699559471,0.6398729781,0.58615874,0.7166986564,0.4873638248,0.6880350195,0.9123585073,0.8895472232,1.0728039146,0.858551468,0.5358323375,1.0254872621,0.8634817192,0.1572777302,0.8081784206,0.421521864,-0.0169816737,-0.0254690287,-0.3144823008,0.0215724811,0.289239068,0.5084908368,0.5127345144,0.6572411504,0.4892137594,0.710760932,0.4915091632,0.4872654856,0.3427588496,0.5107862406,1.3380324881,1.5626024957,1.5922803931,0.8621286806,1.5858078407
2026-07-30T15:20:00Z,502.31,-0.0006366512,-0.000636854,0.0004575931,-0.0010937438,0.0033011176,0.0028934495,0.0046781445,0.0036707105,0.0023008694,-0.000826183,-0.00052773,0.4,0.2,0.0666666667,-0.2,-0.0333333333,0.3,0.4,0.4666666667,0.6,0.5166666667,0.7,0.6,0.5333333333,0.4,0.4833333333,0.0392809299,-0.0300333257,-0.003755129,-0.3273050006,-0.0309377317,0.7898485583,0.3485208771,0.1749551008,0.0199502561,0.0668569943,0.6,0.8,0.8666666667,0.2,0.05,0,0.4,0.6,0,0.8,0.6,0.4,0.2666666667,0.2,-0.75,0.9894069399,0.9668173041,0.9576559628,1.0018554279,0.9705688055,1.0150106508,1.0150106508,1.0150106508,1.0150106508,1.0325197587,0.9589297446,0.9156098823,0.9156098823,0.9915589974,0.9156098823,0.9726065577,0.9443272083,0.9372100894,0.9989050586,0.9443272083,1.0006370568,0.9989050586,0.9781608967,1.0006370568,0.9874977603,0.7,0.85,0.9,0.6,0.8666666667,-0.0104585904,-0.0016890537,0.0089814305,-0.0002030619,0.0449992292,0.0406256474,0.0605312051,0.0483355943,-0.0011533337,-0.010070553,0.724272564,0.5684888362,0.5655477699,0.0625156993,0.119017723,0.7323393681,0.848988584,0.848988584,0.3599320883,0.7218390805,0.0157888171,0.0280727519,0.0264817419,0.0046730101,0.0264914821,0.5601256784,0.2858709742,0.1810223542,-0.0391363023,-0.0225996197,0.2199371608,0.3570645129,0.4094888229,0.5195681511,0.5112998098,0.7800628392,0.6429354871,0.5905111771,0.4804318489,0.4887001902,1.8384196795,2.2994409243,2.2297055535,2.2606336191,2.1855137284,1.2583939443,2.5969204392,2.1921100615,0.6930154658,2.0323533596,0.1314127743,-0.0040538615,-0.0129767721,-0.571824402,0.008884562,0.4342936128,0.5020269308,0.5064883861,0.785912201,0.495557719,0.5657063872,0.4979730692,0.4935116139,0.214087799,0.504442281,1.3389429698,1.5679068257,1.6039180799,0.9625151652,1.5850226552
2026-07-30T15:40:00Z,502.31,-0,-0,0.0001791722,-0.0001791401,0.0028761943,0.0021098726,0.0036023873,0.0037896422,0.002450762,-0.0020823794,-0.0004147858,0.3,0.15,0.1,0,-0.0166666667,0.3,0.4,0.4333333333,0.4,0.5,0.6,0.55,0.5333333333,0.4,0.4833333333,0.056763521,-0.0320580621,-0.0107226194,-0.3088572957,-0.0310202435,0.7235910076,0.3585506542,0.1847130161,0.1524374493,0.0927483072,0.5,0.75,0.8333333333,0,0.0333333333,0,0.35,0.5666666667,0.2,0.7833333333,0.5,0.4,0.2666666667,-0.2,-0.75,0.9929465868,0.9696009436,0.9596633553,1.0020744162,0.9704231451,1.0150106508,1.0150106508,1.0150106508,1.0150106508,1.0325197587,0.9669725866,0.9156098823,0.9156098823,0.9942067647,0.9156098823,0.9781608967,0.9491150883,0.9372100894,1,0.9443272083,1.0006370568,1,0.9986462543,1.0006370568,0.9874977603,0.7,0.85,0.9,0.6,0.8833333333,-0.0091573295,-0.0056025448,0.0048005954,0.0020903426,0.0418130369,0.0366953543,0.05895498,0.0640808372,0.0010961416,-0.0086639037,0.574187392,0.5894569185,0.602876827,0.4182259924,0.0745737468,0.6875259014,0.848988584,0.848988584,0.2784688995,0.7218390805,0.0136549636,0.0284621695,0.027319709,0.0045537517,0.0263045713,0.5358649789,0.2808153838,0.250310302,0.0401753104,-0.0194773504,0.2320675105,0.3595923081,0.374844849,0.4799123448,0.5097386752,0.7679324895,0.6404076919,0.625155151,0.5200876552,0.4902613248,1.4013095555,1.6610114453,1.5822038861,1.4712376896,1.5747298376,0.8162306928,1.8459601453,1.5682690579,0.5457818988,1.4418311271,0.1597953019,0.0138194866,-0.0092426062,-0.2866828707,0.0120411591,0.420102349,0.4930902567,0.5046213031,0.6433414353,0.4939794205,0.579897651,0.5069097433,0.4953786969,0.3566585647,0.5060205795,1.3462502978,1.5732106864,1.681986477,1.095307394,1.5856783883
2026-07-30T16:00:00Z,506.23,0.0078039458,0.0077736525,-0,0.0078039458,0.0015329179,0.0008859071,0.0027460269,0.003980872,0.0026578355,0.0017541434,-0.0002673946,0.3,0.15,0.1,0,-0.0166666667,0.3,0.4,0.4333333333,0.4,0.5,0.6,0.55,0.5333333333,0.4,0.4833333333,0.0615991157,-0.040151315,-0.0031755614,0.0535710327,-0.0362074736,0.511748254,0.4195213204,0.2077014177,0.1800260758,0.114129098,0.4,0.7,0.8,0,0.0166666667,0,0.3,0.5333333333,0,0.7666666667,0.4,0.4,0.2666666667,0,-0.75,0.9891808071,0.9650045434,0.9542214013,0.9936629595,0.9627070041,1.0071508998,1.0071508998,1.0071508998,1.0047804358,1.0245244257,0.96173676,0.9085198428,0.9085198428,0.986508109,0.9085198428,0.9909132213,0.9485806847,0.9299527883,0.9922564842,0.9370147956,0.9934022085,0.9922564842,0.9911700215,0.9928886079,0.9798510558,0.9,0.95,0.9666666667,1,0.9333333333,-0.0015379283,-0.0028228276,0.0072399834,0.0028287537,0.0451811359,0.0408331106,0.0618353435,0.06346372,-0.0032487989,-0.0119546018,0.4787123314,0.6270610796,0.6596862513,0.5886202943,0.0323041197,0.8425402349,0.9274984979,0.9274984979,0.7383783784,0.7885908897,0.0113997272,0.0289880577,0.0283236103,0.0032334226,0.0257646317,0.5632444697,0.2915924827,0.250062081,-0.1436031332,-0.0273859292,0.2183777652,0.3542037587,0.3749689595,0.5718015666,0.5136929646,0.7816222348,0.6457962413,0.6250310405,0.4281984334,0.4863070354,0.9169841863,0.9301410161,0.9323527581,0.8713609762,0.9328752127,0.3979643626,1.0617338264,0.9167906703,0.3228172633,0.839018549,0.2703430188,-0.0550518876,0.0109380717,0.030362222,0.0176148827,0.3648284906,0.5275259438,0.4945309642,0.484818889,0.4911925586,0.6351715094,0.4724740562,0.5054690358,0.515181111,0.5088074414,1.1802282481,1.5843792244,1.6738199342,1.1594761119,1.5675040148
2026-07-30T16:20:00Z,503.59,-0.0052150208,-0.0052286665,-0.0001382771,-0.0050774459,0.0008791686,0.0013236921,0.0014522396,0.0041687227,0.0028029538,0.0011596735,-0.0001205212,0.1,0.05,0.1,0,-0.05,0.4,0.45,0.4333333333,0.4,0.5166666667,0.5,0.5,0.5333333333,0.4,0.4666666667,0.0570702625,-0.0307174334,-0.0088858793,0.2181812329,-0.0370279651,-0.2124667988,0.4662854037,0.2416932383,0.4738993178,0.1247182107,0.3,0.65,0.7666666667,0.6,0,0,0.25,0.5,0,0.75,0.3,0.4,0.2666666667,0.6,-0.75,0.9973530054,0.9723857702,0.9612204373,0.9996505093,0.9673530716,1.0124307472,1.0124307472,1.0124307472,1.0067713815,1.0298953514,0.9693997101,0.9132826307,0.9132826307,0.9930101869,0.9132826307,0.9963660915,0.9537421315,0.9348279354,0.9974582498,0.9419269644,1,0.9980936873,0.9974582498,1,0.9849877877,0.8,0.9,0.9333333333,0.8,0.9333333333,-0.0038880836,-0.0119886359,-0.0018632669,-0.0019698564,0.0362023024,0.0307849759,0.0487088713,0.0637165338,0.0039072623,-0.0234826449,0.2602535124,0.6604272716,0.6925311243,0.3096815435,0.0068588637,0.7111213659,0.8746244743,0.8746244743,0.5079365079,0.7436355896,0.0081764907,0.0295791938,0.0291531515,0.0029470879,0.0252021444,0.4210526316,0.2332236514,0.2495966241,0.2487309645,-0.0543171115,0.2894736842,0.3833881743,0.375201688,0.3756345178,0.5271585557,0.7105263158,0.6166118257,0.624798312,0.6243654822,0.4728414443,0.7170920209,0.6451080725,0.650036095,0.6172066754,0.6457751214,0.223475686,0.7279037382,0.6285845798,0.252790817,0.5734967638,0.3379051198,0.0212516278,0.0310664512,0.0869340734,0.0203236693,0.3310474401,0.4893741861,0.4844667744,0.4565329633,0.4898381653,0.6689525599,0.5106258139,0.5155332256,0.5434670367,0.5101618347,1.0470980214,1.5899106231,1.652792292,0.9747261145,1.5543414456
2026-07-30T16:40:00Z,504.06,0.0009332989,0.0009328637,-0.0005560079,0.0014901353,0.0001390793,0.0050863285,0.0002021164,0.0045430279,0.0028776127,0.0009482998,0.0000273302,0.1,0.05,0.1666666667,0,-0.0166666667,0.4,0.45,0.4,0.4,0.5,0.5,0.5,0.5666666667,0.4,0.4833333333,-0.0679746369,0.0036548056,-0.0224352355,0.2297447712,-0.0371672259,0.1007677928,0.4804670881,0.2529607713,0.598553544,0.109666073,0.2,0.6,0.7333333333,0.4,0,0,0.2,0.4666666667,0.8,0.7333333333,0.2,0.4,0.2666666667,-0.4,-0.7333333333,0.998946554,0.9729977582,0.9625104154,0.9992857993,0.966098282,1.0114867278,1.0114867278,1.0114867278,1.005832639,1.0242233067,0.9718882673,0.9124310598,0.9124310598,0.9934333214,0.9124310598,0.9965281911,0.952852835,0.933956275,0.9965281911,0.9410486847,1,0.9976788478,0.9965281911,1,0.9840693568,0.8,0.9,0.9333333333,0.8,0.95,0.0001439223,-0.0161565233,-0.0042357989,-0.0011823989,0.0330954778,0.0258883869,0.0313248082,0.0701910828,0.0028450351,-0.0207293144,0.0228732925,0.7528866243,0.7100900073,0.2195526002,0.0003716933,0.7099198397,0.8840376527,0.8840376527,0.5296,0.7833185448,0.0038385232,0.0301909263,0.0295573066,0.0028621433,0.024549935,0.3808383234,0.1660340527,0.2780487805,0.1945578231,-0.047965835,0.3095808383,0.4169829736,0.3609756098,0.4027210884,0.5239829175,0.6904191617,0.5830170264,0.6390243902,0.5972789116,0.4760170825,1.0701762508,1.013868589,1.0312522734,0.9368936212,0.9921954741,0.3287937872,1.1328373396,0.9730762901,0.3867218996,0.8869734679,-0.1353732747,0.0115862403,0.0265646552,-0.0518374643,-0.0188809954,0.5676866374,0.4942068798,0.4867176724,0.5259187321,0.5094404977,0.4323133626,0.5057931202,0.5132823276,0.4740812679,0.4905595023,1.1757925848,1.699648717,1.6625682409,1.0874662594,1.5646763709
2026-07-30T17:00:00Z,506.39,0.0046224656,0.0046118148,-0.0000198389,0.0046423966,-0,0,0.0004252322,0.0046552131,0.0029336185,0.0011828828,0.0001860568,0.1,0.15,0.2333333333,0.4,-0.0166666667,0.4,0.4,0.3666666667,0.2,0.5,0.5,0.55,0.6,0.6,0.4833333333,-0.1579235168,0.012395489,-0.0290976926,-0.1164550022,-0.0401326063,-0.0933966758,0.5142969747,0.246290862,-0.1930863978,0.076966536,0.1,0.55,0.7,0.2,0.85,0,0.15,0.4333333333,0.6,0.7166666667,0.1,0.4,0.2666666667,-0.4,0.1333333333,0.9950413713,0.9710973755,0.9604514307,0.996299295,0.961348302,1.0068326784,1.0068326784,1.0068326784,1.0012046051,1.0068326784,0.9835699757,0.908232785,0.908232785,0.9888623393,0.908232785,0.9919429689,0.9532178756,0.931633721,0.9944706649,0.9367187346,0.999684038,0.9944706649,0.9925748929,0.999684038,0.9795414601,0.9,0.95,0.9666666667,1,0.9833333333,0.0030450838,-0.0153219004,-0.0029888986,0.0013349395,0.0331630236,0.0069597725,0.0543311923,0.0765322392,0.0081224742,-0.0179579172,0.0869639776,0.7782049699,0.724265966,0.289787522,0.0182745678,0.7062818336,0.9307029842,0.9307029842,0.9024,0.9307029842,0.0041417456,0.0304290501,0.0298362211,0.0031075409,0.0238353864,0.1447477254,0.3031306267,0.2984579672,0.4358974359,-0.0413651389,0.4276261373,0.3484346866,0.3507710164,0.2820512821,0.5206825695,0.5723738627,0.6515653134,0.6492289836,0.7179487179,0.4793174305,2.0284779164,2.0037139117,2.1496727072,1.9673534073,2.0044155814,0.7200609042,2.3590895183,2.0271388647,0.7868637313,1.8187965834,-0.2450448789,-0.0668810698,0.0005506666,0.0165690831,-0.0421225971,0.6225224395,0.5334405349,0.4997246667,0.4917154584,0.5210612985,0.3774775605,0.4665594651,0.5002753333,0.5082845416,0.4789387015,1.0217543842,1.8827182728,1.6502915533,0.9139142674,1.572289995
2026-07-30T17:20:00Z,503.69,-0.0053318588,-0.0053461239,-0.0001974763,-0.0051353967,0.0004740366,0.0001777637,0.000126581,0.0043922469,0.0029106794,-0.0004526594,0.0002729707,0.1,0.15,0.2333333333,0.2,-0.0166666667,0.4,0.4,0.3666666667,0.4,0.5,0.5,0.55,0.6,0.6,0.4833333333,-0.0650294593,-0.0077092738,-0.0053712767,0.209716753,-0.0904074095,0.0090571777,0.568333893,0.2460236157,-0.0062162212,0.1219112858,0,0.5,0.6666666667,0,0.8333333333,0.1,0.1,0.4,0.4,0.7,-0.1,0.4,0.2666666667,-0.4,0.1333333333,1.000758403,0.9794715003,0.9680061149,1.0021878536,0.9667550147,1.0122297445,1.0122297445,1.0122297445,1.0065715023,1.0122297445,0.9914828565,0.9131013123,0.9131013123,0.9941630765,0.9131013123,0.9972602196,0.9619607298,0.9403402887,1,0.9417399591,1.0050427843,1,0.9984117215,1.0050427843,0.9849312077,0.6,0.8,0.8666666667,0.4,0.9333333333,-0.0013280174,-0.0211978456,-0.0102109657,-0.0012825349,0.0251923482,0.0038464605,0.0676600886,0.0778036933,0.0027473074,0.0154426144,0.0085636671,0.7329121277,0.71650144,0.0665056394,0.0380519056,0.4105263158,0.8766272782,0.8766272782,0.4704,0.8766272782,0.003928851,0.0295839809,0.029762887,0.0024823172,0.0242341732,0.0749514563,0.3977074508,0.3023449193,0.1144278607,0.0370155601,0.4625242718,0.3011462746,0.3488275403,0.4427860697,0.48149222,0.5374757282,0.6988537254,0.6511724597,0.5572139303,0.51850778,3.7784341238,3.9156096534,4.2873579346,3.6790514943,4.0982461064,1.7293640569,4.850008741,4.1709594908,1.9728744106,3.6876028752,-0.2179431528,-0.0505224043,-0.0294432286,-0.1707281354,0.005709728,0.6089715764,0.5252612021,0.5147216143,0.5853640677,0.497145136,0.3910284236,0.4747387979,0.4852783857,0.4146359323,0.502854864,1.0575612133,2.0560141331,1.6821854269,0.7991302902,1.5669156812
2026-07-30T17:40:00Z,504.27,0.0011515019,0.0011508394,0.0000297802,0.0011216883,0.0020647006,0.000268014,0.0006512865,0.0037929019,0.0028708555,0.0001963234,0.0003302742,0.1,0.25,0.2333333333,0.2,0.0166666667,0.4,0.35,0.3666666667,0.4,0.4833333333,0.5,0.6,0.6,0.6,0.5,-0.1152441641,0.1119983144,-0.0034343474,-0.5325592097,0.0749834496,-0.1668770423,0.8250013421,0.2454316677,-0.1198539225,0.1000635046,0,0.45,0.6333333333,0,0.8166666667,0,0.05,0.3666666667,0.2,0.6833333333,0,0.4,0.2666666667,-0.2,0.1333333333,0.9988914669,0.9822892498,0.9692049894,1.0002577984,0.9662029601,1.0086858231,1.0110655006,1.0110655006,1.0046304559,1.0110655006,0.9903424753,0.9120510837,0.9120510837,0.9930196125,0.9120510837,0.9961131933,0.9645031432,0.940656791,0.9988498225,0.940656791,1,0.9995835564,0.9986515161,1,0.9947647094,0.8,0.85,0.9,0.8,0.95,-0.0018222561,-0.0183218174,-0.0108323946,-0.0006504452,0.0240539508,-0.0071079783,0.0856423174,0.0745381321,-0.0038717579,0.0347608397,0.3803414465,0.6668418361,0.7087700399,0.0186586202,0.0540483941,0.5264864865,0.888243541,0.888243541,0.6011955594,0.888243541,0.003033278,0.026782802,0.0295153464,0.0020325784,0.0246027448,-0.1786244433,0.5407830343,0.2942462988,-0.2247706422,0.0852026959,0.5893122217,0.2296084829,0.3528768506,0.6123853211,0.457398652,0.4106877783,0.7703915171,0.6471231494,0.3876146789,0.542601348,5.6003913444,4.6267955801,6.7872544506,4.7570441989,6.5628107735,3.214454476,3.8696638764,6.922295345,3.6802227117,6.0716892702,-0.2240330778,-0.4628666281,-0.0497132197,-0.4812222838,-0.0350336845,0.6120165389,0.7314333141,0.5248566099,0.7406111419,0.5175168422,0.3879834611,0.2685666859,0.4751433901,0.2593888581,0.4824831578,1.2870753814,1.6490692346,1.7194656637,1.1295520175,1.6319904518
2026-07-30T18:00:00Z,502.34,-0.0038273147,-0.0038346576,0.0005255121,-0.0043505406,0.0002279327,0,0.0002287476,0.0029904109,0.0028098178,-0.0011068201,0.0003765196,0.1,0.25,0.1666666667,0.2,0.0166666667,0.4,0.35,0.4,0.4,0.4833333333,0.5,0.6,0.5666666667,0.6,0.5,0.1424351143,0.0862784003,0.000536378,-0.3709332171,0.0774989133,0.1652096884,0.8061576646,0.2651506563,0.4834699827,0.0844177252,0.3,0.4,0.6,0.4,0.8,0,0,0.3333333333,0,0.6666666667,0.3,0.4,0.2666666667,0.4,0.1333333333,1.0028705658,0.9899779034,0.9750235564,1.0036031373,0.9704592507,1.0092765856,1.0149500338,1.0149500338,1.0083409643,1.0149500338,0.9954811482,0.9155552017,0.9155552017,0.9968348131,0.9155552017,1,0.9725484731,0.9444599275,1.0026874229,0.9442708126,1.0038420193,1.0034239758,1.0024883545,1.0038420193,0.9988454035,0.3,0.55,0.7,0.2,0.85,-0.0038999301,-0.0183868069,-0.0157659144,-0.0013894972,0.0184334201,0.0014153858,0.0849441697,0.0670603479,-0.002482178,0.0337490225,0.0521335171,0.5828619584,0.6915853421,0.3625038111,0.0680690709,0.3275613276,0.8495894252,0.8495894252,0.2750865052,0.8495894252,0.0028775646,0.0225862346,0.0292445196,0.0025997749,0.0249926908,0.0446821901,0.5314146737,0.2645604626,-0.1560549313,0.0822632424,0.477658905,0.2342926632,0.3677197687,0.5780274657,0.4588683788,0.522341095,0.7657073368,0.6322802313,0.4219725343,0.5411316212,5.0163658537,4.9429512195,6.7764471545,2.9426829268,6.6365528455,3.3755717756,4.0566267697,7.3208331702,2.399183358,6.2476515214,-0.358272367,0.0188121261,-0.0811450532,-1,-0.0670591262,0.6791361835,0.4905939369,0.5405725266,1,0.5335295631,0.3208638165,0.5094060631,0.4594274734,0,0.4664704369,1.2468956816,1.6392436809,1.7598785666,0.6916125891,1.6625696413
2026-07-30T18:20:00Z,501.9,-0.0008759008,-0.0008762846,-0.0002189752,-0.0006570695,0.0030663242,0.0005376023,-0.0001286022,0.0019703323,0.0027569363,-0.0020581789,0.0004036188,-0.1,0.25,0.1,-0.2,0.0166666667,0.5,0.35,0.4333333333,0.6,0.4833333333,0.4,0.6,0.5333333333,0.4,0.5,0.123720471,0.0495070313,0.0065360431,-0.2226883621,0.0726646366,0.3716677431,0.7101274177,0.2835337831,0.7896727797,0.0798142781,0.2,0.35,0.5666666667,0.2,0.7833333333,0.4,0,0.3,0.8,0.65,-0.2,0.35,0.2666666667,-0.6,0.1333333333,1.0036043036,0.9949561666,0.9777020655,1.0036222355,0.9719874477,1.0101613867,1.0158398087,1.0158398087,1.0092249452,1.0158398087,0.9977087069,0.9578601315,0.9163578402,0.9994620442,0.9163578402,1.0008168958,0.9789599522,0.9498904164,1.0008766687,0.9450986252,1.0047220562,1.0043036461,1.0033672046,1.0047220562,1,0.1,0.4,0.6,0.2,0.8,-0.0030255937,-0.0136743233,-0.0176776422,0.0004941223,0.016105798,-0.0014523606,0.0895710316,0.0578787623,-0.0042852041,0.0423676012,0.0149069335,0.5576257055,0.6765758465,0.8436099701,0.0767487799,0.184,0.7268041237,0.8407770879,0.0551020408,0.8407770879,0.0030253894,0.0152147179,0.029010667,0.0031690367,0.0252310856,-0.0476190476,0.5724195339,0.2365202412,-0.2706766917,0.1044226044,0.5238095238,0.2137902331,0.3817398794,0.6353383459,0.4477886978,0.4761904762,0.7862097669,0.6182601206,0.3646616541,0.5522113022,3.2705187373,3.7896714048,4.8992738908,1.3107254938,4.8484431727,2.5347058536,3.0186242442,5.5645088754,0.7120133081,4.6803591574,-0.2893906017,0.0294020482,-0.0604310909,-0.9040716731,-0.0496210071,0.6446953008,0.4852989759,0.5302155454,0.9520358366,0.5248105036,0.3553046992,0.5147010241,0.4697844546,0.0479641634,0.4751894964,1.3994712645,1.6363444466,1.8418255916,0.9115018665,1.7269534152
2026-07-30T18:40:00Z,501.73,-0.0003387129,-0.0003387703,-0.0001992429,-0.0001394978,0.0016141889,0.0013949781,-0.0005296825,0.00151368,0.0026649727,-0.0012536623,0.0004409442,-0.1,0.15,0.1,-0.6,-0.0166666667,0.5,0.4,0.4333333333,0.8,0.5,0.4,0.55,0.5333333333,0.2,0.4833333333,0.1178796495,0.1371663727,0.0001558935,0.2658502988,0.0788048135,0.4757840819,0.5675625361,0.2813934095,0.169074722,0.0689036345,0.1,0.3,0.5333333333,0,0.7666666667,0.3,0,0.2666666667,0.8,0.6333333333,-0.2,0.3,0.2666666667,-0.8,0.1333333333,1.0038287525,0.9971897236,0.9798995476,1.0021047177,0.9728587421,1.0105036573,1.0161840033,1.0161840033,1.0095668985,1.0161840033,0.9980467582,0.9600382676,0.9166683276,0.9986048273,0.9166683276,1.0011560002,0.9998006896,0.9570884739,1.0003388277,0.9454188508,1.0050624838,1.004643932,1.0037071732,1.0039064836,1.0003388277,0.1,0.3,0.5333333333,0.2,0.7666666667,-0.0014451815,-0.0115696832,-0.0185416523,0.000402607,0.0141334044,-0.0011546654,0.0394240729,0.0593066464,-0.0092023934,0.0336104158,0.2332346173,0.4379093386,0.6518691274,0.7729597618,0.089833246,0.1568,0.7117500887,0.8373723212,0.1272727273,0.8373723212,0.0031502575,0.013189787,0.0285694439,0.0020165878,0.0254780024,-0.0382081686,0.3791591951,0.2432666493,-0.8006872852,0.0851446912,0.5191040843,0.3104204025,0.3783666753,0.9003436426,0.4574276544,0.4808959157,0.6895795975,0.6216333247,0.0996563574,0.5425723456,3.4958730817,4.3052156781,5.4300497719,1.0705101618,5.3259193972,2.9515802815,3.3375304922,6.2906562992,0.2241043368,5.2753740145,-0.109335437,0.0257990332,-0.0180558564,-0.7862880325,-0.031149388,0.5546677185,0.4871004834,0.5090279282,0.8931440162,0.515574694,0.4453322815,0.5128995166,0.4909720718,0.1068559838,0.484425306,1.4210755513,1.6422342882,1.8491706152,1.0271962563,1.7741007826
2026-07-30T19:00:00Z,506.87,0.0102445538,0.0101924341,0.0007773105,0.0094598901,0.0010754401,0,-0.0003542837,0.0011910634,0.0025963506,0.0009055576,0.0004972317,0,0.15,0.1,-0.2,-0.0166666667,0.5,0.4,0.4333333333,0.6,0.5,0.5,0.55,0.5333333333,0.4,0.4833333333,0.5763925534,0.2069459722,0.0291431889,0.8700051271,0.0915739216,0.5884617287,0.4888424929,0.2974221685,0.8397991124,0.0763511701,0.9,0.25,0.5,0.8,0.75,0.2,0,0.2333333333,0.6,0.6166666667,0.7,0.25,0.2666666667,0.2,0.1333333333,0.9945488981,0.9892812753,0.9721016566,0.9931974668,0.9636091766,1.0010653619,1.0058792195,1.0058792195,1.0010653619,1.0058792195,0.9879258982,0.9582733245,0.9073726991,0.988478308,0.9073726991,0.9910627972,0.9898593328,0.9475703829,0.9901947245,0.9358316728,0.9987373488,0.9948704796,0.993726202,0.9948704796,0.9910036104,1,0.95,0.9666666667,1,0.9833333333,0.0070453783,-0.0005963772,-0.0097487405,0.0049914179,0.0217224893,0.0090780594,0.0461065362,0.0685682362,0.0063134071,0.0383701397,0.0845472343,0.3760599062,0.6421775438,0.1111310969,0.1126103678,0.9189189189,0.8765022793,0.940316443,0.9153605016,0.940316443,0.0034996804,0.0111995913,0.0280430344,0.0038416102,0.0256607822,0.2244094488,0.4175700935,0.2712564113,0.3849878935,0.0965314642,0.3877952756,0.2912149533,0.3643717943,0.3075060533,0.4517342679,0.6122047244,0.7087850467,0.6356282057,0.6924939467,0.5482657321,0.7731349991,0.9780559051,1.1925220205,0.3679219845,1.1224624004,0.6434134398,0.697411423,1.3582717574,0.3166852286,1.1204679561,0.0382447354,0.1031750518,0.0174819912,0.67615897,-0.0379280737,0.4808776323,0.4484124741,0.4912590044,0.161920515,0.5189640368,0.5191223677,0.5515875259,0.5087409956,0.838079485,0.4810359632,1.1523153334,1.5197514463,1.793164985,1.7371290246,1.7906267901
2026-07-30T19:20:00Z,505.05,-0.0035906643,-0.0035971262,-0.0004143074,-0.0031776734,0,0.0019934473,0.00002652,0.0008265094,0.0025448972,0.0020572221,0.0005574696,-0.2,0.05,0.0333333333,-0.6,-0.05,0.6,0.45,0.4666666667,0.8,0.5166666667,0.4,0.5,0.5,0.2,0.4666666667,0.5427442912,0.2317967123,0.0226117532,0.9620656677,0.0962783918,0.542021102,0.2002544644,0.3547881157,0.9414499745,0.0815743135,0.8,0.2,0.4666666667,0.6,0.7333333333,0.1,0,0.2,0.4,0.6,0.7,0.2,0.2666666667,0.2,0.1333333333,0.9978992179,0.9946955747,0.9774725275,0.9970854371,0.9675862126,1.0046728047,1.0095040095,1.0095040095,1.0046728047,1.0095040095,0.9914859915,0.963983764,0.9106425106,0.992040392,0.9106425106,0.9946341946,0.9934857935,0.9557469557,0.9937629938,0.9392040392,1,1,0.998039798,1,0.9945747946,0.8,0.8,0.8666666667,0.8,0.9333333333,0.001981442,-0.002547414,-0.014373537,-0.0011998812,0.0159684347,-0.0023309563,0.0384069741,0.0593602517,0.0015467904,0.0312193728,0.000534124,0.2804993543,0.6260039201,0.5198131887,0.1368823149,0.6456456456,0.7912135711,0.9038654116,0.6300940439,0.9038654116,0.0032959445,0.0089986568,0.0278401096,0.0040352693,0.0260944296,-0.0647639956,0.349289454,0.2371773383,0.0821052632,0.0787211038,0.5323819978,0.325355273,0.3814113309,0.4589473684,0.4606394481,0.4676180022,0.674644727,0.6185886691,0.5410526316,0.5393605519,0.7418956737,1.0466646786,1.1611812023,0.5357434509,1.1444709517,0.6219207004,0.6769602101,1.3598347818,0.3881141042,1.1439845442,-0.1327907007,0.1084721785,-0.06588382,0.8708647273,-0.0017316114,0.5663953503,0.4457639108,0.53294191,0.0645676363,0.5008658057,0.4336046497,0.5542360892,0.46705809,0.9354323637,0.4991341943,1.2137560061,1.4735668903,1.8476371201,1.3067320845,1.7906684536
2026-07-30T19:40:00Z,504.6,-0.0008910009,-0.0008913981,-0.0000990001,-0.0007920792,0.0024752475,0.0010693069,0.0000398756,0.0004578778,0.0025027478,0.0017281015,0.0006311214,-0.2,-0.05,-0.0333333333,-0.6,-0.0833333333,0.6,0.5,0.5,0.8,0.5333333333,0.4,0.45,0.4666666667,0.2,0.45,0.4783561489,0.1807218351,0.0222295176,0.7052352501,0.0902965634,0.5881721776,-0.0483721855,0.4052370008,0.7003844734,0.0973727229,0.7,0.15,0.4333333333,0.4,0.7166666667,0,0,0.1666666667,0.2,0.5833333333,0.7,0.15,0.2666666667,0.2,0.1333333333,0.9989892985,0.9971730083,0.9799560708,0.9988703924,0.9687642027,1.0055687673,1.0104042806,1.0104042806,1.0055687673,1.0104042806,0.9923701942,0.9674593738,0.9114546175,0.9929250892,0.9114546175,0.9955212049,0.9946492271,0.9602259215,0.9946492271,0.9400416171,1.0008917955,1.0008917955,0.9993460166,1.0008917955,0.9955212049,0.7,0.75,0.8333333333,0.6,0.9166666667,0.0008312615,-0.001522847,-0.0162459139,-0.0023265953,0.0126177148,0.0020055998,0.0328523181,0.0508121616,0.0044989449,0.0192703915,0.0012005496,0.1657532864,0.612827889,0.3948446863,0.1716490865,0.5780780781,0.7577295801,0.8948527939,0.5595611285,0.8948527939,0.0033055506,0.0064850644,0.0276717771,0.0038892968,0.0263810749,0.0630068621,0.3101449275,0.2097661623,0.2817955112,0.0503749076,0.4684965689,0.3449275362,0.3951169188,0.3591022444,0.4748125462,0.5315034311,0.6550724638,0.6048830812,0.6408977556,0.5251874538,0.2354443394,0.3172825573,0.3178519657,0.3283100922,0.3012067675,0.2752659728,0.2287327932,0.3715876323,0.3475366395,0.3055575331,0.298699231,0.3184663599,0.0793954793,0.9745824256,0.0293406848,0.3506503845,0.3407668201,0.4603022604,0.0127087872,0.4853296576,0.6493496155,0.6592331799,0.5396977396,0.9872912128,0.5146703424,1.1876575863,1.4396551896,1.8986428555,1.0578389702,1.8506429244
2026-07-30T20:00:00Z,509,0.008719778,0.0086819803,-0.0011890606,0.0099206349,-0,0,0.000561767,0.0002503656,0.0025873651,0.002410609,0.0007147808,-0.2,-0.05,-0.0333333333,-0.2,-0.0833333333,0.6,0.5,0.5,0.6,0.5333333333,0.4,0.45,0.4666666667,0.4,0.45,0.133350466,0.029708897,0.0211040347,0.0342427274,0.0781476407,0.0480897446,-0.1058944466,0.3622405723,-0.2856233436,0.0594342142,0.9,0.1,0.4,0.8,0.7,0.5,0,0.1333333333,0,0.5666666667,0.4,0.1,0.2666666667,0.8,0.1333333333,0.991324165,0.9902878193,0.9728110675,0.9930255403,0.9608122135,1,1.0016699411,1.0016699411,1,1.0016699411,0.9843418468,0.9624557957,0.9035756385,0.9843418468,0.9035756385,0.9869155206,0.9868565815,0.9519253438,0.9913555992,0.9319155206,0.9948722986,0.9945579568,0.9913555992,0.9958153242,0.9874852652,1,1,1,1,1,0.0061478836,0.0073337075,-0.0103278619,0.0021532417,0.0181017531,0.0098004206,0.0359425245,0.0414322251,0.0141462443,0.026002822,0.136300726,0.1167649302,0.6482534271,0.5131353997,0.2168690185,1,0.9574148297,0.9829761666,1,0.9829761666,0.0043705299,0.0042248789,0.0278147099,0.0047591105,0.0265811898,0.24749499,0.3309595202,0.1805295534,0.592654424,0.0669295424,0.376252505,0.3345202399,0.4097352233,0.203672788,0.4665352288,0.623747495,0.6654797601,0.5902647767,0.796327212,0.5334647712,10.5316049383,15.2544444444,16.1279835391,16.6803703704,15.5840226337,14.5714073851,12.1368764668,19.6103373875,18.5302118078,16.0556362449,-0.1492534978,-0.1443670657,-0.0344417964,-0.0231097424,-0.0125651841,0.5746267489,0.5721835329,0.5172208982,0.5115548712,0.506282592,0.4253732511,0.4278164671,0.4827791018,0.4884451288,0.493717408,1.2327097137,1.5591087372,2.0130405472,1.0127977624,1.8544478768
2026-07-30T20:20:00Z,510.5,0.0029469548,0.0029426211,-0.0000589391,0.0030060711,-0,0,0.0014280711,0.0003938642,0.0025727879,0.0021958864,0.0007990698,-0.2,-0.05,0.0333333333,0.2,-0.05,0.6,0.5,0.4666666667,0.4,0.5166666667,0.4,0.45,0.5,0.6,0.4666666667,0.1400379801,0.0300175406,0.0357794471,-0.0067816489,0.0736315154,-0.4224977951,-0.398292256,0.3157618849,-0.9658911361,-0.0013927013,0.9,0.95,0.9666666667,0.8,0.9833333333,0.4,0,0.1,0,0.55,0.5,0.95,0.8666666667,0.8,0.4333333333,0.9892164545,0.9881234084,0.9719249102,0.9935435847,0.9585169768,1,1,1,1,1,0.9814495593,0.9756513222,0.900920666,0.9835847209,0.900920666,0.9840156709,0.983956905,0.9527326151,0.989324192,0.9291772772,0.9928893242,0.9919490695,0.989324192,0.9970617042,0.985093046,1,1,1,1,1,0.0043572255,0.0081348818,-0.009230335,0.0020646425,0.0179104649,0.008116274,0.015132534,0.0628884332,0.0174795209,0.0327109421,0.5512870806,0.2072007558,0.6464853361,0.4904669236,0.2624123199,1,1,1,1,1,0.0055244354,0.0049893808,0.0276957972,0.0044342482,0.0270142486,0.2148457919,0.1757099977,0.2870788386,0.6589030804,0.0840130929,0.392577104,0.4121450012,0.3564605807,0.1705484598,0.4579934535,0.607422896,0.5878549988,0.6435394193,0.8294515402,0.5420065465,40.8569190601,58.8609660574,64.2367275892,68.2360313316,65.179721497,63.0102692312,51.783536655,83.2113469491,80.2084513458,68.3705813992,-0.0797089186,-0.146224936,-0.0703800585,-0.026912001,-0.0146560624,0.5398544593,0.573112468,0.5351900292,0.5134560005,0.5073280312,0.4601455407,0.426887532,0.4648099708,0.4865439995,0.4926719688,1.4420774084,1.3340843228,2.218143592,1.0153174013,1.8660843724
2026-07-31T12:00:00Z,520.47,0.0195298727,0.0193416119,0.0223898139,-0.00279731,0,0.0000957983,0.0028553446,0.0007451767,0.0025014654,0.0070590044,0.0008948195,0,0.05,0.1,0.2,-0.0166666667,0.5,0.45,0.4333333333,0.4,0.5,0.5,0.5,0.5333333333,0.6,0.4833333333,-0.0169630192,-0.0037573443,-0.0088929476,-0.3311780871,0.060104857,-0.6328495447,-0.6141889705,0.251532587,-0.8045106489,-0.0757492806,0.9,0.95,0.9666666667,0.8,0.9833333333,0.3,0.05,0.0666666667,0.4,0.5333333333,0.6,0.9,0.9,0.4,0.45,0.9734912675,0.9709925644,0.9564259227,0.9797375449,0.9410258997,1.0028051569,1.0028051569,1.0028051569,1.0028051569,1.0028051569,0.962649144,0.9595173593,0.8836628432,0.9683555248,0.8836628432,0.9651660999,0.9651084597,0.9386708168,0.9703729322,0.9113781774,0.9779622264,0.9738697716,0.9726401137,0.9808442369,0.9675677753,1,1,1,1,1,0.0136596817,0.0219282572,0.0073028286,0.0061444464,0.0325769237,0.0333141416,0.0372887436,0.103228268,0.0268313374,0.0550780458,0.6301378958,0.2762201323,0.6442339373,0.8205413444,0.3159632537,0.9301435407,0.9351975144,0.9764554104,0.9185722253,0.9764554104,0.0103316029,0.0081757464,0.0269750294,0.0110206755,0.0275687753,0.6356060606,0.3587727709,0.4565910369,0.749724366,0.1348989623,0.1821969697,0.3206136146,0.2717044815,0.125137817,0.4325505188,0.8178030303,0.6793863854,0.7282955185,0.874862183,0.5674494812,43.6437317784,61.0768221574,68.7880466472,63.4186588921,72.5416909621,71.3006568078,59.088165769,93.7079859326,94.675136317,76.5455784687,-0.0399237306,-0.1118445512,-0.0476835994,-0.1484802277,-0.0043038922,0.5199618653,0.5559222756,0.5238417997,0.5742401139,0.5021519461,0.4800381347,0.4440777244,0.4761582003,0.4257598861,0.4978480539,1.5710153625,1.3921676709,2.4066909912,0.9769976578,1.8669289854
2026-07-31T12:20:00Z,520.07,-0.0007685361,-0.0007688316,0.0005764021,-0.0013441635,0,0.0009217121,0.0039545959,0.0012256014,0.0023381682,0.0081546715,0.0010094274,-0.2,-0.05,0.1,0.2,-0.05,0.6,0.5,0.4333333333,0.4,0.5166666667,0.4,0.45,0.5333333333,0.6,0.4666666667,-0.1232033983,-0.0314929702,0.0616704997,-0.5308854472,0.0547057086,-0.6152265643,-0.6555601997,0.3856712216,-0.6511010829,-0.1121872527,0.8,0.9,0.9333333333,0.6,0.9666666667,0.2,0,0.0333333333,0.2,0.5166666667,0.6,0.9,0.9,0.4,0.45,0.9772780587,0.9729113389,0.9607238769,0.9862672333,0.9425393056,1.0035764416,1.0035764416,1.0035764416,1.0035764416,1.0035764416,0.9633895437,0.9602553502,0.8843424924,0.9691003134,0.8843424924,0.9659084354,0.9658507509,0.9447574365,0.9787144038,0.9120791432,0.981598631,0.9746188013,0.9736958486,1,0.9685042398,0.9,0.95,0.9666666667,0.8,0.9833333333,0.0049262599,0.0154454483,0.0053726845,-0.0025765762,0.027682586,0.0313324211,0.0240017327,0.1196581197,0.0297396297,0.049734574,0.7969171248,0.4786595875,0.6393724261,0.9057809271,0.3748911758,0.9110047847,0.9174434088,0.9700048379,0.896263246,0.9700048379,0.012723966,0.0102148425,0.0253097594,0.0121174122,0.0285510958,0.6025934401,0.2625457678,0.557025456,0.8983253589,0.1233974359,0.1987032799,0.3687271161,0.221487272,0.0508373206,0.4383012821,0.8012967201,0.6312728839,0.778512728,0.9491626794,0.5616987179,8.8509933775,11.7488260084,11.0172787477,10.6715231788,14.844722055,14.8016857914,12.3805896072,11.9856869277,20.1397856017,15.8909366073,-0.015926724,-0.1008297341,-0.3140183147,-0.1356708755,-0.0118787195,0.507963362,0.550414867,0.6570091573,0.5678354378,0.5059393598,0.492036638,0.449585133,0.3429908427,0.4321645622,0.4940606402,1.5898424702,1.5467254411,1.8540012483,1.4314892908,1.8793178943
2026-07-31T12:40:00Z,521.35,0.0024612071,0.0024581833,-0.00084604,0.0033100475,-0,0.0016357793,0.0045590265,0.0015118933,0.00211644,0.0065733193,0.0011141851,0,0.05,0.1666666667,0.6,-0.0166666667,0.5,0.45,0.4,0.2,0.5,0.5,0.5,0.5666666667,0.8,0.4833333333,-0.1471809146,-0.010616573,0.0378613827,-0.3015335129,0.0474653863,-0.6902985178,-0.6974194547,0.2221256555,-0.1648341764,-0.1612424197,0.7,0.85,0.9,0.4,0.95,0.1,0,0,0,0.5,0.6,0.85,0.9,0.4,0.45,0.9785249832,0.9724139254,0.9620952016,0.9902714108,0.9411305585,1.0011124964,1.0011124964,1.0011124964,1.0011124964,1.0011124964,0.9610242639,0.9591828906,0.8821712861,0.9667210128,0.8821712861,0.9678718711,0.9635369713,0.9621751223,0.9791886449,0.9098398389,0.9975448355,0.976311499,0.9722259519,0.9983120744,0.9668360986,1,1,1,1,1,0.0009593974,0.0132230884,0.0072164181,-0.0034180493,0.0260009821,0.0378428953,0.0393118434,0.1260015982,0.0331946096,0.0574407237,0.8657921702,0.5420462485,0.649422061,0.8153978827,0.4282471951,0.9722488038,0.9734675206,0.9906466699,0.9676519799,0.9906466699,0.0140731808,0.0118412838,0.0227316871,0.0102947294,0.0294856271,0.7434493547,0.4756391703,0.5858606146,0.9544159544,0.1426269138,0.1282753226,0.2621804149,0.2070696927,0.0227920228,0.4286865431,0.8717246774,0.7378195851,0.7929303073,0.9772079772,0.5713134569,23.452124183,28.529248366,29.8937363834,1.5094771242,40.1407407407,40.4537113871,33.1621454235,32.5366233484,0.9681067947,43.24842992,-0.0206068627,-0.1498614352,-0.000409071,-0.9695766585,-0.004841934,0.5103034313,0.5749307176,0.5002045355,0.9847883293,0.502420967,0.4896965687,0.4250692824,0.4997954645,0.0152116707,0.497579033,1.6613038445,1.436977074,1.8546266815,1.0195726001,1.8848551988
2026-07-31T13:00:00Z,522.5,0.0022058118,0.0022033826,-0.0011316774,0.0033412705,0.0023811353,0,0.004784689,0.0018021369,0.0018295075,0.0047617225,0.0012183233,0.2,0.05,0.2333333333,0.6,0.0166666667,0.4,0.45,0.3666666667,0.2,0.4833333333,0.6,0.5,0.6,0.8,0.5,-0.1417608436,-0.0108303918,0.0102609712,-0.2484016467,0.0463179043,-0.737474775,-0.7272769634,-0.1218505165,0.3320489514,-0.2065353628,0.9,0.95,0.9666666667,0.8,0.9833333333,0,0.2,0,0,0.4833333333,0.9,0.75,0.9666666667,0.8,0.5,0.9803138756,0.9721751196,0.9639240829,0.9932593301,0.9400090909,1.0023732057,1.0023732057,1.0023732057,1.0023732057,1.0023732057,0.9589090909,0.9583732057,0.9200956938,0.9741052632,0.8802296651,0.9666028708,0.9614162679,0.9602488038,0.9953492823,0.9078373206,0.9961148325,0.9770334928,0.9720191388,0.9977990431,0.9651100478,1,1,1,1,1,-0.0018449761,0.0107045796,0.0095480578,-0.0027827751,0.0240503726,0.0410440327,0.0395320614,0.1342914206,0.0265225933,0.0604400065,0.8887287631,0.6110559695,0.7214937501,0.6632826821,0.4805819554,0.9453985029,0.9460635059,0.9711560828,0.9160460393,0.9805703541,0.014577937,0.0132936155,0.0186426282,0.0082685575,0.0304354067,0.7838660578,0.47752944,0.6289141928,0.9440559441,0.1493480441,0.1080669711,0.26123528,0.1855429036,0.027972028,0.4253259779,0.8919330289,0.73876472,0.8144570964,0.972027972,0.5746740221,23.9944636678,27.3228373702,31.6759515571,1.237716263,42.3454152249,43.2075091991,35.0239503283,34.4291413038,0.8379495551,45.9178391499,-0.0288068293,-0.125131338,0.0011887793,-0.2833061446,-0.0048172096,0.5144034147,0.562565669,0.4994056103,0.6416530723,0.5024086048,0.4855965853,0.437434331,0.5005943897,0.3583469277,0.4975913952,1.6800914906,1.5415224517,1.8543293461,0.9104742451,1.8853602071
2026-07-31T13:20:00Z,523.155,0.0012535885,0.0012528034,0.0049760766,-0.0037040564,0.0140925538,0.0005046658,0.004583438,0.0020441979,0.0017915707,0.0014909539,0.0013170252,0.4,0.15,0.2333333333,0.6,0.05,0.3,0.4,0.3666666667,0.2,0.4666666667,0.7,0.55,0.6,0.8,0.5166666667,-0.2060775561,-0.0417098157,-0.0069329736,-0.3316497463,0.0436161804,-0.3826890523,-0.4277978133,-0.1764611214,0.6256638544,-0.149685964,0.9,0.95,0.9666666667,0.8,0.9833333333,0,0.15,0,0.4,0.4666666667,0.9,0.8,0.9666666667,0.4,0.5166666667,0.9831818486,0.9729501773,0.9652948616,0.9968537049,0.9398521152,1.0178627749,1.0178627749,1.0178627749,1.0178627749,1.0178627749,0.959792031,0.9571733043,0.9207213923,0.9916372777,0.8791276008,0.9688715581,0.9626019057,0.9591038985,0.9948676778,0.906700691,0.9965497797,0.9941030861,0.9729430092,0.998747981,0.9645324999,1,1,1,1,1,-0.0038073194,0.0076299431,0.0087273627,0.0001643872,0.0212956404,0.0427022502,0.041498278,0.0838098198,0.0247894221,0.0651850796,0.8718504645,0.6659279944,0.7223015319,0.8859867306,0.527975948,0.6923963134,0.7056692913,0.8161157025,0.318877551,0.8712455222,0.0140992928,0.0144445866,0.0182458422,0.0022400907,0.0313897117,0.8004857089,0.4969603052,0.5256968358,0.9405425492,0.1613049502,0.0997571455,0.2515198474,0.2371515821,0.0297287254,0.4193475249,0.9002428545,0.7484801526,0.7628484179,0.9702712746,0.5806524751,0.1941796411,0.1563877613,0.1620948508,0.2044941923,0.1866261195,0.3202659442,0.2402633393,0.2079694341,0.3977657806,0.2146015387,0.4444678213,0.3321566806,0.2907984208,0.9844029944,0.0980261282,0.2777660893,0.3339216597,0.3546007896,0.0077985028,0.4509869359,0.7222339107,0.6660783403,0.6453992104,0.9922014972,0.5490130641,1.3382256812,1.3883962748,1.7620350069,1.858482537,1.8649695324
2026-07-31T13:40:00Z,513.67,-0.018130382,-0.0182967513,-0.0002389349,-0.017895723,0.0016633845,0.0080874902,0.0036235385,0.0020059615,0.0016587456,-0.0021404793,0.0014062565,0.2,0.1,0.1666666667,0.2,0.05,0.4,0.45,0.4,0.4,0.4666666667,0.6,0.55,0.5666666667,0.6,0.5166666667,-0.1048495373,-0.0133549379,-0.0000466209,0.221150597,0.0452792348,-0.3121157032,-0.3292872748,-0.1951009602,-0.4656288247,-0.1110118396,0.8,0.9,0.9333333333,0.6,0.9666666667,0.2,0.1,0,0.8,0.45,0.6,0.8,0.9333333333,-0.2,0.5166666667,1.0026602683,0.9920216287,0.9850101557,1.0126131563,0.9579713954,1.0366577764,1.0366577764,1.0366577764,1.0366577764,1.0366577764,0.9811746841,0.9748476648,0.9455876341,0.991765141,0.8953608348,0.99090856,0.9805711838,0.9770864563,1.0124593611,0.9234430666,1.0149512333,1.0124593611,0.9938287227,1.0171900247,0.9832187981,0.5,0.75,0.8333333333,0.2,0.9166666667,-0.0189661916,-0.0110782631,-0.0090619663,-0.0083321977,0.0005440386,0.0134156687,0.0226155163,0.060140755,-0.0130651142,0.0480922261,0.5906892395,0.6345904206,0.6909819372,0.2084694647,0.5638847498,0.3392982456,0.4069291339,0.5974775545,0.1834345186,0.7405621383,0.0135419226,0.0145201689,0.0172717224,0.0066298668,0.0324316961,0.218579235,0.2208827533,0.3444037348,-0.5242868157,0.113908757,0.3907103825,0.3895586234,0.3277981326,0.7621434079,0.4430456215,0.6092896175,0.6104413766,0.6722018674,0.2378565921,0.5569543785,0.2421752699,0.169283221,0.162018314,0.362472896,0.1638990208,0.3588385577,0.2700245788,0.2262178295,0.442134337,0.2024504418,0.4765095758,0.3815775011,0.3374484179,0.9879868221,0.1270011253,0.2617452121,0.3092112494,0.3312757911,0.0060065889,0.4364994374,0.7382547879,0.6907887506,0.6687242089,0.9939934111,0.5635005626,2.6723633613,3.1091904233,2.6276538656,1.8693960383,2.1199105331
2026-07-31T14:00:00Z,509.13,-0.0088383593,-0.0088776492,0.0008565811,-0.0096866429,0.0002917664,0.0152302037,0.001715404,0.0019078174,0.0014480787,-0.0065346768,0.0014693601,0.2,0,0.1,0.2,0.0166666667,0.4,0.5,0.4333333333,0.4,0.4833333333,0.6,0.5,0.5333333333,0.6,0.5,-0.0650534535,0.014938152,0.0272299118,0.2847753439,0.0527187361,-0.3401131326,-0.308241826,-0.3239629562,-0.5594929755,-0.0891546596,0.7,0.85,0.9,0.4,0.95,0.9,0.05,0,0.8,0.4333333333,-0.2,0.8,0.9,-0.4,0.5166666667,1.0124025298,1.0011524562,0.9952837848,1.0173452753,0.9671144894,1.0459018325,1.0459018325,1.0459018325,1.0459018325,1.0459018325,0.9846208238,0.9835405496,0.9562587158,0.9846208238,0.9033449217,1,0.9893151062,0.9866046,1.0089171724,0.9316775676,1.0240017284,1.0214876358,1.0026908648,1.0262604836,0.9943040088,0.3,0.65,0.7666666667,0.2,0.8833333333,-0.0201218478,-0.0192767214,-0.0162809254,-0.0042759217,-0.0104606122,0.0080784081,0.0057286214,0.0467956494,-0.0210356298,0.0373894617,0.1507755492,0.5697453895,0.6201493979,0.7119897685,0.5946735693,0.2509615385,0.2639370079,0.4879491674,0.2509615385,0.6780104712,0.0126890156,0.0145744515,0.0159159737,0.0109522219,0.0329981219,0.1206030151,0.055715658,0.2606803344,-0.6393921683,0.0870575956,0.4396984925,0.472142171,0.3696598328,0.8196960842,0.4564712022,0.5603015075,0.527857829,0.6303401672,0.1803039158,0.5435287978,0.4914534235,0.3228428502,0.3088781645,0.8138503944,0.2946408645,0.6302471702,0.4851734966,0.402833121,0.6962397596,0.3555185317,0.2070956931,0.1518898248,0.1749768376,0.4084809235,0.0727478087,0.3964521534,0.4240550876,0.4125115812,0.2957595383,0.4636260957,0.6035478466,0.5759449124,0.5874884188,0.7042404617,0.5363739043,2.1818903066,2.7661757275,2.3579957134,1.4181111603,2.0211723209
2026-07-31T14:20:00Z,513.13,0.0078565396,0.0078258377,-0.0009231434,0.0087877954,0.0024377777,0.0018479928,0.000047067,0.0017994458,0.0012729462,-0.0063853215,0.0015234588,0.4,0.1,0.1,0.2,0.0166666667,0.3,0.45,0.4333333333,0.4,0.4833333333,0.7,0.55,0.5333333333,0.6,0.5,-0.0935315411,-0.0140621268,0.0007820699,0.1755123597,0.045874768,-0.2251546677,-0.2573702262,-0.3896463284,-0.4754915001,-0.0758008773,0.6,0.8,0.8666666667,0.2,0.9333333333,0.8,0,0,0.6,0.4166666667,-0.2,0.8,0.8666666667,-0.4,0.5166666667,1.0061728997,0.9942777659,0.9891219899,1.0062109017,0.9602563353,1.0377487186,1.0377487186,1.0377487186,1.0377487186,1.0377487186,0.9769454134,0.9758735603,0.9513768441,0.9769454134,0.8963030811,0.9948745932,0.9823241674,0.9789137256,1,0.9244148656,1.0160193323,1.0135248378,1,1.0182604798,0.986864927,0.4,0.7,0.8,0.4,0.9,-0.0063847014,-0.011372501,-0.0075797095,0.0065597412,-0.0051983706,0.0169044788,0.0189439822,0.0503121482,-0.0157667594,0.042586911,0.0001615696,0.5294866662,0.5775584605,0.6979943764,0.6335326812,0.3791666667,0.3899212598,0.5629512635,0.3791666667,0.7331220722,0.010635651,0.0142595914,0.0144977728,0.0108086587,0.0331471741,0.2281968967,0.1786182363,0.275776955,-0.4145234493,0.0982239093,0.3859015516,0.4106908819,0.3621115225,0.7072617247,0.4508880454,0.6140984484,0.5893091181,0.6378884775,0.2927382753,0.5491119546,1.2974197854,0.9256839793,0.9301367959,2.5691542012,0.8717455375,1.8142451758,1.4119662985,1.1651977685,1.8297767337,1.0333320252,-0.1195159816,-0.0208969233,0.048500265,0.1103267925,0.019456097,0.5597579908,0.5104484616,0.4757498675,0.4448366038,0.4902719515,0.4402420092,0.4895515384,0.5242501325,0.5551633962,0.5097280485,2.0719579493,2.7465409235,2.2738030417,1.2941536415,1.9858867036
2026-07-31T14:40:00Z,512.69,-0.0008574825,-0.0008578504,-0.0007210648,-0.0001365161,0.0029253452,0.0072743584,-0.0012856136,0.0016816432,0.0011207153,-0.0041877158,0.0015973417,0.2,0,0.0333333333,-0.2,-0.0166666667,0.4,0.5,0.4666666667,0.6,0.5,0.6,0.5,0.5,0.4,0.4833333333,-0.0327866229,-0.0098429315,-0.0241733418,0.2055548269,0.0465567301,-0.3608952553,-0.2220419008,-0.3562870162,0.330546678,-0.0675885676,0.5,0.75,0.8333333333,0,0.9166666667,0.7,0.25,0,0.4,0.4,-0.2,0.5,0.8333333333,-0.4,0.5166666667,1.0077561489,0.9959727126,0.9913589759,1.0032475765,0.9616428381,1.0386393337,1.0386393337,1.0386393337,1.0386393337,1.0386393337,0.977783846,0.977257212,0.955528682,0.977783846,0.8970723049,1,0.9835768203,0.9798123622,1,0.9252082155,1.0168912988,1.0143946634,1.0008582184,1.0019114865,0.9886481109,0.3,0.65,0.7666666667,0.4,0.8833333333,-0.001970888,-0.011948323,-0.0076093479,0.005127855,-0.008764417,0.0072495088,0.0171209777,0.043452599,-0.0187751196,0.0349219807,0.139874794,0.477288832,0.5266811267,0.4210353782,0.6801478607,0.3650641026,0.3705115983,0.5350856606,0.3650641026,0.7270597961,0.0098734217,0.0140358606,0.0133662829,0.0091271019,0.0335425789,0.1104129264,0.1616710378,0.2460244296,-0.5130753138,0.0821423484,0.4447935368,0.4191644811,0.3769877852,0.7565376569,0.4589288258,0.5552064632,0.5808355189,0.6230122148,0.2434623431,0.5410711742,1.9631701258,1.3233832839,1.3144910116,3.8976760958,1.2631414109,2.5644609232,2.0358883147,1.678180822,2.3807386173,1.4869290672,0.0696448821,-0.0100273127,-0.0307219589,0.0735618034,0.0072563724,0.4651775589,0.5050136564,0.5153609795,0.4632190983,0.4963718138,0.5348224411,0.4949863436,0.4846390205,0.5367809017,0.5036281862,2.0679950189,2.7505883679,2.3478208782,1.2852272295,1.9966935368
2026-07-31T15:00:00Z,510.53,-0.0042130722,-0.0042219722,-0.0001950496,-0.0040188065,0.0034140346,0.0048576835,-0.0027519233,0.0015551066,0.0010816062,-0.0005327797,0.001663449,0,-0.1,-0.0333333333,-0.6,-0.0166666667,0.5,0.55,0.5,0.8,0.5,0.5,0.45,0.4666666667,0.2,0.4833333333,0.0054765584,0.0158489628,-0.0000071041,-0.8984682091,0.0487729343,-0.581332075,-0.2146392868,-0.3411489298,0.1134740744,-0.0653241289,0.4,0.7,0.8,0,0.9,0.6,0.2,0,0.2,0.3833333333,-0.2,0.5,0.8,-0.2,0.5166666667,1.012025738,1.0005920318,0.9960521419,1.0025463734,0.9662520648,1.0430337101,1.0430337101,1.0430337101,1.0261884708,1.0430337101,0.981920749,0.9813918869,0.9755939906,0.981920749,0.9008677257,1.0042308973,0.9877382328,0.9839578477,1,0.9291226764,1.0211936615,1.0186864631,1.0050927468,1.0050927468,0.9948093158,0.2,0.6,0.7333333333,0.4,0.8666666667,0.0003579168,-0.0153655445,-0.0117354324,-0.0014808141,-0.0153238106,0.0000587659,0.0081755169,0.0151921891,-0.0241324273,0.0335243031,0.6364293954,0.4122080395,0.4954515356,0.0500054072,0.7192085972,0.2958333333,0.3018748014,0.3618936974,0.4084070796,0.6972995316,0.0099080498,0.0139668272,0.0133001892,0.0033694123,0.0339689684,0.0008802817,0.0778049239,0.098720765,-0.6121212121,0.0783534422,0.4995598592,0.4610975381,0.4506396175,0.8060606061,0.4608232789,0.5004401408,0.5389024619,0.5493603825,0.1939393939,0.5391767211,3.4048805184,2.2305960578,2.1494847217,4.8476576212,2.1266437154,4.2559054542,3.4296110659,2.832052864,4.1828665949,2.5057397,0.0419497278,0.0005774281,-0.0451734161,-0.6366090848,-0.0008951939,0.4790251361,0.4997112859,0.522586708,0.8183045424,0.500447597,0.5209748639,0.5002887141,0.477413292,0.1816954576,0.499552403,2.0352300011,2.753315936,2.609588444,1.3350375505,1.9943103334
2026-07-31T15:20:00Z,508.83,-0.0033298729,-0.0033354292,-0.0009989619,-0.0023332418,0.0002156778,0.0088820046,-0.0031035549,0.0012824571,0.0009976714,-0.0006288937,0.0017114753,-0.2,-0.1,-0.0333333333,-0.6,-0.0166666667,0.6,0.55,0.5,0.8,0.5,0.4,0.45,0.4666666667,0.2,0.4833333333,0.1209918839,0.0056675262,0.0010426868,-0.6603660503,0.0595018415,-0.4826178991,-0.2253958493,-0.3285072712,0.0103062092,-0.0632442745,0.3,0.65,0.7666666667,0.2,0.8833333333,0.5,0.15,0.0333333333,0,0.3666666667,-0.2,0.5,0.7333333333,0.2,0.5166666667,1.0131193129,1.004440088,0.9998431041,1.0039934752,0.9700633479,1.0465184836,1.0465184836,1.0465184836,1.0108877228,1.0465184836,0.9852013443,0.9846707152,0.9814672877,0.9852013443,0.9038775229,1.003340998,0.9916868109,0.9878151839,1.0005895879,0.9322268734,1.0246054674,1.0220898925,1.0084507596,1.0075860307,1,0.1,0.4,0.6,0.2,0.8,0.0008466839,-0.0166234302,-0.0143093401,-0.0027356878,-0.0205518682,-0.0223644014,0.0102046894,0.0140904018,-0.0094223918,0.0362503309,0.7110786892,0.2923678462,0.4335270564,0.0651213903,0.7467278458,0.2413461538,0.2478551001,0.2848942598,0.5761285386,0.6738771011,0.0105712798,0.013676465,0.0131150111,0.0034852219,0.0342996551,-0.4509879892,0.0984485731,0.0906875321,-0.3769470405,0.0847175289,0.7254939946,0.4507757135,0.454656234,0.6884735202,0.4576412355,0.2745060054,0.5492242865,0.545343766,0.3115264798,0.5423587645,4.4411936956,2.8652355525,2.6832429018,3.3106192404,2.6080125169,5.3601803154,4.3666506528,3.6267894222,2.9524811324,3.1472541236,0.0324567215,0.0086715375,-0.0326121339,-1,-0.053634602,0.4837716393,0.4956642313,0.5163060669,1,0.526817301,0.5162283607,0.5043357687,0.4836939331,0,0.473182699,2.0183726242,2.752923965,2.6240400132,1.2894347828,2.0526908649
2026-07-31T15:40:00Z,507.965,-0.0016999784,-0.001701425,0.0001179176,-0.0018176816,0.0018471575,0.0051779363,-0.0033194843,0.0009848082,0.0009775839,-0.0027934996,0.001738745,-0.2,-0.2,-0.1,-0.6,-0.0166666667,0.6,0.6,0.5333333333,0.8,0.5,0.4,0.4,0.4333333333,0.2,0.4833333333,0.108546921,0.0125818253,0.0150436038,-0.8579043718,0.0493522218,-0.3513636697,-0.2473698994,-0.3270973574,0.981471872,-0.0934622332,0.2,0.6,0.7333333333,0,0.8666666667,0.4,0.1,0,0.6,0.35,-0.2,0.5,0.7333333333,-0.6,0.5166666667,1.0124614885,1.0065142283,1.001551288,1.0052444558,0.9724031183,1.0483005719,1.0483005719,1.0483005719,1.0126091365,1.0483005719,0.9868790173,0.9863474846,0.9831386021,0.992784936,0.9054167118,1.0022934651,0.9942614156,0.9894973079,1.0017028732,0.9338143376,1.0263502407,1.023830382,1.0101680234,1.009301822,1.0017028732,0.1,0.35,0.5666666667,0.2,0.7833333333,0.0024761906,-0.0158699067,-0.015726255,0.0003425433,-0.023696095,-0.0232757129,0.0073274238,0.0001673624,-0.0022882172,0.0430492813,0.754940932,0.1787240274,0.414874947,0.96593034,0.7616116555,0.2136217949,0.220368605,0.2587613293,0.3639523337,0.6619592174,0.0109733972,0.0134324747,0.0131366513,0.0040196728,0.0345039961,-0.4607040913,0.070387656,0.001169108,-0.1271140207,0.1013071106,0.7303520457,0.464806172,0.499415446,0.5635570104,0.4493464447,0.2696479543,0.535193828,0.500584554,0.4364429896,0.5506535553,6.1293958944,3.9269560117,3.5692160313,2.2492434018,3.568686217,7.2397137423,5.9343093834,4.9626212439,1.1789126935,4.2746909598,0.0196711164,0.0080808354,-0.0344553243,-1,0.0065994305,0.4901644418,0.4959595823,0.5172276621,1,0.4967002847,0.5098355582,0.5040404177,0.4827723379,0,0.5032997153,2.0114181664,2.7472501997,2.7721276205,1.200111352,2.0504430926
2026-07-31T16:00:00Z,507.77,-0.0003838847,-0.0003839584,0.0005512191,-0.0009345886,0.0021741483,0.0016527462,-0.0030954124,0.000608795,0.0008687247,-0.0024430352,0.0017709006,-0.4,-0.2,-0.1,-1,-0.05,0.7,0.6,0.5333333333,1,0.5166666667,0.3,0.4,0.4333333333,0,0.4666666667,0.1328117367,0.0084811957,0.0194145365,-0.3447557613,0.0057247017,-0.0321754258,-0.2711933566,-0.3018513978,0.8938464904,-0.0996333165,0.1,0.55,0.7,0.2,0.85,0.3,0.05,0,0.4,0.3333333333,-0.2,0.5,0.7,-0.2,0.5166666667,1.010175867,1.0074354531,1.0023389855,1.0035193099,0.9733594935,1.048703153,1.048703153,1.048703153,1.012938929,1.048703153,0.9872580105,0.9867262737,0.9848356539,0.9931661973,0.9057644209,1.0020875593,0.998227544,0.9917679264,1.0003840321,0.9341729523,1.011619434,1.0242235658,1.0105559604,1.0054355318,1.0020875593,0.1,0.3,0.5333333333,0.2,0.75,0.003753489,-0.0132190052,-0.0149354938,0.0013667605,-0.0256010611,-0.0260477606,0.010809412,0.0122400973,-0.010445696,0.0362441583,0.7149538949,0.0737109738,0.3403725222,0.9042012706,0.7822070404,0.2073717949,0.2141722275,0.2374344743,0.3456175299,0.6592725269,0.0105149323,0.0129300678,0.012888256,0.0036333913,0.0346763697,-0.5391028186,0.1069739953,0.0921230308,-1,0.0870033802,0.7695514093,0.4465130024,0.4539384846,1,0.4564983099,0.2304485907,0.5534869976,0.5460615154,0,0.5435016901,13.3837617714,8.518388903,7.4238228557,3.2495291423,7.6193645542,15.6397177268,12.8773137973,10.8204555067,1.8006180643,9.314586317,0.0094103295,-0.0003277438,-0.0602832183,-1,-0.0232208904,0.4952948352,0.5001638719,0.5301416092,1,0.5116104452,0.5047051648,0.4998361281,0.4698583908,0,0.4883895548,2.011417101,2.7557416016,3.0048579843,0.7617246118,2.0807656697
2026-07-31T16:20:00Z,511.02,0.0064005357,0.0063801392,0.0004135731,0.0059844876,0.0016536084,0.0006299461,-0.0020327734,0.0002922064,0.0008038406,-0.000015655,0.0017676128,-0.4,-0.1,-0.1,-0.6,-0.0166666667,0.7,0.55,0.5333333333,0.8,0.5,0.3,0.45,0.4333333333,0.2,0.4833333333,0.1588930621,0.0175120106,0.0340073305,0.8749733504,0.0132962554,0.6638423479,-0.3063886251,-0.2844669156,0.6641030745,-0.0908264371,0,0.5,0.6666666667,0,0.8333333333,0.2,0,0.1333333333,0.2,0.3166666667,-0.2,0.5,0.5333333333,-0.2,0.5166666667,1.0015048335,1.0019206685,0.9965115521,0.9964835036,0.9681670972,1.0420335799,1.0420335799,1.0420335799,1.0064968103,1.0420335799,0.980979218,0.980450863,0.9799029392,0.9868498298,0.9000039137,0.9957144534,0.9936401706,0.9856561387,0.9940217604,0.9282317718,1.0041289969,1.0177096787,1.0041289969,0.9990411334,0.9960471214,0.6,0.6,0.7333333333,1,0.8666666667,0.007642647,-0.0046966292,-0.0081672413,0.0035478063,-0.0203116749,-0.0219712919,0.0181709504,0.016692199,-0.003257329,0.0636942675,0.4835325792,0.0193777431,0.3041980569,0.0000728458,0.7861518699,0.3115384615,0.3174451859,0.3234645669,0.6693227092,0.7040507027,0.0083965926,0.0121041399,0.0126148172,0.0025939691,0.0345250418,-0.420666911,0.1702445399,0.1217706821,-0.2044063647,0.1547095404,0.7103334555,0.4148777301,0.4391146589,0.6022031824,0.4226452298,0.2896665445,0.5851222699,0.5608853411,0.3977968176,0.5773547702,5.4549801203,3.4344326639,2.8916675162,0.9927209705,2.9840639549,6.1907772478,5.1465124339,4.3474186039,0.3661445695,3.730629566,0.025761098,0.0083448601,-0.0385951772,-0.5629714965,-0.0320487518,0.487119451,0.49582757,0.5192975886,0.7814857483,0.5160243759,0.512880549,0.50417243,0.4807024114,0.2185142517,0.4839756241,1.9798120296,2.7216595201,3.0075090916,0.6893262916,2.1787964786
2026-07-31T16:40:00Z,510.34,-0.001330672,-0.0013315581,-0.0004892176,-0.0008418662,0.0009984925,0.0048945709,-0.0007055902,-0.0000717051,0.0007252379,0.0011903829,0.0017682193,-0.6,-0.1,-0.1,-0.6,-0.0166666667,0.8,0.55,0.5333333333,0.8,0.5,0.2,0.45,0.4333333333,0.2,0.4833333333,-0.0102778763,0.0196180906,0.0332227967,0.8751437015,0.0107535843,0.6089207898,-0.3578454134,-0.283351434,0.5048733167,-0.0888331969,0,0.45,0.6333333333,0.6,0.8166666667,0.1,0.55,0.1,0,0.3,-0.1,-0.1,0.5333333333,0.6,0.5166666667,1.0003282126,1.004099228,0.9983638359,0.9977368029,0.9704757286,1.0265705216,1.0434220324,1.0434220324,1.0029784066,1.0434220324,0.9822863189,0.9822863189,0.981208606,0.9881647529,0.9012031195,0.9970411882,0.9953462398,0.9876944782,0.9953462398,0.9294685896,1.0046047733,1.0190657209,1.0054669436,1,0.9976290316,0.5,0.45,0.6333333333,0.8,0.8166666667,0.0028469434,-0.0034180294,-0.0088797854,-0.0001175687,-0.0226381973,-0.0244956084,0.0171606242,0.015986144,-0.0003721623,0.0650944381,0.2634622533,0.001351829,0.2570434067,0.4436892124,0.7853012294,0.4,0.2897435897,0.3020472441,0.7989417989,0.6946817305,0.0039483925,0.0112456623,0.0123813066,0.0025273316,0.0345555876,-0.4691561413,0.1592085799,0.1159399365,-0.0284005979,0.1581643002,0.7345780707,0.4203957101,0.4420300318,0.514200299,0.4209178499,0.2654219293,0.5796042899,0.5579699682,0.485799701,0.5790821501,4.8450790967,4.0890351407,3.4045686914,1.0181137544,3.5083162259,6.5336709157,6.08486753,5.1580392583,0.3069763273,4.4293133712,-0.61318931,0.0065605174,-0.0084742126,-0.3571311431,-0.0107401689,0.806594655,0.4967197413,0.5042371063,0.6785655715,0.5053700845,0.193405345,0.5032802587,0.4957628937,0.3214344285,0.4946299155,2.0650823298,2.7161449439,3.0061128412,0.8649809514,2.1867311592
2026-07-31T17:00:00Z,512.01,0.0032723283,0.0032669858,-0.0000391896,0.0033116476,0.0000097978,0.0008622041,-0.0001314487,-0.0002547677,0.0006575233,0.0020819906,0.0017392005,-0.4,-0.1,-0.0666666667,-0.2,0.0166666667,0.7,0.55,0.5333333333,0.6,0.4833333333,0.3,0.45,0.4666666667,0.4,0.5,0.2807969801,-0.0330566575,0.0277624496,0.7398850452,0.0063709848,0.2577238545,-0.3413270737,-0.2775016471,0.1907920809,-0.0874847264,0.1,0.4,0.6,0.8,0.8,0,0.5,0.0666666667,0,0.2833333333,0.1,-0.1,0.5333333333,0.8,0.5166666667,0.9967412746,1.001326146,0.9957390155,0.9957246929,0.9686108019,1.004609285,1.0400187496,1.0400187496,1.0000097654,1.0400187496,0.9790824398,0.9790824398,0.978008242,0.9869533798,0.8982637058,0.9937891838,0.9937891838,0.9848831078,0.9920997637,0.9266225269,1,1.01574188,1.0021874573,0.998066444,0.996738345,0.8,0.6,0.7333333333,1,0.8666666667,0.0038502444,0.0010941472,-0.0052731035,0.000111326,-0.0199172169,-0.0032316468,0.0101406672,0.0193107842,0.0062496315,0.0846290726,0.0114689261,0.0180563052,0.2216693761,0.8030773101,0.7765904784,0.8194338179,0.3432692308,0.3546456693,0.9992520568,0.7176908239,0.0035255086,0.0109326575,0.0120878073,0.003285603,0.0341785728,-0.0851282051,0.1015609563,0.1367545467,0.4774774775,0.208311607,0.5425641026,0.4492195218,0.4316227266,0.2612612613,0.3958441965,0.4574358974,0.5507804782,0.5683772734,0.7387387387,0.6041558035,4.5718329653,6.624723951,5.5677775547,1.4264203975,5.7673961052,5.8033937907,10.1841401532,8.610037496,0.4516883616,7.3889545695,-0.93652096,-0.0336591212,-0.0228630865,-0.3605220228,-0.0159842207,0.96826048,0.5168295606,0.5114315432,0.6802610114,0.5079921104,0.03173952,0.4831704394,0.4885684568,0.3197389886,0.4920078896,1.8948120583,2.8383530045,2.996950998,1.0084065504,2.2416088209
2026-07-31T17:20:00Z,512.97,0.0018749634,0.0018732078,-0.0002539013,0.0021294053,0.0040634524,0.002168477,-0.0000091564,-0.0004815976,0.0006474282,0.0022204028,0.0017245622,-0.2,0,-0.0666666667,0.2,0.0166666667,0.6,0.5,0.5333333333,0.4,0.4833333333,0.4,0.5,0.4666666667,0.6,0.5,0.2574752309,-0.0364905626,0.0252997858,0.5996909067,0.0089588124,0.6074523291,-0.322183563,-0.2619181247,0.6811619462,-0.0780308513,0.9,0.35,0.5666666667,0.8,0.7833333333,0.3,0.45,0.0333333333,0,0.2666666667,0.6,-0.1,0.5333333333,0.8,0.5166666667,0.9956245005,1.0002241847,0.9943135076,0.9958126206,0.9679986159,1.004054818,1.0380724019,1.0380724019,1.004054818,1.0380724019,0.9830984268,0.9772501316,0.9761779441,0.9882254323,0.8965826462,0.9919293526,0.992260756,0.9830399439,0.9948729945,0.924888395,0.9994541591,1.0138409654,1.0003119091,0.9981285455,0.9951849036,0.9,0.65,0.7666666667,1,0.8833333333,0.0044167034,0.0043509924,-0.0037012163,-0.0002534261,-0.0188731997,0.007542278,0.0156816157,0.0133141062,0.0098530411,0.077622789,0.0000497963,0.071800556,0.2165871277,0.8310044916,0.7718756617,0.8065116279,0.3740384615,0.3848818898,0.7438423645,0.7309176082,0.0037269557,0.0103637331,0.0120410539,0.0034446497,0.0339942512,0.2412060302,0.1591959799,0.0991613947,0.7409326425,0.1957304799,0.3793969849,0.4204020101,0.4504193026,0.1295336788,0.40213476,0.6206030151,0.5795979899,0.5495806974,0.8704663212,0.59786524,1.0914790608,2.6246711853,2.1847333172,0.6357298475,2.3007463891,0.7536312227,4.1049157762,3.466911842,0.2506965856,2.9743715137,-0.7766801075,-0.0180821117,-0.0330037585,0.1702764571,-0.0104812914,0.8883400538,0.5090410559,0.5165018793,0.4148617714,0.5052406457,0.1116599462,0.4909589441,0.4834981207,0.5851382286,0.4947593543,1.4760563961,2.8728255931,3.120596253,0.9200631321,2.2743004937
2026-07-31T17:40:00Z,512.025,-0.001842213,-0.001843912,0.0012671306,-0.0031054087,0,0.0011779136,0.0004423316,-0.0007737155,0.0005864194,0.0009062058,0.0017007147,-0.4,0,-0.0666666667,0.2,0.0166666667,0.7,0.5,0.5333333333,0.4,0.4833333333,0.3,0.5,0.4666666667,0.6,0.5,0.6639235905,-0.0237165272,0.0313393847,0.5995004561,0.0093384782,0.4530153532,-0.2449319354,-0.2332373917,0.1890298667,-0.0692449392,0.8,0.3,0.5333333333,0.6,0.7666666667,0.2,0.4,0,0,0.25,0.6,-0.1,0.5333333333,0.6,0.5166666667,0.9972462282,1.0027952737,0.9966977524,0.9993125336,0.9710416158,1.0059079147,1.0399882818,1.0399882818,1.0059079147,1.0399882818,0.9849128461,0.9790537571,0.9779795908,0.9914750256,0.8982373908,0.9937600703,0.9943459792,0.9854987549,0.9980372052,0.9311068795,1,1.0157121234,1.0021580977,1,0.9970802207,0.8,0.55,0.7,0.8,0.85,0.0007632795,0.0045550231,-0.0052008339,-0.0011249451,-0.021212698,-0.0021534504,0.0147146254,0.0167497369,0.0083797782,0.0815335058,0.1308741934,0.2122895797,0.1834904685,0.5221854096,0.7612836966,0.7186046512,0.34375,0.3551181102,0.5906630582,0.7178974924,0.003511947,0.009683063,0.0118492485,0.0017734929,0.0337565838,-0.0858919549,0.1477758981,0.1272727273,0.5669553631,0.2062737135,0.5429459775,0.426112051,0.4363636364,0.2165223185,0.3968631433,0.4570540225,0.573887949,0.5636363636,0.7834776815,0.6031368567,1.245076107,3.3129785517,2.9744618696,1.017896679,3.2524177429,0.6501269943,5.7267317151,4.9495144069,0.2767265171,4.2606758235,-0.5065889602,-0.1647569256,-0.0655076476,0.2171603864,-0.0150544218,0.7532944801,0.5823784628,0.5327538238,0.3914198068,0.5075272109,0.2467055199,0.4176215372,0.4672461762,0.6085801932,0.4924727891,0.7480823327,2.9109490722,3.2557731198,0.7294460292,2.2982919628
2026-07-31T18:00:00Z,510.62,-0.0027440066,-0.0027477783,-0.0001855378,-0.0025589436,0.0011720352,0.0033793683,0.0007149953,-0.0009929916,0.0005069041,0.0001126082,0.0016615285,-0.4,-0.1,-0.1333333333,-0.2,0.0166666667,0.7,0.55,0.5666666667,0.6,0.4833333333,0.3,0.45,0.4333333333,0.4,0.5,0.6264525065,0.0241093563,0.0340386491,0.1966436129,0.004144801,0.2927215434,-0.2946352168,-0.2109479673,0.1684829584,-0.0690605122,0.7,0.25,0.5,0.4,0.75,0.1,0.35,0.1666666667,0,0.2333333333,0.6,-0.1,0.3333333333,0.4,0.5166666667,0.9995848185,1.0057131526,0.9998684606,1.0019055266,0.9750066912,1.0086757275,1.0428498688,1.0428498688,1.0086757275,1.0428498688,0.9876228898,0.9817476793,0.9812189103,0.9945556382,0.9007089421,0.9964944577,0.999451647,0.9890916925,1,0.9404253652,1.0027221809,1.0185069132,1.0049155928,1.0027515569,1,0.6,0.4,0.6,0.4,0.8,-0.0028022974,0.0037202672,-0.00721857,-0.002130743,-0.0240217828,-0.0040375276,0.0031827112,0.0130143237,-0.0007827482,0.084118896,0.3984063866,0.3564124627,0.1415721674,0.0069264337,0.7447411008,0.5879069767,0.2987179487,0.3047346679,0.3855755895,0.6985395426,0.0032536215,0.0095910233,0.0116607394,0.0019135076,0.0333430591,-0.1496746204,0.0342857143,0.0976045231,-0.0706713781,0.212884853,0.5748373102,0.4828571429,0.4511977384,0.535335689,0.3935575735,0.4251626898,0.5171428571,0.5488022616,0.464664311,0.6064424265,0.9864388681,3.1091724506,2.6800498309,0.9330912974,3.0050596191,0.3292431251,5.283413833,4.5930151911,0.2530515005,3.9484514219,-0.3579413723,0.0204535431,-0.0365973381,-0.0266602618,-0.0030907207,0.6789706861,0.4897732284,0.5182986691,0.5133301309,0.5015453603,0.3210293139,0.5102267716,0.4817013309,0.4866698691,0.4984546397,0.7335490062,2.9033725132,3.2574015538,0.2883002638,2.3061091699
2026-07-31T18:20:00Z,511,0.0007441933,0.0007439166,-0.0005875211,0.0013324973,0.0003723154,0.0013324973,0.0007935717,-0.001157034,0.0004559905,-0.0008551859,0.001611347,-0.2,-0.1,-0.1333333333,0.2,0.05,0.6,0.55,0.5666666667,0.4,0.4666666667,0.4,0.45,0.4333333333,0.6,0.5166666667,0.5477625099,0.0350436679,0.044033645,0.0936508185,0.0040319677,0.2426418649,-0.3677887454,-0.2044148032,0.4047629765,-0.0722271267,0.6,0.2,0.4666666667,0.2,0.7333333333,0,0.3,0.1333333333,0.6,0.2166666667,0.6,-0.1,0.3333333333,-0.4,0.5166666667,0.9989334638,1.0050141879,0.999425636,1.0014187867,0.9756061644,1.007925636,1.042074364,1.042074364,1.007925636,1.042074364,0.986888454,0.9810176125,0.9804892368,0.9958708415,0.9000391389,0.9957534247,0.9987084149,0.9883561644,1,0.9399119374,1.0019765166,1.0177495108,1.0041682975,1.0020058708,1,0.6,0.4,0.6,0.4,0.8,-0.0025045366,0.0059776349,-0.0060374976,0.0002915851,-0.0231409002,0.0009206119,0.0009794319,0.0091036553,0.0012932555,0.0863326176,0.4859970121,0.4874638277,0.1166888633,0.5506762017,0.7269429496,0.623255814,0.3108974359,0.31680966,0.3425324675,0.7037751447,0.0032696131,0.0095558811,0.0115539444,0.001629774,0.0327294875,0.0390041494,0.0108389334,0.0706405149,0.1231343284,0.2184742845,0.4804979253,0.4945805333,0.4646797426,0.4384328358,0.3907628578,0.5195020747,0.5054194667,0.5353202574,0.5615671642,0.6092371422,1.6930581228,6.0262271514,5.0887656603,1.6545491887,5.7481413021,0.5555822677,10.1372814642,8.857544942,0.5846334781,7.6103487089,-0.2622972438,0.0117458539,-0.0172463125,-0.173886454,-0.0076174108,0.6311486219,0.4941270731,0.5086231563,0.586943227,0.5038087054,0.3688513781,0.5058729269,0.4913768437,0.413056773,0.4961912946,0.805910976,2.9017310188,3.2986200539,0.4527290164,2.3089570443
2026-07-31T18:40:00Z,510.6,-0.0007827789,-0.0007830854,-0.0002152642,-0.0005676369,0.0015658948,0.0017616317,0.0005975145,-0.0010272081,0.0003602318,-0.0011290638,0.0015477634,-0.2,-0.2,-0.1333333333,-0.2,0.05,0.6,0.6,0.5666666667,0.6,0.4666666667,0.4,0.4,0.4333333333,0.4,0.5166666667,0.4886960067,0.0930331184,0.0294350431,0.4178179337,0.0068225783,0.4084507456,-0.2573710038,-0.2117989451,0.5765490559,-0.0591601502,0.5,0.15,0.4333333333,0,0.7166666667,0,0.25,0.1,0.4,0.2,0.5,-0.1,0.3333333333,-0.4,0.5166666667,1.0000626714,1.004834998,1.0006596814,1.0016509988,0.9777828372,1.008715237,1.0428907168,1.0428907168,1.008715237,1.0428907168,0.9896788092,0.981786134,0.9812573443,0.9966509988,0.9007442225,0.9994907951,0.9994907951,0.9926948688,1.0000391696,0.9453584019,1.0027614571,1.0060125343,1.004954955,1.0027908343,1.0007833921,0.4,0.35,0.5333333333,0.2,0.7666666667,-0.0027514867,0.0049234794,-0.0058830429,0.0006071289,-0.0234418578,0.0034785685,-0.018963629,0.0137187556,-0.0027538525,0.0925898188,0.3073879532,0.4224160689,0.0764247025,0.7811451155,0.7057950489,0.54218107,0.2980769231,0.304099142,0.2775974026,0.6982639846,0.0030955086,0.0091134762,0.0112785801,0.0018066234,0.0319055012,0.1646511628,-0.2699671772,0.1097522236,-0.3447432763,0.2361641742,0.4176744186,0.6349835886,0.4451238882,0.6723716381,0.3819179129,0.5823255814,0.3650164114,0.5548761118,0.3276283619,0.6180820871,0.9894135376,3.7326007786,3.1150403952,1.0865754113,3.4761438319,0.3091051713,6.1738201541,5.4145725645,0.3039453064,4.6644502062,-0.0964926202,0.0197934417,0.0015065778,0.1535846724,-0.0152409274,0.5482463101,0.4901032792,0.4992467111,0.4232076638,0.5076204637,0.4517536899,0.5098967208,0.5007532889,0.5767923362,0.4923795363,0.9213901914,2.9020366303,3.3197343744,0.5902441786,2.3396653186
2026-07-31T19:00:00Z,510.83,0.0004504505,0.000450349,0.0006462985,-0.0001957215,0.000900319,0.0043743761,0.0002703265,-0.0008729491,0.0002687136,-0.0004717812,0.001484784,0,-0.1,-0.1333333333,-0.2,0.05,0.5,0.55,0.5666666667,0.6,0.4666666667,0.5,0.45,0.4333333333,0.4,0.5166666667,0.4349961433,0.0952704447,0.0310347979,0.107469861,0.0062419716,0.475714731,-0.1831359243,-0.2324385739,-0.0980646094,-0.0344435672,0.4,0.1,0.4,0,0.7,0,0.2,0.0666666667,0.8,0.1833333333,0.4,-0.1,0.3333333333,-0.8,0.5166666667,1.0001732475,1.003478163,1.0006371983,1.0003621557,0.9786979034,1.0082610653,1.0424211577,1.0424211577,1.0054616996,1.0424211577,0.9923653662,0.9813440871,0.9808155355,0.9956247675,0.9003386645,0.9995497524,0.9990407768,0.9940097488,0.9995889043,0.9485151616,1.0023099661,1.0045024764,1.0045024764,1.0003327917,1.0003327917,0.5,0.45,0.5666666667,0.6,0.7833333333,-0.0013897169,0.0048148531,-0.0045335453,0.0005814067,-0.0224990316,0.0056401524,-0.0177668391,0.013008904,-0.0041717839,0.0885166954,0.0920678659,0.3436531022,0.0446209471,0.4200245878,0.6841717804,0.4802955665,0.3054487179,0.3114076899,0.4447761194,0.7014329016,0.002558949,0.0085866665,0.0110105614,0.0010294809,0.0310871567,0.2832427088,-0.253915911,0.104775595,-0.6369047619,0.2288831341,0.3583786456,0.6269579555,0.4476122025,0.818452381,0.385558433,0.6416213544,0.3730420445,0.5523877975,0.181547619,0.614441567,0.5463913596,1.9330781449,1.6000592969,0.5922363405,1.7366190174,0.2170929507,3.1038828168,2.7308957533,0.2260381828,2.3606037532,0.1697766901,0.0359676575,0.0203538527,0.1692027703,-0.0172084795,0.4151116549,0.4820161713,0.4898230737,0.4153986148,0.5086042398,0.5848883451,0.5179838287,0.5101769263,0.5846013852,0.4913957602,0.9782808804,2.8982198527,3.3183287004,0.6935464746,2.3675020319
2026-07-31T19:20:00Z,509.095,-0.0033964333,-0.0034022142,0.0005089756,-0.0039034221,0.0003717545,0.0004989337,-0.0003364259,-0.0007032972,0.0001240964,-0.0006324949,0.0014221554,0,-0.2,-0.1333333333,-0.2,0.0166666667,0.5,0.6,0.5666666667,0.6,0.4833333333,0.5,0.4,0.4333333333,0.4,0.5,0.4827021146,0.1212900746,0.0331023065,0.2334668068,0.0091277339,-0.1252554389,0.0413255203,-0.269751042,-0.3400026778,-0.002920057,0.3,0.05,0.3666666667,0,0.6833333333,0,0.15,0.0333333333,0.6,0.1666666667,0.3,-0.1,0.3333333333,-0.6,0.5166666667,1.003842112,1.0056944185,1.0044896663,1.0026203361,0.9832879914,1.0116972274,1.0459737377,1.0459737377,1.0067472672,1.0459737377,0.9971812727,0.9846885159,0.984158163,0.999017865,0.9034070262,1.0029562262,1.0000687494,0.997780375,1.0029562262,0.9553619658,1.0057258468,1.007611546,1.0079258292,1.0034080083,1.0037419342,0.1,0.2,0.3333333333,0.2,0.6666666667,-0.0023281956,0.0009869053,-0.0062890643,-0.0013553463,-0.025241577,0.0026094492,-0.0235062818,0.0134470677,-0.0057223768,0.0814091807,0.2344147328,0.2722128988,0.0102628873,0.4445911874,0.6578579589,0.1941813261,0.2498397436,0.2562758182,0.127064803,0.6775282447,0.0019958316,0.0077728519,0.0106026316,0.0013415029,0.0303655605,0.1136851137,-0.3326095807,0.108227189,-0.7060240964,0.2108723761,0.4431574432,0.6663047903,0.4458864055,0.8530120482,0.3945638119,0.5568425568,0.3336952097,0.5541135945,0.1469879518,0.6054361881,0.8214574543,2.7219453235,2.2351851852,0.8669655415,2.3387350563,0.2739190793,4.2705900903,3.7697836062,0.3184670444,3.2553280648,0.1761977996,0.0272678911,0.012900389,0.1323932628,-0.0366707863,0.4119011002,0.4863660545,0.4935498055,0.4338033686,0.5183353931,0.5880988998,0.5136339455,0.5064501945,0.5661966314,0.4816646069,0.8147910834,2.8742057703,3.303101198,0.840804631,2.3932761101
2026-07-31T19:40:00Z,504.51,-0.0090061776,-0.0090469784,-0.0003437472,-0.0086654091,0.0039986638,0.0007270298,-0.0010507645,-0.0005928033,-0.0000922359,-0.0028711027,0.0013599858,-0.2,-0.3,-0.1333333333,-0.2,-0.0166666667,0.6,0.65,0.5666666667,0.6,0.5,0.4,0.35,0.4333333333,0.4,0.4833333333,-0.645023247,0.0332419081,-0.0412378133,-0.8179491832,-0.0188523051,-0.8327147385,0.3221540663,-0.351079613,-0.9308282611,0.0277396867,0.2,0,0.3333333333,0.2,0.6666666667,0.9,0.1,0,0.8,0.15,-0.7,-0.1,0.3333333333,-0.6,0.5166666667,1.0116746943,1.0130512775,1.0137909391,1.0093100236,0.9932175114,1.0208915581,1.0554795742,1.0554795742,1.0142316307,1.0554795742,0.9992666151,0.9936373907,0.993102218,0.9992666151,0.9116172127,1.011555767,1.009088026,1.006848229,1.009088026,0.9683653446,1.0148659095,1.016213752,1.0170858853,1.0125270064,1.012863967,0.1,0.05,0.0666666667,0.2,0.4833333333,-0.0069462539,-0.0074196462,-0.0124535187,-0.0035678183,-0.0333370918,-0.0127392274,-0.034430622,0.0052002391,-0.0119658454,0.0633799848,0.4744222889,0.245155221,0.0058553291,0.7025742388,0.620376509,0.0339138405,0.1028846154,0.1105815062,0.0490066225,0.6143565721,0.0043817726,0.0069037627,0.0104331028,0.0048441503,0.0299024652,-0.5011547344,-0.4466236346,0.0392127404,-0.8335607094,0.1646227965,0.7505773672,0.7233118173,0.4803936298,0.9167803547,0.4176886018,0.2494226328,0.2766881827,0.5196063702,0.0832196453,0.5823113982,0.1740439093,0.3238664129,0.2568363432,0.2707294618,0.2458905807,0.2766938584,0.4530166342,0.4026104817,0.3660364153,0.3417175029,0.7476389624,0.2264396534,0.1618938371,0.8539339735,0.0547798268,0.1261805188,0.3867801733,0.4190530815,0.0730330132,0.4726100866,0.8738194812,0.6132198267,0.5809469185,0.9269669868,0.5273899134,2.5785705445,2.4418297677,2.863128172,1.8714380202,2.3174119863
2026-07-31T20:00:00Z,503.83,-0.0013478425,-0.0013487516,-0.0022001546,0.0008541915,-0,0,-0.0017714008,-0.00042162,-0.0003234534,-0.0039418058,0.0012784052,-0.2,-0.4,-0.1333333333,-0.6,-0.0166666667,0.6,0.7,0.5666666667,0.8,0.5,0.4,0.3,0.4333333333,0.2,0.4833333333,-0.5823861878,-0.1949789292,-0.0342422344,-0.7237987233,-0.0176366138,0.2276655265,0.3789488988,-0.2352253079,0.2982579156,0.028032385,0.1,0,0.3,0,0.65,0.9,0.05,0.3666666667,0.8,0.1333333333,-0.8,-0.05,-0.0666666667,-0.8,0.5166666667,1.0117480102,1.0125007443,1.0152981495,1.0078260524,0.9955567023,1.0222694163,1.0398348649,1.0569041145,1.0156005002,1.0569041145,0.9991465375,0.994978465,0.994978465,0.9991465375,0.9128475875,1.0104499534,1.0099239823,1.0082071334,1.0013496616,0.9700692694,1.016235635,1.016265407,1.0184586071,1.013437072,1.0142309906,0.1,0.05,0.0333333333,0.2,0.4333333333,-0.0037767068,-0.0084953542,-0.0106080755,0.0000575591,-0.0332696572,-0.0127562017,-0.0369393392,0.0041855181,-0.0140313112,0.0637403935,0.7485073332,0.2285902314,0.0751242902,0.8710818723,0.5789725541,0.0369098712,0.1119469027,0.0810897436,0.0518697226,0.6049875999,0.0058809268,0.0050849678,0.0102143498,0.0059728379,0.0290964401,-0.5011547344,-0.4794690485,0.031310571,-0.9397116645,0.165388408,0.7505773672,0.7397345243,0.4843447145,0.9698558322,0.417305796,0.2494226328,0.2602654757,0.5156552855,0.0301441678,0.582694204,134.6135714286,210.6,206.1154761905,211.6842857143,196.570952381,226.033712233,325.5730128777,325.4969084364,299.815391104,276.6545968083,-0.0326605446,-0.3037028482,-0.0060295735,-0.0205931919,-0.0112267359,0.5163302723,0.6518514241,0.5030147867,0.510296596,0.5056133679,0.4836697277,0.3481485759,0.4969852133,0.489703404,0.4943866321,2.6062089036,2.5252214162,2.8638531861,1.8791457146,2.3223707522
2026-07-31T20:20:00Z,503.33,-0.0009923982,-0.000992891,-0.0003771113,-0.000615519,0,0,-0.00216931,-0.0005038847,-0.0004929351,-0.0040261856,0.0011935886,-0.4,-0.4,-0.2,-0.6,-0.05,0.7,0.7,0.6,0.8,0.5166666667,0.3,0.3,0.4,0.2,0.4666666667,-0.568483009,-0.2251396835,-0.0809782924,-0.7568264521,-0.0166892991,0.5023754157,0.4943760173,-0.0935469751,0.518808433,0.0276656443,0,0.5,0.2666666667,0,0.6333333333,0.9,0,0.3333333333,0.8,0.1166666667,-0.9,0.5,-0.0666666667,-0.8,0.5166666667,1.0110285499,1.0124793873,1.0160722919,1.0059384499,0.9975054471,1.0232849224,1.0232849224,1.0579540262,1.0160133511,1.0579540262,1,0.9959668607,0.9959668607,1,0.9137543957,1.0023443864,1.0092086703,1.0092086703,1.0009933841,0.9761786502,1.0152385115,1.0172451473,1.0194703276,1.0114537182,1.0152385115,0.1,0.05,0.0333333333,0.2,0.3833333333,-0.001266655,-0.0076924824,-0.0089247333,0.0021139213,-0.0327163116,-0.0169527939,-0.0201296552,-0.0069840393,-0.0142381512,0.0611053136,0.8453487139,0.2680150085,0.1647649617,0.8839788368,0.5349492084,0,0.1476363636,0.0650641026,0,0.5980986498,0.0067768932,0.0056123851,0.0105110599,0.0060560277,0.028261727,-0.7343485618,-0.3301404853,-0.0567035079,-0.9404915912,0.1589656402,0.8671742809,0.6650702427,0.528351754,0.9702457956,0.4205171799,0.1328257191,0.3349297573,0.471648246,0.0297542044,0.5794828201,125.7698630137,140.872260274,192.5979452055,192.2767123288,187.1756849315,218.4168710236,209.0006944171,314.0292894269,293.7528267824,266.0156142841,-0.0196571085,-0.413549771,-0.0291220184,-0.0345043721,-0.0084604007,0.5098285542,0.7067748855,0.5145610092,0.517252186,0.5042302003,0.4901714458,0.2932251145,0.4854389908,0.482747814,0.4957697997,2.6482154317,2.2335588371,2.9753628463,1.8928949019,2.3256868413
2026-07-31T20:40:00Z,502.24,-0.0021655773,-0.0021679255,0.0014106054,-0.0035711451,0,0,-0.0023524911,-0.0007297757,-0.0006993895,-0.0029647181,0.0011112569,-0.6,-0.4,-0.2,-1,-0.0833333333,0.8,0.7,0.6,1,0.5333333333,0.2,0.3,0.4,0,0.45,-0.717165003,-0.3261821261,-0.0894788128,-0.8482187256,-0.0273384355,0.5756822963,0.6291058148,0.0129077426,0.5265427966,0.0599130544,0,0.45,0.2333333333,0,0.6166666667,0.9,0.95,0.3,0.8,0.1,-0.9,-0.5,-0.0666666667,-0.8,0.5166666667,1.0110863332,1.0139908211,1.0180909525,1.0047009398,1.0005161875,1.02265849,1.0255057343,1.0602500796,1.0179993629,1.0602500796,1,1,0.9981283848,1,0.915737496,1.0031658171,1.0110106722,1.0113989328,1.0021702772,0.9987854412,1.0171033769,1.0194528512,1.0216828608,1.0045197515,1.0174418605,0.1,0.05,0.0333333333,0.2,0.2833333333,-0.0005001231,-0.0070579518,-0.0079498042,0.0012284963,-0.0332982664,-0.0209174026,-0.0135328894,-0.0055638056,-0.0168157704,0.0534661772,0.8710358107,0.4227303403,0.3140073025,0.7921537116,0.4878947956,0,0,0.0301282051,0,0.5830807385,0.0072399733,0.0064722238,0.0108028533,0.0047107892,0.0275519082,-0.8979079498,-0.2472192321,-0.0455429498,-1,0.1408131698,0.9489539749,0.6236096161,0.5227714749,1,0.4295934151,0.0510460251,0.3763903839,0.4772285251,0,0.5704065849,42.6947761194,38.171641791,68.1744610282,62.2009950249,65.5676616915,80.3815980848,59.3375976879,114.6933901961,109.9231038552,96.4484122829,-0.0502112549,-0.2918728745,-0.0281927517,-0.0700269369,-0.0441657169,0.5251056275,0.6459364372,0.5140963759,0.5350134685,0.5220828585,0.4748943725,0.3540635628,0.4859036241,0.4649865315,0.4779171415,2.7079829748,2.6993668196,3.016580209,1.9070693798,2.3784006815
