date,Close,Return,LogReturn,Gap,Body,UpperShadow,LowerShadow,BETA10,BETA20,BETA30,BETA5,BETA60,CNTD10,CNTD20,CNTD30,CNTD5,CNTD60,CNTN10,CNTN20,CNTN30,CNTN5,CNTN60,CNTP10,CNTP20,CNTP30,CNTP5,CNTP60,CORD10,CORD20,CORD30,CORD5,CORD60,CORR10,CORR20,CORR30,CORR5,CORR60,IMAX10,IMAX20,IMAX30,IMAX5,IMAX60,IMIN10,IMIN20,IMIN30,IMIN5,IMIN60,IMXD10,IMXD20,IMXD30,IMXD5,IMXD60,MA10,MA20,MA30,MA5,MA60,MAX10,MAX20,MAX30,MAX5,MAX60,MIN10,MIN20,MIN30,MIN5,MIN60,QTLD10,QTLD20,QTLD30,QTLD5,QTLD60,QTLU10,QTLU20,QTLU30,QTLU5,QTLU60,RANK10,RANK20,RANK30,RANK5,RANK60,RESI10,RESI20,RESI30,RESI5,RESI60,ROC10,ROC20,ROC30,ROC5,ROC60,RSQR10,RSQR20,RSQR30,RSQR5,RSQR60,RSV10,RSV20,RSV30,RSV5,RSV60,STD10,STD20,STD30,STD5,STD60,SUMD10,SUMD20,SUMD30,SUMD5,SUMD60,SUMN10,SUMN20,SUMN30,SUMN5,SUMN60,SUMP10,SUMP20,SUMP30,SUMP5,SUMP60,VMA10,VMA20,VMA30,VMA5,VMA60,VSTD10,VSTD20,VSTD30,VSTD5,VSTD60,VSUMD10,VSUMD20,VSUMD30,VSUMD5,VSUMD60,VSUMN10,VSUMN20,VSUMN30,VSUMN5,VSUMN60,VSUMP10,VSUMP20,VSUMP30,VSUMP5,VSUMP60,WVMA10,WVMA20,WVMA30,WVMA5,WVMA60
2026-07-29T17:40:00Z,670.73,0.0021665073,0.0021641638,0.0000298829,0.0021365606,0.0001344688,0.0001195279,0.0006259575,-0.0007886425,-0.0006479003,0.0015885677,-0.0003037593,0,-0.1,-0.0666666667,0.6,0,0.5,0.55,0.5333333333,0.2,0.5,0.5,0.45,0.4666666667,0.8,0.5,0.1497775934,-0.0620611559,-0.0938256023,0.7128482654,-0.3008972751,0.2827242911,-0.7748147754,-0.39813937,-0.1589539078,-0.2496973848,0.8,0.3,0,0.6,0.2,0.4,0.7,0.8,0,0.9,0.4,-0.4,-0.8,0.6,-0.7,0.9953550609,0.9999280635,1.0029418196,0.9973148659,1.0066820231,1.0011181847,1.0100338437,1.0127025778,1.0011181847,1.0191582306,0.9890268812,0.9890268812,0.9890268812,0.9901301567,0.9890268812,0.9931567099,0.9942898036,0.9956390798,0.9956390798,0.9997316357,0.9978381763,1.0065003802,1.0088411134,0.9999403635,1.0117036662,1,0.6,0.4,1,0.25,0.0018281303,0.00756404,0.0064527351,-0.0004920013,0.0022788766,0.00574299,-0.0069144211,-0.0106497529,0.0099226067,-0.0130808393,0.3534355368,0.5646642574,0.726825368,0.7319815768,0.5418827844,0.9075215783,0.5223562811,0.4634760705,0.8982360923,0.3641761504,0.0030242433,0.006051748,0.006577826,0.0026258544,0.0071462339,0.2646855563,-0.1752345216,-0.2083092902,0.7003188098,-0.1059468478,0.3676572218,0.5876172608,0.6041546451,0.1498405951,0.5529734239,0.6323427782,0.4123827392,0.3958453549,0.8501594049,0.4470265761,0.9063265656,0.712695965,0.7737642423,0.985102373,0.9232709386,0.1784339023,0.5433209974,0.6750126483,0.1104600984,0.8198744329,0.0132043689,-0.262763716,0.0049825672,0.0282611598,0.0051682723,0.4933978156,0.631381858,0.4975087164,0.4858694201,0.4974158639,0.5066021844,0.368618142,0.5024912836,0.5141305799,0.5025841361,0.5778231227,1.4271652653,1.4650596105,0.3725583992,1.385923021
2026-07-29T18:00:00Z,671.9,0.0017443681,0.0017428484,0.0007901838,0.0009534309,0.0042308494,0,0.0010159791,-0.0006399146,-0.0005916994,0.0012248847,-0.000305236,0,-0.1,-0.0666666667,0.6,0.0333333333,0.5,0.55,0.5333333333,0.2,0.4833333333,0.5,0.45,0.4666666667,0.8,0.5166666667,0.195231389,-0.0371254326,-0.071310764,0.4294754402,-0.3036862004,0.5479027514,-0.7231462281,-0.4169751511,0.7764778578,-0.260509762,0.9,0.25,0,0.8,0.1833333333,0.3,0.65,0.7666666667,0,0.8833333333,0.6,-0.4,-0.7666666667,0.8,-0.7,0.9941948207,0.9978929156,1.0008520613,0.9972927519,1.0047871707,1.0042268195,1.0082750409,1.0105670487,1.0042268195,1.0173835392,0.9873046584,0.9873046584,0.9873046584,0.9900431612,0.9873046584,0.9914272957,0.9925584164,0.9939053431,0.9961006102,0.9979907724,0.9981991368,1.004539366,1.006771841,0.9982586694,1.0099419556,1,0.7,0.4666666667,1,0.2833333333,0.0012332733,0.0081862735,0.0077275804,0.0002574788,0.0042172918,0.0057630417,-0.0058444921,-0.0101941605,0.008646831,-0.0084413093,0.664670779,0.4050341309,0.6510945472,0.6826110443,0.547239285,0.7502198769,0.6053938964,0.5457453615,0.7019937041,0.422068283,0.0035793854,0.0057979179,0.0063469978,0.0020966384,0.0071457439,0.2657004831,-0.144318597,-0.1979405034,0.6713286713,-0.0688493019,0.3671497585,0.5721592985,0.5989702517,0.1643356643,0.5344246509,0.6328502415,0.4278407015,0.4010297483,0.8356643357,0.4655753491,0.5720186288,0.4728024635,0.4839958603,0.6521148267,0.5564407628,0.1726928465,0.3315936036,0.4108577727,0.1814947566,0.4905198354,0.1947737149,0.2529636537,0.0871290204,0.3755291157,0.0243375391,0.4026131426,0.3735181732,0.4564354898,0.3122354422,0.4878312304,0.5973868574,0.6264818268,0.5435645102,0.6877645578,0.5121687696,0.5622605183,1.3160892627,1.4009508267,0.3733642358,1.3829635932
2026-07-29T18:20:00Z,674.56,0.0039589225,0.0039511065,0.0002530138,0.0037049712,0.0005951761,0.0017706489,0.0014446679,-0.0004065195,-0.000521477,0.0015358159,-0.0002959537,0.2,-0.1,0,0.6,0.0333333333,0.4,0.55,0.5,0.2,0.4833333333,0.6,0.45,0.5,0.8,0.5166666667,-0.1745925338,-0.0627675072,-0.1097702553,0.1188889294,-0.3066774611,0.4770074228,-0.6194058509,-0.4198135538,0.3444824066,-0.2659221586,0.9,0.2,0,0.8,0.1666666667,0.2,0.6,0.7333333333,0,0.8666666667,0.7,-0.4,-0.7333333333,0.8,-0.7,0.9913936492,0.9938022563,0.9967769114,0.9953629032,1.000718493,1.0005929791,1.0042990987,1.0058853178,1.0005929791,1.0133716793,0.9834114089,0.9834114089,0.9834114089,0.9902010199,0.9834114089,0.9875177894,0.9886444497,0.989986065,0.9942629269,0.9940553843,0.9943222249,1.0001630693,1.0025942837,0.9960566888,1.0059446157,1,0.75,0.5,1,0.3333333333,0.0021053454,0.0100596791,0.010784505,0.0015654649,0.0080121404,0.0113191706,-0.0031034789,-0.0038395652,0.0101152282,-0.0063487855,0.8317213091,0.1774732893,0.5269657042,0.6845925597,0.5238797255,0.9654874892,0.7941802697,0.7381266491,0.9429386591,0.5536862939,0.0045499442,0.0055643024,0.0062177492,0.002625053,0.0070812225,0.4686530106,-0.0718685832,-0.0723025584,0.7054830287,-0.0510119541,0.2656734947,0.5359342916,0.5361512792,0.1472584856,0.525505977,0.7343265053,0.4640657084,0.4638487208,0.8527415144,0.474494023,0.9730973745,0.8213650715,0.8059086629,1.0870471918,0.9142759222,0.2600756641,0.5137925125,0.6698172419,0.2860186689,0.8000278581,0.1327756057,0.1418588068,0.0335117544,0.0598527921,0.0111299911,0.4336121971,0.4290705966,0.4832441228,0.4700736039,0.4944350045,0.5663878029,0.5709294034,0.5167558772,0.5299263961,0.5055649955,0.5103503615,1.1961234369,1.3492563862,0.3577763715,1.3567783416
2026-07-29T18:40:00Z,678.86,0.0063745256,0.0063542943,-0.0002075427,0.0065834347,0.0013937902,0,0.0020113488,-0.0000912576,-0.0004059102,0.0033865598,-0.0002751151,0.4,0,0,0.6,0.0333333333,0.3,0.5,0.5,0.2,0.4833333333,0.7,0.5,0.5,0.8,0.5166666667,0.0455603186,-0.0457899799,-0.0978194818,0.2711763581,-0.29374356,0.5757075549,-0.4491942011,-0.3741509858,0.5152089231,-0.2612482426,0.9,0.95,0.9666666667,0.8,0.15,0.1,0.55,0.7,0,0.85,0.8,0.4,0.2666666667,0.8,-0.7,0.9869568099,0.9877069646,0.9905358493,0.9914651033,0.994377584,1.0013846743,1.0013846743,1.0013846743,1.0013846743,1.0069528327,0.9771823351,0.9771823351,0.9771823351,0.9852325958,0.9771823351,0.9812627051,0.982382229,0.9837153463,0.9880240403,0.9877588899,0.9897475179,0.9938278879,0.9962437027,0.9936658516,0.9995728132,1,1,1,1,0.85,0.0039921205,0.0131599825,0.0153498481,0.0017617771,0.0137383123,0.0187739176,0.0040079864,0.0021848888,0.0121814847,-0.0001325576,0.8794762854,0.0079751512,0.3133298898,0.9280331124,0.4587254833,0.9427875837,0.9427875837,0.9427875837,0.9142726858,0.7664522514,0.0061603062,0.0058924426,0.0062765101,0.0049715523,0.0070345827,0.6334177215,0.0820963344,0.036963037,0.7434030937,-0.0010145418,0.1832911392,0.4589518328,0.4815184815,0.1282984531,0.5005072709,0.8167088608,0.5410481672,0.5184815185,0.8717015469,0.4994927291,0.7464472341,0.6413643462,0.6066900915,0.8349930927,0.6686833043,0.2013020109,0.3592771332,0.486420613,0.2220631604,0.5797401072,0.187783815,0.1799333307,0.0692040328,0.1609071062,0.0197643433,0.4061080925,0.4100333347,0.4653979836,0.4195464469,0.4901178284,0.5938919075,0.5899666653,0.5346020164,0.5804535531,0.5098821716,0.6712621309,1.1111235736,1.2971088821,0.6680830461,1.3165117619
2026-07-29T19:00:00Z,673.46,-0.007954512,-0.0079863179,0.0002504198,-0.0082028776,0.0014285083,0.0006258928,0.0019058071,0.0001096403,-0.0003544444,0.0018442075,-0.0002652016,0.4,-0.1,0,0.6,0,0.3,0.55,0.5,0.2,0.5,0.7,0.45,0.5,0.8,0.5,-0.1899436579,-0.0231843038,-0.0813110045,-0.2322280838,-0.2711459097,0.5209243135,-0.2808643499,-0.3729461066,0.1208252566,-0.2713739547,0.9,0.95,0.9666666667,0.8,0.1333333333,0,0.5,0.6666666667,0,0.8333333333,0.9,0.45,0.3,0.8,-0.7,0.9959856562,0.9954047011,0.9983119512,1.0006563122,1.0021545452,1.0097110445,1.0097110445,1.0097110445,1.0097110445,1.0150268761,0.9850176699,0.9850176699,0.9850176699,0.9937041547,0.9850176699,0.9916030648,0.9902592582,0.9916030648,0.9976836041,0.9956790307,1,1.0016333561,1.0039942981,1.0016333561,1.0074540433,0.8,0.75,0.5,0.6,0.3333333333,-0.0045617881,0.0035537162,0.0068274924,-0.0043447272,0.0056689019,0.0112771229,-0.0044201345,-0.0049643923,0.0062455176,-0.0116379753,0.8249841403,0.0123732403,0.2434180863,0.3927129753,0.4317575749,0.6067348166,0.6067348166,0.6067348166,0.3933209647,0.4992577932,0.0060267491,0.0056836098,0.0062181458,0.0041618571,0.0069896665,0.3034343434,-0.0784570979,-0.0748663102,0.2790387183,-0.0865059452,0.3482828283,0.5392285489,0.5374331551,0.3604806409,0.5432529726,0.6517171717,0.4607714511,0.4625668449,0.6395193591,0.4567470274,0.6170902833,0.5210892684,0.47025417,0.7295649104,0.5033072986,0.1789008969,0.2648647503,0.3691066483,0.1883727768,0.4298928688,0.3732857006,0.2424167721,0.0934998193,0.4636363636,0.0415781025,0.3133571497,0.378791614,0.4532500904,0.2681818182,0.4792109488,0.6866428503,0.621208386,0.5467499096,0.7318181818,0.5207890512,0.8399438029,1.1416767041,1.3730023414,0.7376218208,1.3563833966
2026-07-29T19:20:00Z,665.815,-0.0113518249,-0.0114167487,-0.0005048555,-0.0108524483,0,0,0.0008603719,0.0001253142,-0.0003874282,-0.0019930461,-0.0002815572,0.4,-0.1,0,0.2,0,0.3,0.55,0.5,0.4,0.5,0.7,0.45,0.5,0.6,0.5,0.1726474103,0.0432085968,-0.0258215306,0.1720437669,-0.2248535589,0.2873099638,-0.1329788442,-0.3940797168,-0.2413316137,-0.2896536593,0.8,0.9,0.9333333333,0.6,0.1166666667,0,0.45,0.6333333333,0.8,0.8166666667,0.8,0.45,0.3,-0.2,-0.7,1.0076733026,1.0061375908,1.0092838601,1.0106696305,1.0133444225,1.0213047168,1.0213047168,1.0213047168,1.0213047168,1.0266815857,0.9974392286,0.9963278088,0.9963278088,1,0.9963278088,1.0029888182,1.0008035265,1.0017947928,1.0091391753,1.0060151844,1.0114821685,1.0114821685,1.0155223298,1.013134279,1.0186463207,0.1,0.1,0.0666666667,0.2,0.0333333333,-0.011544976,-0.0073280759,-0.0036661513,-0.0066835382,-0.0050384858,0.0025220586,-0.0137389089,-0.0145125958,-0.0073278368,-0.0186667256,0.1865851938,0.0161246776,0.2697623417,0.1961246392,0.452741608,0.1073001888,0.1470234516,0.1470234516,0,0.120979713,0.0057210347,0.0056905032,0.0064563905,0.006364529,0.0072467236,0.0547654079,-0.2089199234,-0.1910375061,-0.2321133412,-0.1313728541,0.4726172961,0.6044599617,0.595518753,0.6160566706,0.5656864271,0.5273827039,0.3955400383,0.404481247,0.3839433294,0.4343135729,0.8146047107,0.7065821306,0.6165558985,0.9896777064,0.6415913536,0.2286593767,0.3058080525,0.4671247724,0.1952604342,0.5437538669,0.1572625632,0.1828868053,0.070633133,0.2041757708,0.0197842501,0.4213687184,0.4085565974,0.4646834335,0.3979121146,0.4901078749,0.5786312816,0.5914434026,0.5353165665,0.6020878854,0.5098921251,0.8637973136,1.1216213536,1.3971112933,0.5966649353,1.4093180911
2026-07-29T19:40:00Z,661.6,-0.0063305873,-0.0063507105,0.0000525672,-0.006382819,0.001096343,0.0006758279,-0.0003849254,0.0000606641,-0.0004513143,-0.0058895103,-0.0003088165,0.2,-0.1,-0.0666666667,-0.2,0,0.4,0.55,0.5333333333,0.6,0.5,0.6,0.45,0.4666666667,0.4,0.5,-0.2385738255,-0.039921398,-0.0957607538,-0.2099149093,-0.2553000746,-0.4980895899,-0.1332726661,-0.4749114115,-0.7513858965,-0.3321059414,0.7,0.85,0.9,0.4,0.1,0.9,0.95,0.9666666667,0.8,0.9833333333,-0.2,-0.1,-0.0666666667,-0.4,-0.8833333333,1.0134068924,1.0115598549,1.014996977,1.0139948609,1.019401577,1.0278113664,1.0278113664,1.0278113664,1.0278113664,1.0332224909,0.9993198307,0.9993198307,0.9993198307,0.9993198307,0.9993198307,1.0093787787,1.0068621524,1.0080108827,1.006370919,1.011668682,1.0179262394,1.0155683192,1.0219921403,1.0195888755,1.0251360339,0.1,0.05,0.0333333333,0.2,0.0166666667,-0.0116747279,-0.0121361634,-0.0084529196,-0.0022158404,-0.0102914899,-0.0068153842,-0.0193724339,-0.0210555909,-0.0153296622,-0.023367728,0.0258373858,0.0032986909,0.3125928103,0.7760154224,0.4825145369,0.023872679,0.023872679,0.023872679,0.023872679,0.0200624164,0.0068782712,0.006090549,0.0069868083,0.009454945,0.0076992002,-0.1384146341,-0.271218095,-0.2571841677,-0.4252683732,-0.1589836296,0.5692073171,0.6356090475,0.6285920839,0.7126341866,0.5794918148,0.4307926829,0.3643909525,0.3714079161,0.2873658134,0.4205081852,0.2399003618,0.1831239184,0.1456208156,0.345424511,0.1366502351,0.2569516026,0.1937696795,0.1814690223,0.3292094459,0.1519430653,0.6985352184,0.5429948216,0.3313884865,0.7548437921,0.1914716684,0.1507323908,0.2285025892,0.3343057568,0.122578104,0.4042641658,0.8492676092,0.7714974108,0.6656942432,0.877421896,0.5957358342,1.3038709289,1.6122384256,1.9775664272,0.8565793327,1.9883463236
2026-07-29T20:00:00Z,660.21,-0.0021009674,-0.0021031775,0.00058948,-0.0026888624,0,0.0001812716,-0.0015025063,0.0000015944,-0.0005070453,-0.0074461156,-0.0003341782,0,-0.2,-0.1333333333,-0.6,-0.0333333333,0.5,0.6,0.5666666667,0.8,0.5166666667,0.5,0.4,0.4333333333,0.2,0.4833333333,-0.1340938616,-0.1880606153,-0.0676831339,-0.1010737581,-0.2474535723,0.3054569345,0.3248769732,-0.3304500299,0.3116686523,-0.25917106,0.6,0.8,0.8666666667,0.2,0.0833333333,0.9,0.95,0.9666666667,0.8,0.9833333333,-0.3,-0.15,-0.1,-0.6,-0.9,1.0143901183,1.0125732721,1.0162933006,1.0117826146,1.0210843267,1.0299753109,1.0299753109,1.0299753109,1.0299753109,1.035397828,0.9998182397,0.9998182397,0.9998182397,0.9998182397,0.9998182397,1.008489723,1.0086942034,1.0093000712,1.0021053907,1.013738053,1.0200693719,1.0162675512,1.0236894322,1.0200693719,1.0270974387,0.1,0.05,0.0333333333,0.2,0.0166666667,-0.0076288399,-0.0125884188,-0.0089411434,0.0031096166,-0.0112260687,-0.0113730805,-0.0218386547,-0.0245988831,-0.0212731262,-0.0270568991,0.2710687305,0.0000020296,0.344425441,0.9508265605,0.5044330178,0.006027122,0.006027122,0.006027122,0.006027122,0.0051085568,0.0082890273,0.0064533442,0.0074780506,0.0107992631,0.008148482,-0.2335126826,-0.2989858012,-0.2989764769,-0.6252723312,-0.1839310759,0.6167563413,0.6494929006,0.6494882385,0.8126361656,0.591965538,0.3832436587,0.3505070994,0.3505117615,0.1873638344,0.408034462,68.8870662461,53.4954258675,43.0300736067,96.5006309148,40.4752365931,79.5012833405,59.2894329957,55.0142043475,104.8711466606,45.9871900433,-0.0492468713,-0.0385984881,-0.0212158984,-0.0624347363,-0.0213812626,0.5246234356,0.519299244,0.5106079492,0.5312173681,0.5106906313,0.4753765644,0.480700756,0.4893920508,0.4687826319,0.4893093687,1.3442272504,1.6171358882,1.9930403145,0.9360891654,2.0064011781
2026-07-29T20:20:00Z,660.85,0.0009693885,0.000968919,-0.0000757335,0.0010452012,-0,0.0022721764,-0.0021335699,-0.0001057421,-0.0005396495,-0.0046644473,-0.0003521278,0,-0.1,-0.1333333333,-0.6,-0.0333333333,0.5,0.55,0.5666666667,0.8,0.5166666667,0.5,0.45,0.4333333333,0.2,0.4833333333,-0.1675952524,-0.1304872324,-0.0734511625,-0.3389821373,-0.2444045318,0.495150592,0.4566444284,-0.2181849004,0.4949148452,-0.187595454,0.5,0.75,0.8333333333,0,0.0666666667,0.9,0.95,0.9666666667,0.8,0.9833333333,-0.4,-0.2,-0.1333333333,-0.8,-0.9166666667,1.011918741,1.0108284785,1.0144813498,1.0053521979,1.019616277,1.0289778316,1.0289778316,1.0289778316,1.0289778316,1.0343950972,0.9966860861,0.9966860861,0.9966860861,0.9966860861,0.9966860861,1.001134902,1.0075130514,1.0080048422,1,1.0110312476,1.019081486,1.0149504426,1.0220170992,1.0075130514,1.0260497844,0.2,0.1,0.0666666667,0.4,0.0333333333,-0.0023176763,-0.0098239281,-0.0066564322,0.0039766967,-0.0092285064,-0.0146714578,-0.0150532827,-0.0242299855,-0.0265297705,-0.0279473413,0.4464725468,0.0079069696,0.364123417,0.7783033763,0.5199539627,0.1026241799,0.1026241799,0.1026241799,0.1026241799,0.0878812199,0.0091714178,0.0068570754,0.0077406367,0.0074772299,0.0084570362,-0.3249669749,-0.2198519808,-0.2934024674,-0.9336443753,-0.1915708812,0.6624834875,0.6099259904,0.6467012337,0.9668221877,0.5957854406,0.3375165125,0.3900740096,0.3532987663,0.0331778123,0.4042145594,105.3754475703,80.2911764706,68.4325660699,139.641943734,65.2063086104,132.5819519521,97.3377232148,89.9227987663,180.1386435658,74.8606483115,-0.0592580166,-0.1028983704,-0.0228279466,-0.0898075144,-0.009043622,0.5296290083,0.5514491852,0.5114139733,0.5449037572,0.504521811,0.4703709917,0.4485508148,0.4885860267,0.4550962428,0.495478189,1.428663264,1.7825576469,1.9996306244,1.1145574555,2.0153980583
2026-07-30T12:00:00Z,671.74,0.0164787773,0.0163444757,0.0164787773,0,-0,0,-0.0017993524,0.0000180208,-0.0004577523,0.001652425,-0.0003386702,0.2,0,-0.0666666667,-0.2,0,0.4,0.5,0.5333333333,0.6,0.5,0.6,0.5,0.4666666667,0.4,0.5,-0.3949782154,-0.3438319086,-0.1762561003,-0.4676421136,-0.2692205045,0.2541599319,0.1933383969,-0.2408027725,-0.3750171577,-0.1685172123,0.4,0.7,0.8,0,0.05,0.8,0.9,0.9333333333,0.6,0.9666666667,-0.4,-0.2,-0.1333333333,-0.6,-0.9166666667,0.9958801024,0.9945842141,0.9978081798,0.9885416977,1.0029092357,1.0122964242,1.0122964242,1.0122964242,1.0020543663,1.0176258672,0.9805281805,0.9805281805,0.9805281805,0.9805281805,0.9805281805,0.9849048739,0.9911796231,0.9916634412,0.9837883705,0.9946407836,1.0025605145,1,1.0049870486,0.9911796231,1.0092446482,0.6,0.8,0.6,1,0.35,0.0122169833,0.0052445887,0.0088292289,0.0081534522,0.0070815357,0.0036755917,0.0028664417,-0.0067572563,-0.002553975,-0.0105318977,0.3209647994,0.0002313799,0.2828181707,0.1321440193,0.5029436562,0.6129334583,0.6129334583,0.6129334583,0.9045643154,0.5248796148,0.0091225131,0.0068313415,0.007450169,0.0064285498,0.008270231,0.0618712274,0.034470377,-0.06937908,-0.0694108152,-0.0655301989,0.4690643863,0.4827648115,0.53468954,0.5347054076,0.5327650994,0.5309356137,0.5172351885,0.46531046,0.4652945924,0.4672349006,786.12,603.922,521.9666666667,910.904,505.9973333333,1059.0249801397,772.903294414,709.351061489,1477.4193918532,588.0098254221,-0.0460713696,-0.0516548751,-0.0288450592,-0.1276287451,-0.0107017148,0.5230356848,0.5258274376,0.5144225296,0.5638143725,0.5053508574,0.4769643152,0.4741725624,0.4855774704,0.4361856275,0.4946491426,1.4622223212,1.8130078813,2.0189316521,1.4497594148,2.0229205193
2026-07-30T12:20:00Z,672.09,0.0005210349,0.0005208992,-0.0009229762,0.0014453451,0.0000149005,0,-0.0013710736,0.0000745402,-0.0003873561,0.0048371498,-0.0003313845,0.2,0.1,0,0.2,0.0333333333,0.4,0.45,0.5,0.4,0.4833333333,0.6,0.55,0.5,0.6,0.5166666667,-0.3381456808,-0.3027662068,-0.1625564014,-0.5375512495,-0.264528675,0.1578969431,0.0941412571,-0.2976286771,-0.5561277522,-0.1628398367,0.3,0.65,0.7666666667,0.8,0.0333333333,0.7,0.85,0.9,0.4,0.95,-0.4,-0.2,-0.1333333333,0.4,-0.9166666667,0.9955638382,0.9944523799,0.9971243931,0.9898942106,1.0022387875,1.0117692571,1.0117692571,1.0117692571,1.000014879,1.0170959247,0.9800175572,0.9800175572,0.9800175572,0.9800175572,0.9800175572,0.9843919713,0.9906634528,0.991147019,0.9832760493,0.9941228109,1.0020384175,0.9997172998,1.0042553825,0.9994792364,1.0085702808,0.7,0.85,0.6666666667,1,0.3833333333,0.010605993,0.0048394879,0.0084922702,0.0004314898,0.0075370549,0.0020276415,0.0077822762,-0.0049007995,0.0094245398,-0.0088118396,0.183403815,0.0038432466,0.2092429623,0.7190859085,0.4865383324,0.6293345829,0.6293345829,0.6293345829,0.9992559524,0.5389245586,0.0091956738,0.0069332592,0.0073294971,0.0080670388,0.0082276147,0.035178479,0.0976849238,-0.0506813658,0.3588790392,-0.0550006904,0.4824107605,0.4511575381,0.5253406829,0.3205604804,0.5275003452,0.5175892395,0.5488424619,0.4746593171,0.6794395196,0.4724996548,172.06,135.2372093023,108.9458914729,178.5860465116,116.4127131783,251.5854672498,182.1846460693,159.4068631481,354.173238523,137.4658432357,-0.056788414,-0.0484338245,-0.1284615003,-0.1034514693,-0.0148804297,0.528394207,0.5242169123,0.5642307501,0.5517257347,0.5074402148,0.471605793,0.4757830877,0.4357692499,0.4482742653,0.4925597852,1.5064652313,1.8881542898,2.0934390748,1.9945309313,2.0324107037
2026-07-30T12:40:00Z,672.36,0.0004017319,0.0004016512,0.0004017319,0,-0,0,-0.0008299576,0.0001521518,-0.0003076739,0.0052858588,-0.0003132749,0.2,0.1,0,0.6,0.0333333333,0.4,0.45,0.5,0.2,0.4833333333,0.6,0.55,0.5,0.8,0.5166666667,-0.3367985872,-0.2917206378,-0.1608536734,-0.2234555147,-0.2767422884,0.0292122067,-0.0121114544,-0.2790062578,-0.8453576048,-0.16887933,0.2,0.6,0.7333333333,0.8,0.0166666667,0.6,0.8,0.8666666667,0.2,0.9333333333,-0.4,-0.2,-0.1333333333,0.6,-0.9166666667,0.9952324648,0.9943735499,0.9965509548,0.9926973645,1.0015993416,1.0113629603,1.0113629603,1.0113629603,1,1.0166874888,0.9796240109,0.9796240109,0.9796240109,0.9796240109,0.9796240109,0.9839966685,0.9902656315,0.9907490035,0.9828811946,0.9937236005,1.0016360283,0.9995984294,1.0034356595,0.9995984294,1.0080909037,0.7,0.85,0.7,1,0.4,0.0085023445,0.0041810085,0.0079103169,-0.003269082,0.0076422678,0.0006846257,0.0064516129,-0.0051638677,0.0162636034,-0.0140192398,0.0667762832,0.0154920377,0.1373945619,0.7893365429,0.4522489903,0.6419868791,0.6419868791,0.6419868791,1,0.5497592295,0.0092251146,0.0070488539,0.0071844764,0.0084139407,0.008067465,0.0121822034,0.0824880383,-0.0535851374,0.7946824225,-0.0910042837,0.4939088983,0.4587559809,0.5267925687,0.1026587888,0.5455021418,0.5060911017,0.5412440191,0.4732074313,0.8973412112,0.4544978582,826.6875,694.305,585.2008333333,6.65,612.0104166667,1379.8632673316,991.9305049561,857.0707320695,5.6055998787,742.702422075,-0.1002538654,-0.0567852196,-0.0008441854,-0.9982720704,-0.0305478255,0.5501269327,0.5283926098,0.5004220927,0.9991360352,0.5152739128,0.4498730673,0.4716073902,0.4995779073,0.0008639648,0.4847260872,1.5682435159,1.9256282815,2.0936865103,0.9164236933,2.106959786
2026-07-30T13:00:00Z,674,0.0024391695,0.0024361995,0.0032571837,-0.0008153584,0,0.0001185976,0.000098867,0.0002300149,-0.0002013018,0.0039940653,-0.000288231,0.2,0.2,0,1,0.0333333333,0.4,0.4,0.5,0,0.4833333333,0.6,0.6,0.5,1,0.5166666667,-0.1894499638,-0.1994606896,-0.117184053,-0.4019132061,-0.2519869175,-0.0930958963,-0.0739768294,-0.2558170372,-0.440145258,-0.1948618936,0.1,0.55,0.7,0.8,0,0.5,0.75,0.8333333333,0,0.9166666667,-0.4,-0.2,-0.1333333333,0.8,-0.9166666667,0.9927277448,0.9924725519,0.9939945598,0.9943738872,0.9989509149,1.0089020772,1.0089020772,1.0089020772,1.0008160237,1.0142136499,0.9772403561,0.9772403561,0.9772403561,0.9772403561,0.9772403561,0.9816023739,0.9878560831,0.9883382789,0.9966468843,0.991305638,0.9991988131,0.9975667656,1.0008308605,0.9975667656,1.0050148368,0.9,0.9,0.7666666667,1,0.4666666667,0.0068273537,0.0053423061,0.0089243164,-0.0023620178,0.0095519004,-0.0008301708,0.010479603,-0.0039310732,0.0208872934,-0.0125193211,0.0009667057,0.0337373688,0.0615983379,0.6443290335,0.4038934242,0.7188378632,0.7188378632,0.7188378632,0.9653870359,0.6155698234,0.0091333738,0.0072209823,0.0070202472,0.0070368178,0.0078543028,-0.0152422428,0.1322611164,-0.0403274712,1,-0.0805638052,0.5076211214,0.4338694418,0.5201637356,0,0.5402819026,0.4923788786,0.5661305582,0.4798362644,1,0.4597180974,95.9134375,84.55734375,73.1626041667,0.635,74.66140625,175.1099715014,125.108315974,107.1254003496,0.4400701294,93.2211803513,-0.0630689,-0.0318707935,0.0002202304,-0.2607973422,-0.032875463,0.53153445,0.5159353967,0.4998898848,0.6303986711,0.5164377315,0.46846555,0.4840646033,0.5001101152,0.3696013289,0.4835622685,1.656895102,1.9445922217,2.0932647124,0.7873420498,2.1229930466
2026-07-30T13:20:00Z,675.055,0.0015652819,0.0015640581,-0.0001632047,0.0017287688,0.0009645491,0.000682604,0.0015440268,0.0002990845,-0.0000889031,0.0012650821,-0.0002620165,0.2,0.3,0.0666666667,1,0.0666666667,0.4,0.35,0.4666666667,0,0.4666666667,0.6,0.65,0.5333333333,1,0.5333333333,-0.0077081712,-0.0617720884,-0.0316429239,-0.4095849773,-0.177422501,-0.1372041099,-0.0035692946,-0.1948046624,0.8760280214,-0.211409939,0,0.5,0.6666666667,0.8,0.0166666667,0.4,0.7,0.8,0.2,0.9,-0.4,-0.2,-0.1333333333,0.6,-0.8833333333,0.9906126167,0.9915662428,0.9923870401,0.9970283903,0.9972219548,1.007325329,1.007325329,1.007325329,1.0009628845,1.0111176126,0.97571309,0.97571309,0.97571309,0.9941708453,0.97571309,0.9800682907,0.9863122264,0.9867936687,0.9956077653,0.9897563902,0.9976372296,0.9976372296,0.9992667264,0.9984371644,1.0033552822,1,0.95,0.9,1,0.5333333333,0.0024392625,0.0055924544,0.0089020544,0.0004414455,0.0105075308,-0.0056049848,0.0130637053,-0.0016194631,0.0214950443,-0.0099655349,0.2821180494,0.0541202117,0.01227913,0.9075248372,0.3495485211,0.7682755389,0.7682755389,0.7682755389,0.8582333697,0.6859832636,0.0083496136,0.0074132732,0.0069441992,0.0018780383,0.0076749427,-0.1135990446,0.1634895295,-0.0164649274,1,-0.0638477801,0.5567995223,0.4182552352,0.5082324637,0,0.5319238901,0.4432004777,0.5817447648,0.4917675363,1,0.4680761099,0.5001594057,0.4318255605,0.3749333372,0.2018280466,0.3582301096,0.8361491639,0.5992051605,0.5111705169,0.3990889278,0.4439066168,0.0805650416,0.0965324619,0.1091786176,0.9850478122,0.0318021325,0.4597174792,0.4517337691,0.4454106912,0.0074760939,0.4840989337,0.5402825208,0.5482662309,0.5545893088,0.9925239061,0.5159010663,1.7479787212,1.8757419945,2.020323976,1.9602357526,2.0904346606
2026-07-30T13:40:00Z,681.52,0.0095769974,0.0095314287,-0.0000074068,0.0095844752,0.0000888823,0.0012147248,0.0030178531,0.0004720596,0.0000879128,0.0031627832,-0.0002172097,0.4,0.4,0.0666666667,1,0.0666666667,0.3,0.3,0.4666666667,0,0.4666666667,0.7,0.7,0.5333333333,1,0.5333333333,-0.0694796322,-0.0658471972,-0.0303779983,-0.1900260299,-0.168061512,0.0646960505,0.1215601274,-0.0165481484,0.8166796057,-0.2104466454,0.9,0.95,0.9666666667,0.8,0,0.3,0.65,0.7666666667,0,0.8833333333,0.6,0.3,0.2,0.8,-0.8833333333,0.9823981688,0.9833023976,0.9832210842,0.990440486,0.9877472415,1.0000880385,1.0000880385,1.0000880385,1.0000880385,1.0015260007,0.9664573307,0.9664573307,0.9664573307,0.984739993,0.9664573307,0.9707712173,0.9769559221,0.9774327973,0.9865594553,0.980367414,0.9889658411,0.9889658411,0.9897875337,0.9905138514,0.9938373048,1,1,1,1,0.9666666667,0.0040214921,0.0122130364,0.0155041798,0.0032339476,0.0186604461,0.0119680456,0.0233801336,0.0074950107,0.0145592045,-0.0008942577,0.7710617793,0.1101380138,0.0107522749,0.7881427372,0.2464580342,0.997382199,0.997382199,0.997382199,0.9942638623,0.9564853556,0.0098714395,0.0082020804,0.0073382294,0.0050382763,0.007577189,0.2332175926,0.2625189681,0.0697674419,1,-0.0054169257,0.3833912037,0.3687405159,0.4651162791,0,0.5027084628,0.6166087963,0.6312594841,0.5348837209,1,0.4972915372,0.3446905903,0.2876842314,0.244757671,0.3137413709,0.2062926643,0.5187934373,0.3742448856,0.3181889816,0.4064229084,0.2614756097,0.1594086659,0.1912845389,0.182775033,0.9971204555,0.0273543364,0.420295667,0.4043577305,0.4086124835,0.0014397723,0.4863228318,0.579704333,0.5956422695,0.5913875165,0.9985602277,0.5136771682,1.6061477974,1.7229623151,1.9411486661,1.7947748683,2.1743333676
2026-07-30T14:00:00Z,680.45,-0.00157002,-0.0015712537,-0.0000733654,-0.0014967643,0.0012106182,0.0014820902,0.0035350492,0.0005500175,0.000237056,0.0034829892,-0.0001772183,0.4,0.4,0.0666666667,0.6,0.0333333333,0.3,0.3,0.4666666667,0.2,0.4833333333,0.7,0.7,0.5333333333,0.8,0.5166666667,-0.1596800312,-0.057347538,-0.0265083727,-0.0061022283,-0.1649072028,0.2647775299,0.2127549138,0.1052350027,0.8245581826,-0.1533300364,0.9,0.95,0.9666666667,0.8,0.9833333333,0.2,0.6,0.7333333333,0,0.8666666667,0.7,0.35,0.2333333333,0.8,0.1166666667,0.9860937615,0.9860471012,0.9850297597,0.99445514,0.9892546599,1.002711441,1.002711441,1.002711441,1.002711441,1.002711441,0.967977074,0.967977074,0.967977074,0.988110809,0.967977074,0.9722977441,0.9789697994,0.9789697994,0.9905209788,0.9819090308,0.9920714233,0.9913439636,0.9913439636,1,0.9954001029,0.9,0.95,0.9666666667,0.8,0.9666666667,-0.002001483,0.0087277327,0.0115329277,-0.0014211184,0.0159732811,0.0219805802,0.0245580751,0.0079396821,0.0124388103,-0.0027406495,0.8892415396,0.1365940932,0.0703055617,0.8494510606,0.1667531871,0.9219378041,0.9219378041,0.9219378041,0.8142929039,0.9219378041,0.0107674427,0.0085813647,0.0077382973,0.0053443876,0.0075157425,0.5229587279,0.2784702066,0.074053606,0.7961904762,-0.0164772227,0.2385206361,0.3607648967,0.462973197,0.1019047619,0.5082386113,0.7614793639,0.6392351033,0.537026803,0.8980952381,0.4917613887,0.5701177861,0.465331881,0.3985292127,0.667663602,0.324427993,0.7869756268,0.5707597121,0.4830923242,0.5841842981,0.3980416198,0.0893405982,0.0990209213,0.1154171759,0.5021316148,0.0745556868,0.4553297009,0.4504895394,0.442291412,0.2489341926,0.4627221566,0.5446702991,0.5495104606,0.557708588,0.7510658074,0.5372778434,1.7806735996,1.6901440237,1.8801212806,1.5898538434,2.1264964256
2026-07-30T14:20:00Z,683.06,0.003835697,0.0038283594,0.0001616577,0.0036734454,0.0008963207,0.0001763254,0.0035693657,0.0006897477,0.0004015057,0.0034425966,-0.0001306162,0.6,0.4,0.1333333333,0.6,0.0666666667,0.2,0.3,0.4333333333,0.2,0.4666666667,0.8,0.7,0.5666666667,0.8,0.5333333333,-0.1282445324,-0.0651581743,-0.0363555623,-0.1726728087,-0.1735479295,0.6295681346,0.2732265227,0.1812297513,0.6455021838,-0.0805272484,0.9,0.95,0.9666666667,0.8,0.9833333333,0.1,0.55,0.7,0.2,0.85,0.8,0.4,0.2666666667,0.6,0.1333333333,0.9854676017,0.9835179194,0.9816753531,0.993788247,0.9854993217,1.0008930401,1.0008930401,1.0008930401,1.0008930401,1.0008930401,0.9642783943,0.9642783943,0.9642783943,0.9859016777,0.9642783943,0.9834275173,0.9776666764,0.975229116,0.9882806781,0.9781571165,0.9961789594,0.9882806781,0.987555998,0.9977454396,0.9915966387,1,1,1,1,1,-0.0015297472,0.009929477,0.0125028139,-0.0006734401,0.0183538549,0.0324365175,0.0254000661,0.0124357093,0.0159140936,0.0014808299,0.8942882301,0.1866302298,0.1735998466,0.8463762749,0.0901878079,0.9756097561,0.9756097561,0.9756097561,0.9404296875,0.9756097561,0.0108412475,0.009206512,0.008340773,0.0052919945,0.007532225,0.813495072,0.2859074011,0.1125117339,0.8333333333,0.0087196754,0.093252464,0.3570462994,0.443744133,0.0833333333,0.4956401623,0.906747536,0.6429537006,0.556255867,0.9166666667,0.5043598377,0.7414616924,0.9091161586,0.7951104311,1.4766623514,0.6370609235,0.9947429847,1.0899171326,0.9140837502,0.9476071647,0.7584359611,-0.3790903673,0.0260519507,0.0566680202,0.2122579,0.0377400007,0.6895451836,0.4869740247,0.4716659899,0.39387105,0.4811299997,0.3104548164,0.5130259753,0.5283340101,0.60612895,0.5188700003,2.1788825334,1.6509967578,1.8082296337,1.372436593,2.0698413786
2026-07-30T14:40:00Z,679.51,-0.0051972008,-0.0052107533,0.00017568,-0.0053719371,0.000644047,0.0015515677,0.0028319426,0.0007625353,0.0005334653,0.0015378729,-0.0001078237,0.6,0.3,0.0666666667,0.2,0.0666666667,0.2,0.35,0.4666666667,0.4,0.4666666667,0.8,0.65,0.5333333333,0.6,0.5333333333,-0.1413140719,-0.0425609019,-0.0303763133,0.0521394163,-0.1918107326,0.709551282,0.3110874143,0.1965038879,-0.0460641084,-0.0449887476,0.8,0.9,0.9333333333,0.6,0.9666666667,0,0.5,0.6666666667,0,0.8333333333,0.8,0.4,0.2666666667,0.6,0.1333333333,0.9934563141,0.9895174464,0.9870276621,1.0006019043,0.9907237078,1.0061220585,1.0061220585,1.0061220585,1.0061220585,1.0061220585,0.9693161249,0.9693161249,0.9693161249,0.991052376,0.9693161249,0.9890803667,0.9849450339,0.980324057,1,0.9832673544,1.0013833498,0.9990434284,0.992715339,1.0029580139,0.9968653883,0.7,0.85,0.9,0.4,0.95,-0.0062000559,0.0032384681,0.0052370913,-0.0036776501,0.012457092,0.0292331228,0.0175275717,0.006756056,0.0081750742,0.0045681677,0.7939929042,0.2157513058,0.2856026286,0.2988834277,0.059709912,0.8336665334,0.8336665334,0.8336665334,0.59375,0.8336665334,0.0091285776,0.0094662741,0.0086400108,0.0039781808,0.0076417249,0.6762438683,0.1916809957,0.0585817061,0.373559322,0.0271648352,0.1618780659,0.4041595022,0.470709147,0.313220339,0.4864175824,0.8381219341,0.5958404978,0.529290853,0.686779661,0.5135824176,0.8989630985,1.0044576599,0.8742892481,1.7927620209,0.7044957812,1.042275693,1.1724961373,0.9853058041,0.758229124,0.814917588,0.1897466059,0.0287960461,0.0257376193,0.19242109,0.0349124391,0.4051266971,0.4856019769,0.4871311903,0.403789455,0.4825437805,0.5948733029,0.5143980231,0.5128688097,0.596210545,0.5174562195,1.9065454194,1.5847264604,1.7302687758,1.1502214336,2.0052734069
2026-07-30T15:00:00Z,678.9,-0.0008977057,-0.0008981089,0.0000735824,-0.0009712167,0.0022293837,0.0011330861,0.0017469882,0.000860802,0.0006145042,-0.0009102961,-0.0000819564,0.4,0.2,0.0666666667,-0.2,0.0333333333,0.3,0.4,0.4666666667,0.6,0.4833333333,0.7,0.6,0.5333333333,0.4,0.5166666667,-0.1315113957,-0.0324379291,-0.0150539123,0.5339704864,-0.1928855842,0.8674675498,0.3360657711,0.2143068046,0.2911822519,-0.0026153004,0.7,0.85,0.9,0.4,0.95,0.1,0.45,0.6333333333,0,0.8166666667,0.6,0.4,0.2666666667,0.4,0.1333333333,0.9970076594,0.9910111946,0.9883048559,1.0026336721,0.9916335248,1.0070260716,1.0070260716,1.0070260716,1.0070260716,1.0070260716,0.9885402858,0.9701870673,0.9701870673,0.9931212255,0.9701870673,0.9903667698,0.9858300191,0.9812048903,1.0008985123,0.9841508322,1.002283105,1,0.9943364266,1.003859184,0.9977610841,0.6,0.8,0.8666666667,0.2,0.9333333333,-0.0048691064,0.0008111862,0.0027848338,-0.00081308,0.010784188,0.0273133086,0.0122411248,0.011848871,0.0056958322,0.001179767,0.7038372795,0.2629547778,0.3558649466,0.3484746183,0.0342561324,0.6199203187,0.8092762895,0.8092762895,0.4947033898,0.8092762895,0.0059810966,0.0096796259,0.0089160284,0.0021807812,0.0076685603,0.6331111891,0.1396496003,0.1067830759,0.2687871374,0.0070997515,0.1834444055,0.4301751999,0.4466084621,0.3656064313,0.4964501242,0.8165555945,0.5698248001,0.5533915379,0.6343935687,0.5035498758,1.0266778567,1.0536337171,0.8911318594,1.6914054919,0.7436373889,1.0312448249,1.2069352248,1.0138529522,0.8549652014,0.8363362134,0.1840824171,0.0209106716,-0.0182769577,-0.2224493698,0.0337414302,0.4079587915,0.4895446642,0.5091384788,0.6112246849,0.4831292849,0.5920412085,0.5104553358,0.4908615212,0.3887753151,0.5168707151,1.861659166,1.6197490219,1.826172509,1.2285840113,1.9929103436
2026-07-30T15:20:00Z,679.26,0.0005302696,0.000530129,-0.0000294594,0.0005597455,0.0012226019,0.0015908555,0.001434761,0.0009144959,0.0006814342,-0.0009628125,-0.0000571054,0.4,0.3,0.1333333333,-0.2,0.0666666667,0.3,0.35,0.4333333333,0.6,0.4666666667,0.7,0.65,0.5666666667,0.4,0.5333333333,0.1257032592,-0.0411348995,-0.0229352514,-0.7693139122,-0.1935876345,0.8384479994,0.3559877394,0.2236341534,0.3115936344,0.0293579577,0.6,0.8,0.8666666667,0.2,0.9333333333,0,0.4,0.6,0.8,0.8,0.6,0.4,0.2666666667,-0.6,0.1333333333,0.997586344,0.991220593,0.9882443149,1.0014368578,0.9911555713,1.0064923593,1.0064923593,1.0064923593,1.0064923593,1.0064923593,0.9880163708,0.9696728793,0.9696728793,0.9978506021,0.9696728793,0.9922562789,0.9874422165,0.9806848629,1,0.9836292436,1.0017519065,1,0.9994111239,1.0017519065,0.9978506021,0.6,0.8,0.8666666667,0.4,0.9333333333,-0.0040427685,0.0000916964,0.0018748898,0.0004887672,0.0105290368,0.0111948075,0.0149115467,0.0140933385,-0.0033161169,0.0028642296,0.5651735308,0.2889308819,0.4137479615,0.3790021018,0.016450605,0.6486055777,0.8236705318,0.8236705318,0.2487223169,0.8236705318,0.0054817046,0.0098102615,0.0091694902,0.0022117493,0.0077105654,0.4182424917,0.1728437825,0.1281216069,-0.2756097561,0.0172813112,0.2908787542,0.4135781088,0.4359391965,0.637804878,0.4913593444,0.7091212458,0.5864218912,0.5640608035,0.362195122,0.5086406556,1.8263352887,1.7799695673,1.4966509358,1.9748952499,1.2671033094,1.6592373496,2.026278685,1.7055260114,0.8592542956,1.3975574275,0.1027752918,0.0058026038,-0.0019477329,-1,0.0196933707,0.4486123541,0.4970986981,0.5009738665,1,0.4901533146,0.5513876459,0.5029013019,0.4990261335,0,0.5098466854,1.8469259181,1.6340566769,1.8398128179,0.6834352479,1.9885451675
2026-07-30T15:40:00Z,679.65,0.0005741542,0.0005739895,0.000449018,0.00012508,0.0020159955,0.0006548307,0.0010543305,0.0009878924,0.0007161525,-0.0010402413,-0.0000301755,0.4,0.3,0.2,0.2,0.0666666667,0.3,0.35,0.4,0.4,0.4666666667,0.7,0.65,0.6,0.6,0.5333333333,0.136685024,-0.0383885647,-0.0314513824,-0.8195098564,-0.1933875807,0.7899493914,0.3682797937,0.2322960621,0.3738185833,0.0638902946,0.5,0.75,0.8333333333,0,0.9166666667,0,0.35,0.5666666667,0.6,0.7833333333,0.5,0.4,0.2666666667,-0.6,0.1333333333,0.9981262414,0.9913080262,0.9883025577,1.0006267932,0.990630962,1.0059148091,1.0059148091,1.0059148091,1.0059148091,1.0059148091,0.989273891,0.969116457,0.969116457,0.9972780107,0.969116457,0.9932391672,0.9883616567,0.9801221217,0.9994261752,0.9830648128,1.0011770764,0.9997940116,0.9988964908,1,0.9972780107,0.7,0.85,0.9,0.8,0.95,-0.0028707289,-0.0006930038,0.0013132313,0.0014536894,0.0102592141,0.0112484935,0.0132989429,0.0191183086,-0.0011756926,0.0026554547,0.3979095446,0.3265983931,0.4402622317,0.4363618428,0.0045441995,0.6445623342,0.8392642943,0.8392642943,0.3151618399,0.8392642943,0.0048007776,0.0099677798,0.0093419817,0.0022270282,0.00775221,0.4195338513,0.1573747354,0.1791988756,-0.1063829787,0.0160542276,0.2902330744,0.4213126323,0.4104005622,0.5531914894,0.4919728862,0.7097669256,0.5786873677,0.5895994378,0.4468085106,0.5080271138,2.8007961368,2.6074229966,2.1985425911,2.0615896633,1.8912772992,2.3631031124,3.009869779,2.5295341966,0.6941478214,2.056761763,0.0664701612,-0.0126405557,-0.010572124,-1,0.0132007516,0.4667649194,0.5063202778,0.505286062,1,0.4933996242,0.5332350806,0.4936797222,0.494713938,0,0.5066003758,1.8355768917,1.6556387724,1.8820613383,0.9768190125,1.98533698
2026-07-30T16:00:00Z,682,0.003457662,0.0034516981,0.0001029942,0.0033543224,0.0007061731,0.0005443418,0.0007523771,0.0011147995,0.0007742148,0.000840176,-0.0000113591,0.4,0.3,0.2,0.2,0.1,0.3,0.35,0.4,0.4,0.45,0.7,0.65,0.6,0.6,0.55,0.1070414149,-0.0399417356,-0.0302889139,0.2974985076,-0.0578855258,0.5865671297,0.3885239292,0.2474612879,-0.3198307751,0.07361601,0.4,0.7,0.8,0,0.9,0.1,0.3,0.5333333333,0.4,0.7666666667,0.3,0.4,0.2666666667,-0.4,0.1333333333,0.9961004399,0.9886326979,0.9855789345,0.9968680352,0.9874525904,1.0024486804,1.0024486804,1.0024486804,1.0023753666,1.0024486804,0.9874340176,0.9657771261,0.9657771261,0.9938416422,0.9657771261,0.9954545455,0.9849560117,0.976744868,0.9959824047,0.9796774194,0.9992961877,0.9965542522,0.9959824047,0.9965542522,0.9940615836,0.9,0.95,0.9666666667,1,0.9833333333,0.000513863,0.0007767072,0.0031949516,0.0014516129,0.0128825016,0.0143375573,0.0150319988,0.0208816705,-0.0015518402,0.0143073857,0.2931391252,0.3932101236,0.4836061449,0.544698493,0.0006209304,0.8369140625,0.9332267093,0.9332267093,0.7216494845,0.9332267093,0.0039914039,0.0102513304,0.0096361768,0.0016099306,0.0078944334,0.47960199,0.174559281,0.192812716,-0.1460055096,0.0882568807,0.260199005,0.4127203595,0.403593642,0.5730027548,0.4558715596,0.739800995,0.5872796405,0.596406358,0.4269972452,0.5441284404,2.0055725767,1.7369344168,1.4906368871,1.2254784423,1.2799217027,1.5149260943,2.0549657588,1.7224527891,0.4210786471,1.399856363,0.0959385816,-0.0267993666,-0.0051836183,-0.5810582688,-0.0083643214,0.4520307092,0.5133996833,0.5025918092,0.7905291344,0.5041821607,0.5479692908,0.4866003167,0.4974081908,0.2094708656,0.4958178393,1.7420968021,1.6510712647,1.8666364685,1.0789349791,2.0329547828
2026-07-30T16:20:00Z,680.76,-0.0018181818,-0.0018198367,0.000058651,-0.0018767228,0.0003665474,0.0002492522,0.0003444902,0.0012607426,0.0008048601,0.0009489394,-0.0000040232,0.2,0.2,0.2,0.2,0.1,0.4,0.4,0.4,0.4,0.45,0.6,0.6,0.6,0.6,0.55,0.1111762659,-0.0222578734,-0.0341311064,0.4103659322,-0.0486875741,-0.0932024142,0.3976002227,0.2592155635,-0.2737678826,0.0939535685,0.3,0.65,0.7666666667,0.6,0.8833333333,0,0.25,0.5,0.2,0.75,0.3,0.4,0.2666666667,0.4,0.1333333333,0.9989078383,0.9908888595,0.9880474274,0.9990510606,0.9895313081,1.0042746342,1.0042746342,1.0042746342,1.0025265879,1.0042746342,0.9892326224,0.967536283,0.967536283,0.9956519184,0.967536283,0.9977965803,0.9867501028,0.9785240026,0.9977965803,0.9814618955,1.0011163993,0.9995446266,0.9981638169,1,0.9962835654,0.7,0.85,0.9,0.8,0.95,-0.0004580442,-0.0028659146,0.0002821009,-0.0009489394,0.0105873755,0.0100296736,0.0091911765,0.0206143836,0.0018395609,0.0170919739,0.1054578458,0.4811934457,0.5047758861,0.6527988086,0.0000761059,0.7158203125,0.8836465414,0.8836465414,0.6324786325,0.8836465414,0.0030469435,0.0104800273,0.0098052875,0.0016609777,0.0079865658,0.3431472081,0.1098511694,0.1895244659,0.2525252525,0.1067363314,0.3284263959,0.4450744153,0.4052377671,0.3737373737,0.4466318343,0.6715736041,0.5549255847,0.5947622329,0.6262626263,0.5533681657,2.0501188162,1.688103262,1.4627594153,1.0524260099,1.2081342263,1.37050067,2.0002329031,1.6712977438,0.3227098675,1.3374896204,0.0972638289,-0.0015165024,0.0125220469,-0.5088082902,-0.0478238579,0.4513680855,0.5007582512,0.4937389766,0.7544041451,0.5239119289,0.5486319145,0.4992417488,0.5062610234,0.2455958549,0.4760880711,1.6939565384,1.6775306324,1.8572214754,0.7117677964,2.1120505982
2026-07-30T16:40:00Z,680.95,0.0002790998,0.0002790609,-0.0001322052,0.0004113594,0.0002056797,0.0020127228,-0.0000665737,0.0014942636,0.0008199939,0.0006593729,-0.0000000808,0.2,0.2,0.2666666667,0.6,0.1333333333,0.4,0.4,0.3666666667,0.2,0.4333333333,0.6,0.6,0.6333333333,0.8,0.5666666667,0.4952437839,-0.016866439,-0.0340782302,0.4750201985,-0.0524495153,0.2146175708,0.3933634642,0.2729119576,0.3374968711,0.1136386176,0.2,0.6,0.7333333333,0.4,0.8666666667,0,0.2,0.4666666667,0,0.7333333333,0.2,0.4,0.2666666667,0.4,0.1333333333,0.9994948234,0.9907658418,0.9884864283,0.9993744034,0.9895687398,1.0039944196,1.0039944196,1.0039944196,1.002246861,1.0039944196,0.990131434,0.9672663191,0.9672663191,0.9953741097,0.9672663191,0.9978853073,0.9864747779,0.9782509729,0.9980909024,0.9828621778,1.0008370659,0.999720978,0.9980909024,1,0.9965195683,0.7,0.85,0.9,0.8,0.95,0.0008047581,-0.004961346,-0.0003763401,-0.0006931493,0.0104336436,0.0087326218,0.0030786907,0.0219104074,0.0030195905,0.0191726285,0.010727787,0.6619450896,0.5154079678,0.4219960145,0.0000000304,0.7118644068,0.8912435026,0.8912435026,0.6730769231,0.8912435026,0.0018461812,0.0105903926,0.0098860839,0.0014354628,0.0080306205,0.3129811521,0.0399388496,0.2025527192,0.4525386313,0.1206328279,0.3435094239,0.4800305752,0.3987236404,0.2737306843,0.439683586,0.6564905761,0.5199694248,0.6012763596,0.7262693157,0.560316414,2.2474249154,2.0279108503,1.7900257332,1.0847609983,1.4486366681,1.6881954843,2.4582723904,2.0454308366,0.1588302276,1.628910735,-0.2895431532,-0.0237282321,-0.0001142897,-0.5512780057,-0.0318764951,0.6447715766,0.511864116,0.5000571449,0.7756390028,0.5159382476,0.3552284234,0.488135884,0.4999428551,0.2243609972,0.4840617524,1.8100489282,1.7800820331,1.8639868142,0.9460436852,2.1458904516
2026-07-30T17:00:00Z,682.86,0.0028049049,0.0028009785,0.000440561,0.0023633028,0.0000293578,0.0000440367,0.00020289,0.0016337963,0.0008375084,0.0007863984,0.0000133744,0.2,0.3,0.3333333333,0.6,0.1333333333,0.4,0.35,0.3333333333,0.2,0.4333333333,0.6,0.65,0.6666666667,0.8,0.5666666667,0.0537512958,-0.0306759451,-0.0397554475,0.5725985537,-0.0478281702,-0.0500056354,0.4115625846,0.2845090058,0.6517835105,0.1267580512,0.1,0.55,0.7,0.8,0.85,0.4,0.15,0.4333333333,0,0.7166666667,-0.3,0.4,0.2666666667,0.8,0.1333333333,0.9968954105,0.9886828925,0.9865470228,0.9976334827,0.9871013092,1.0011861875,1.0011861875,1.0011861875,1.0000292886,1.0011861875,0.9925899892,0.9645608177,0.9645608177,0.9945230355,0.9645608177,0.9950941628,0.9837155493,0.9779530211,0.9969246991,0.9801130539,0.998740591,0.9972029406,0.9964707261,0.998740591,0.9940837068,0.9,0.95,0.9666666667,1,0.9833333333,0.0021915846,-0.0042039573,0.0013091051,0.0007937205,0.0125041472,0.0019661932,0.0139577703,0.0253922967,0.0052998852,0.0183580643,0.0796967562,0.751465915,0.5273870408,0.4770751027,0.0008060516,0.8620102215,0.9676129548,0.9676129548,0.9946808511,0.9676129548,0.0020642736,0.0108677362,0.0099819107,0.0016101422,0.0081581531,0.093837535,0.1924651925,0.2297866558,0.5921052632,0.1164727032,0.4530812325,0.4037674038,0.3851066721,0.2039473684,0.4417636484,0.5469187675,0.5962325962,0.6148933279,0.7960526316,0.5582363516,1.549706514,1.7720544023,1.6262753519,0.9626055834,1.2973085183,0.8865562494,2.2243537005,1.8414430069,0.1350779765,1.4700975242,-0.8356273954,-0.0408670818,0.0099585856,-0.0801081787,-0.0121150389,0.9178136977,0.5204335409,0.4950207072,0.5400540893,0.5060575195,0.0821863023,0.4795664591,0.5049792928,0.4599459107,0.4939424805,0.8981750248,1.9233870913,1.8397735778,0.729800236,2.1685955971
2026-07-30T17:20:00Z,681.46,-0.0020502006,-0.0020523052,-0.0001317986,-0.0019186549,0.0000878773,0.0001611084,0.0002325666,0.0015539336,0.000816465,0.0001496786,0.0000280093,0.2,0.3,0.3333333333,0.2,0.1,0.4,0.35,0.3333333333,0.4,0.45,0.6,0.65,0.6666666667,0.6,0.55,0.0980677709,-0.0647897209,-0.0292880542,0.7851424421,-0.043400497,-0.0828332522,0.4742793814,0.3043009755,0.1017297021,0.1305527223,0,0.5,0.6666666667,0.6,0.8333333333,0.3,0.1,0.4,0.4,0.7,-0.3,0.4,0.2666666667,0.2,0.1333333333,0.9990916562,0.9918619581,0.9894209981,1.0002142459,0.989342001,1.003243037,1.003243037,1.003243037,1.0020837613,1.003243037,0.9946291785,0.9665424236,0.9665424236,0.9968303349,0.9665424236,0.9971384968,0.9862501101,0.9821266105,0.9992516068,0.9821266105,1.0007924163,1,0.9989727937,1.0007924163,0.9961846623,0.7,0.8,0.8666666667,0.6,0.9333333333,-0.0001382059,-0.0066243276,-0.0012597399,-0.0005136031,0.0098317234,0.0014843119,0.0234975181,0.0260788388,0.0026631354,0.0129318033,0.1025720052,0.7153284036,0.5140102538,0.0359363342,0.0034252338,0.6235093697,0.9116353459,0.9116353459,0.6033519553,0.9116353459,0.0020857389,0.0105943802,0.009856912,0.0011166265,0.0082881595,0.0691307324,0.3672966311,0.2366766876,0.2552891396,0.0829519451,0.4654346338,0.3163516845,0.3816616562,0.3723554302,0.4585240275,0.5345653662,0.6836483155,0.6183383438,0.6276445698,0.5414759725,2.1216871471,2.9838550316,2.7999861619,1.620342079,2.203192461,0.8347630683,3.8966932534,3.2164890631,0.3330814277,2.5495702966,-0.7781700831,-0.0401394989,-0.0156844351,-0.1425591099,-0.0375251549,0.8890850415,0.5200697494,0.5078422176,0.5712795549,0.5187625774,0.1109149585,0.4799302506,0.4921577824,0.4287204451,0.4812374226,1.0249327096,2.1358747599,1.857314194,0.6075874893,2.2215756157
2026-07-30T17:40:00Z,682.24,0.0011446013,0.0011439467,0.0004402313,0.0007040601,0.0009827505,0.0002200188,0.0005609863,0.0013533317,0.0008090913,0.0005086187,0.0000500067,0.2,0.4,0.3333333333,0.2,0.1,0.4,0.3,0.3333333333,0.4,0.45,0.6,0.7,0.6666666667,0.6,0.55,0.4037044825,-0.0034201157,-0.0271937792,0.569007796,-0.0358374953,-0.452972576,0.7135979645,0.3313755479,0.0829819069,0.1350472425,0,0.45,0.6333333333,0.8,0.8166666667,0.2,0.05,0.3666666667,0.2,0.6833333333,-0.2,0.4,0.2666666667,0.6,0.1333333333,0.9978292097,0.9922406338,0.9890764247,0.9991410647,0.9883807995,1.0020227486,1.0020960366,1.0020960366,1.0009820591,1.0020960366,0.9934920263,0.9654373827,0.9654373827,0.995690666,0.9654373827,0.9959984756,0.9855182927,0.9830704737,0.9981091698,0.9810037523,0.9996482176,0.9989446529,0.9981091698,1,0.9951043621,0.9,0.9,0.9333333333,0.8,0.9666666667,-0.0003536479,-0.0050972846,-0.0008082484,-0.0001583021,0.0101440033,-0.0012004802,0.0311970979,0.0241690936,0.0003519062,0.0102993551,0.7038915137,0.6620446725,0.5099169708,0.3846539651,0.0105958433,0.7628865979,0.9428228709,0.9428228709,0.8144044321,0.9428228709,0.0019205532,0.009590835,0.0098070189,0.0011597708,0.008413188,-0.0641627543,0.5270684372,0.2237354086,0.0434782609,0.067435885,0.5320813772,0.2364657814,0.3881322957,0.4782608696,0.4662820575,0.4679186228,0.7635342186,0.6118677043,0.5217391304,0.5337179425,1.1448286009,1.3448384091,1.6443823255,0.9361679172,1.2923201412,0.4108860147,1.5073747617,1.9023475656,0.1851807352,1.5060707186,-0.3775719461,-0.3788926835,-0.0084277987,-0.0881695505,-0.0107153386,0.6887859731,0.6894463418,0.5042138994,0.5440847752,0.5053576693,0.3112140269,0.3105536582,0.4957861006,0.4559152248,0.4946423307,1.142054613,2.4320332657,1.8837070713,0.5899200046,2.2596675032
2026-07-30T18:00:00Z,681.94,-0.000439728,-0.0004398247,0.0003957552,-0.0008351526,0.0004542058,0,0.0005335936,0.0010710322,0.0008064997,0.000199431,0.0000770307,0.2,0.4,0.2666666667,0.2,0.0666666667,0.4,0.3,0.3666666667,0.4,0.4666666667,0.6,0.7,0.6333333333,0.6,0.5333333333,0.5517660147,-0.0278958104,-0.0195244621,0.6881809676,-0.0344217694,-0.4173895776,0.7363808308,0.3419196466,0.3178265469,0.1276451237,0.8,0.4,0.6,0.6,0.8,0.1,0,0.3333333333,0,0.6666666667,0.7,0.4,0.2666666667,0.6,0.1333333333,0.9986245124,0.9942703904,0.9902024616,0.9999266798,0.9889167913,1.0014224125,1.0025368801,1.0025368801,1.0014224125,1.0025368801,0.9939290847,0.9658620993,0.9658620993,0.9961286917,0.9658620993,0.9966419333,0.9883567469,0.9835616037,0.9992961258,0.9814353169,1.0000879843,1,0.9992961258,1.0004399214,0.9960700355,0.7,0.8,0.8666666667,0.6,0.9333333333,-0.0010256834,-0.0044451963,-0.0018967077,-0.0003255418,0.0088108043,0.0035761063,0.0329137699,0.0211663584,0.0017333568,0.0061079965,0.6655659575,0.6142718256,0.5078198402,0.0866566717,0.0245523256,0.8101761252,0.9308276689,0.9308276689,0.7313019391,0.9308276689,0.0018786332,0.0078798519,0.0097957709,0.000958091,0.0085136851,0.2549842602,0.5707906488,0.2002266449,0.2576419214,0.0410225922,0.3725078699,0.2146046756,0.3998866775,0.3711790393,0.4794887039,0.6274921301,0.7853953244,0.6001133225,0.6288209607,0.5205112961,1.8979990736,2.5873691524,3.0735124286,1.5395460862,2.3903334877,0.6691625602,2.8134967456,3.6078985064,0.3998083956,2.84294589,-0.4394459407,0.0377725321,-0.0153106122,-0.3727739209,-0.0320778148,0.7197229704,0.4811137339,0.5076553061,0.6863869605,0.5160389074,0.2802770296,0.5188862661,0.4923446939,0.3136130395,0.4839610926,0.7941200868,2.4273331816,1.9080982903,0.8406975623,2.3242081245
2026-07-30T18:20:00Z,681.685,-0.0003739332,-0.0003740031,0.0000953163,-0.0004692048,0.0010043915,0.0002346024,0.0003828748,0.0007499771,0.0008214008,-0.0002743203,0.0001050602,0.2,0.3,0.2,-0.2,0.0333333333,0.4,0.35,0.4,0.6,0.4833333333,0.6,0.65,0.6,0.4,0.5166666667,0.5234995404,-0.0275580313,-0.0158915,0.6090580017,-0.0327887885,-0.1250666274,0.807321622,0.351658323,0.8107670843,0.1220562674,0.7,0.35,0.5666666667,0.4,0.7833333333,0,0.05,0.3,0,0.65,0.7,0.3,0.2666666667,0.4,0.1333333333,0.9994066174,0.9961705186,0.991110508,1.0005163675,0.9893626333,1.0017970177,1.0029119021,1.0029119021,1.0017970177,1.0029119021,0.9943008868,0.9845016393,0.9662234023,0.9993178668,0.9662234023,0.9986430683,0.9902741002,0.9854111503,1,0.9818024454,1.0004620903,1.0003740731,0.9997579527,1.000814159,0.9968093768,0.6,0.75,0.8333333333,0.4,0.9166666667,-0.001129554,-0.0032953008,-0.0030208195,0.000032273,0.0075380914,0.0041022242,0.0315275781,0.0163935648,0.0010793744,0.0045757317,0.48095607,0.6345996209,0.5199960878,0.2951518425,0.0448486332,0.7602739726,0.8418326693,0.9206317473,0.275147929,0.9206317473,0.0015857366,0.0054286758,0.0098592596,0.0007140853,0.008591398,0.3035422343,0.5528724957,0.1617744427,0.1582346609,0.0309278351,0.3482288828,0.2235637522,0.4191127786,0.4208826695,0.4845360825,0.6517711172,0.7764362478,0.5808872214,0.5791173305,0.5154639175,1.377560714,2.1882900483,2.5110268393,1.18345208,1.9463073623,0.3452113425,2.2921657025,2.9947477418,0.3317058362,2.3517462708,-0.3798588178,0.0467197993,-0.0175277503,-0.1880597015,-0.0234263857,0.6899294089,0.4766401004,0.5087638752,0.5940298507,0.5117131928,0.3100705911,0.5233598996,0.4912361248,0.4059701493,0.4882868072,0.9214399521,2.4211550959,1.9594362566,0.8467310248,2.3419121582
2026-07-30T18:40:00Z,682.36,0.0009901934,0.0009897035,0.0001026867,0.0008874156,0.0000880082,0.0003006945,0.0002713843,0.0006483029,0.0008201351,0.000182455,0.0001334287,0.2,0.3,0.2666666667,-0.2,0.0666666667,0.4,0.35,0.3666666667,0.6,0.4666666667,0.6,0.65,0.6333333333,0.4,0.5333333333,0.5687977265,0.1682565499,-0.0229027596,0.752939491,-0.0350533876,0.0344394598,0.7405146626,0.3637975608,0.5480852943,0.1209830981,0.6,0.3,0.5333333333,0.2,0.7666666667,0,0,0.2666666667,0,0.6333333333,0.6,0.3,0.2666666667,0.2,0.1333333333,0.9988722961,0.9959632745,0.9907690466,0.9993800926,0.9884848174,1.0008060261,1.0019198077,1.0019198077,1.0008060261,1.0019198077,0.9952517733,0.9835277566,0.9652676007,0.9985198429,0.9652676007,0.9979336421,0.9949293628,0.9846708482,0.9990107861,0.9808312328,0.9998241398,0.9994724193,0.9990107861,0.9998241398,0.9960284894,0.9,0.9,0.9333333333,1,0.9666666667,-0.0000935257,-0.0021221517,-0.0026610051,0.0002549974,0.0075790362,0.00456379,0.0158096883,0.0195433899,-0.0007322145,0.0060893797,0.3623854633,0.5777340902,0.519654298,0.2759131689,0.0708257485,0.8548812665,0.8956175299,0.9476209516,0.6474358974,0.9476209516,0.0012948706,0.0049182405,0.0098473039,0.0004912297,0.0086826829,0.3266596417,0.3866035675,0.1945560018,-0.146627566,0.0410047657,0.3366701791,0.3066982162,0.4027219991,0.573313783,0.4794976172,0.6633298209,0.6933017838,0.5972780009,0.426686217,0.5205023828,1.2327038132,2.1087652274,2.3502679065,1.0114034455,1.82425695,0.314337704,2.1198204778,2.8228597705,0.2409127301,2.2146951953,-0.171279536,0.0509136314,-0.0075184007,-0.2366029667,-0.0058095534,0.585639768,0.4745431843,0.5037592003,0.6183014834,0.5029047767,0.414360232,0.5254568157,0.4962407997,0.3816985166,0.4970952233,0.9118453035,2.4036864986,1.9733497972,0.602442535,2.3401892991
2026-07-30T19:00:00Z,684.77,0.00353186,0.0035256376,-0.000014655,0.003546567,0.0004689675,0.0000146552,0.0003347729,0.0005804704,0.0008456076,0.0008002687,0.0001660727,0.2,0.3,0.2666666667,0.2,0.1,0.4,0.35,0.3666666667,0.4,0.45,0.6,0.65,0.6333333333,0.6,0.55,0.7185413607,0.1795095637,-0.0153927768,0.8576371934,-0.0294337859,0.4867534131,0.6523415719,0.3879299381,0.8907845691,0.1317263715,0.9,0.95,0.9666666667,0.8,0.9833333333,0.2,0,0.2333333333,0.4,0.6166666667,0.7,0.95,0.7333333333,0.4,0.3666666667,0.9961045314,0.9933839099,0.9879655456,0.9968295924,0.9851719069,1.0004673102,1.0004673102,1.0004673102,1.0004673102,1.0004673102,0.9920119164,0.9818771266,0.961870409,0.9952611826,0.961870409,0.9951662602,0.9919535026,0.9814828337,0.9958672255,0.977379266,0.9964805701,0.9963053288,0.9958672255,0.9964805701,0.9936913124,1,1,1,1,1,0.0023889906,0.0011016212,-0.0002268559,0.0015698702,0.0099289491,0.0075332892,0.0188665209,0.0209324169,0.0048572183,0.0100597389,0.3760505022,0.5606437383,0.5400566097,0.4868015795,0.1058358836,0.9447322971,0.9748625295,0.9878925463,0.9102384292,0.9878925463,0.0015680292,0.0044702563,0.0099595212,0.0016220896,0.0088406058,0.4448305821,0.4293938368,0.2058952926,0.7488687783,0.0663101604,0.2775847089,0.2853030816,0.3970523537,0.1255656109,0.4668449198,0.7224152911,0.7146969184,0.6029476463,0.8744343891,0.5331550802,0.5703453068,0.9334823721,0.9948470842,0.5511193015,0.7702899207,0.1937710157,0.8654768359,1.1819516837,0.2442687479,0.9285788267,0.2810281866,0.1131806637,0.0139780278,0.5231682775,0.0111287447,0.3594859067,0.4434096682,0.4930109861,0.2384158613,0.4944356276,0.6405140933,0.5565903318,0.5069890139,0.7615841387,0.5055643724,0.9500940561,2.2652620583,1.9412531985,1.3032690743,2.2934354416
2026-07-30T19:20:00Z,683.73,-0.0015187581,-0.0015199126,0.0000657155,-0.0015843695,0.0000657112,0.0007009192,0.0004551238,0.0004723207,0.0008681474,0.0009748,0.000198598,0,0.2,0.2,-0.2,0.0666666667,0.5,0.4,0.4,0.6,0.4666666667,0.5,0.6,0.6,0.4,0.5333333333,0.7307148836,0.1878091527,-0.0108893493,0.870424577,-0.0237934122,0.5762005141,0.3825903186,0.4126272301,0.9724843825,0.1410300552,0.8,0.9,0.9333333333,0.6,0.9666666667,0.1,0.05,0.2,0.2,0.6,0.7,0.85,0.7333333333,0.4,0.3666666667,0.9978726983,0.9957263832,0.990045047,0.9987816828,0.9867901072,1.0019890893,1.0019890893,1.0019890893,1.0019890893,1.0019890893,0.9935208342,0.984935574,0.9633334796,0.9967750428,0.9633334796,0.996679976,0.993827973,0.9833706288,0.9973820075,0.9788659266,0.9987275679,0.9979962851,0.9974697615,1,0.9956561801,0.9,0.95,0.9666666667,0.8,0.9833333333,0.0000792445,-0.0002134301,-0.0026331843,-0.0007312828,0.0073512505,0.0025366569,0.0169105836,0.0176067867,0.0021839822,0.0072331399,0.5760560038,0.5292519459,0.5572171593,0.6461245378,0.1465604664,0.7651122625,0.8833619211,0.948543322,0.618513324,0.948543322,0.0017223611,0.0037437048,0.0100663135,0.0017150327,0.0089839401,0.1696078431,0.3752475248,0.1738172201,0.3183760684,0.0476606484,0.4151960784,0.3123762376,0.41309139,0.3408119658,0.4761696758,0.5848039216,0.6876237624,0.58690861,0.6591880342,0.5238303242,0.7434558824,1.2457120743,1.2570420537,0.7481578947,0.9965189628,0.2582999484,1.0757661882,1.5141400258,0.3347227099,1.1871628466,0.0524154704,0.0866795678,-0.0195213539,0.1391364298,0.0148985618,0.4737922648,0.4566602161,0.509760677,0.4304317851,0.4925507191,0.5262077352,0.5433397839,0.490239323,0.5695682149,0.5074492809,0.9810164082,2.2189727901,1.9559864295,1.1815076046,2.2818680684
2026-07-30T19:40:00Z,683.6,-0.0001901335,-0.0001901516,-0.0001901335,0,0.0010239906,0.0009508484,0.0004130982,0.0003735091,0.000907479,0.0007606788,0.000226088,0,0.1,0.1333333333,-0.2,0.0666666667,0.5,0.45,0.4333333333,0.6,0.4666666667,0.5,0.55,0.5666666667,0.4,0.5333333333,0.2566945886,0.1399891226,-0.0060808045,0.1565327804,-0.0272977908,0.5899617053,-0.0899593264,0.4409866453,0.5094893721,0.1702062511,0.7,0.85,0.9,0.4,0.95,0,0,0.1666666667,0,0.5833333333,0.7,0.85,0.7333333333,0.4,0.3666666667,0.9984779111,0.9966179052,0.9906741272,0.999457285,0.9871347767,1.0021796372,1.0021796372,1.0021796372,1.0021796372,1.0021796372,0.9937097718,0.9851228789,0.9635166764,0.9969645992,0.9635166764,0.9971986542,0.9942217671,0.983557636,0.9981860737,0.9790520772,1,0.9989174956,0.9980105325,1.0001901697,0.996123464,0.8,0.9,0.9333333333,0.6,0.9666666667,-0.000336853,-0.0001662417,-0.003832572,-0.0009786425,0.006195627,0.004171808,0.0142433234,0.0134013283,0.0024342318,0.0095103078,0.5255218809,0.493342049,0.5934741969,0.4581171791,0.1839789224,0.7426597582,0.872212693,0.9436246689,0.5820476858,0.9436246689,0.0016367596,0.0030663587,0.0101958835,0.0015893809,0.0091283819,0.3124312431,0.3334491143,0.137952083,0.3680709534,0.0634545275,0.3437843784,0.3332754429,0.4310239585,0.3159645233,0.4682727362,0.6562156216,0.6667245571,0.5689760415,0.6840354767,0.5317272638,0.1852694635,0.2123654449,0.1932076056,0.2866673732,0.1455554546,0.2735777011,0.2257638114,0.2477293566,0.3586809744,0.1904369628,0.744683205,0.4212071598,0.2057002074,0.9280661779,0.1561735576,0.1276583975,0.2893964201,0.3971498963,0.035966911,0.4219132212,0.8723416025,0.7106035799,0.6028501037,0.964033089,0.5780867788,0.9913888952,2.1767298603,1.9849064212,0.9303433785,2.2788406591
2026-07-30T20:00:00Z,685.59,0.0029110591,0.0029068302,0.0033499122,-0.0004373879,0,0,0.0004964978,0.0003185172,0.0010000123,0.0007715982,0.0002575845,0,0.1,0.1333333333,0.2,0.0666666667,0.5,0.45,0.4333333333,0.4,0.4666666667,0.5,0.55,0.5666666667,0.6,0.5333333333,0.0042331051,0.1330452975,-0.0194629328,-0.237398237,-0.0392847434,-0.3671638876,-0.3631172289,0.3317862877,-0.5941994854,0.1025488845,0.9,0.95,0.9666666667,0.8,0.9833333333,0,0,0.1333333333,0,0.5666666667,0.9,0.95,0.8333333333,0.8,0.4166666667,0.996256509,0.994493429,0.9881257992,0.9976954156,0.9844690947,1.0004375793,1.0004375793,1.0004375793,1.0004375793,1.0004375793,0.993625928,0.9834303301,0.9607199638,0.9941072653,0.9607199638,0.9946761184,0.9925028078,0.9807027524,0.9970973906,0.9762102714,0.9972870083,0.9963097478,0.9952887294,0.9988039499,0.9939759915,1,1,1,1,1,0.0015092508,0.002480658,-0.0026259778,0.000761388,0.0079321612,0.0068140098,0.0156061358,0.0099136788,0.0057284523,0.0121202279,0.5636401445,0.5115942339,0.6935664435,0.4630829058,0.2295373048,0.9357601713,0.974271012,0.9889827396,0.930875576,0.9889827396,0.0018995178,0.0025678275,0.0103932299,0.001603529,0.0093109386,0.4260789715,0.3544154752,0.1064536539,0.6253002402,0.079508038,0.2869605142,0.3227922624,0.446773173,0.1873498799,0.460245981,0.7130394858,0.6772077376,0.553226827,0.8126501201,0.539754019,280.910483871,311.839516129,299.8295698925,437.2435483871,231.3727150538,444.4568055751,364.5198817508,399.6740523115,587.3537484709,305.1012263362,-0.0438146854,-0.1138245413,-0.0320494489,-0.0325134351,-0.0065975236,0.5219073427,0.5569122706,0.5160247245,0.5162567176,0.5032987618,0.4780926573,0.4430877294,0.4839752755,0.4837432824,0.4967012382,1.0201922789,2.295561345,2.0904848296,0.9720019324,2.2800826421
2026-07-30T20:20:00Z,686.61,0.0014877697,0.001486664,0.0014877697,0,-0,0,0.0007648027,0.0004110365,0.0010445363,0.0008068627,0.0002896954,0,0.1,0.2,0.2,0.1,0.5,0.45,0.4,0.4,0.45,0.5,0.55,0.6,0.6,0.55,-0.0318379665,0.0070605809,-0.0286551899,-0.2522656098,-0.0434721787,-0.6470856841,-0.5843152728,0.2297090632,-0.93189459,0.0226423639,0.9,0.95,0.9666666667,0.8,0.9833333333,0,0.2,0.1,0,0.55,0.9,0.75,0.8666666667,0.8,0.4333333333,0.9953226723,0.9933867115,0.9872962817,0.997451246,0.9832442483,1,1,1,1,1,0.9923391736,0.987168844,0.9592927572,0.9937810402,0.9592927572,0.9931984678,0.9910283858,0.9792458601,0.9958054791,0.974760053,0.9973201672,0.9956161431,0.9945383842,0.9985144405,0.9925867669,1,1,1,1,1,0.0012357154,0.0027084413,-0.0024420587,0.0009350286,0.0082097377,0.0054916088,0.0074685996,0.0195260298,0.0062283838,0.0144647026,0.8013343516,0.6335900869,0.7291582136,0.4745145331,0.2763872967,1,1,1,1,1,0.0024539716,0.0029776392,0.0105877065,0.001656494,0.0095429544,0.375,0.2096375618,0.2234874235,0.6449165402,0.0943887389,0.3125,0.3951812191,0.3882562882,0.1775417299,0.4528056305,0.6875,0.6048187809,0.6117437118,0.8224582701,0.5471943695,818.535,815.19375,891.735,1286.29,712.29,1399.7375027661,1042.8317798749,1249.4095607125,1863.8560323023,948.7743585388,-0.0489988216,-0.2216388994,-0.044259568,-0.0348512906,-0.0086354259,0.5244994108,0.6108194497,0.522129784,0.5174256453,0.5043177129,0.4755005892,0.3891805503,0.477870216,0.4825743547,0.4956822871,1.2462410423,1.1440214487,2.2703028096,1.096949156,2.2846833442
2026-07-30T20:40:00Z,685.92,-0.0010049373,-0.0010054426,-0,-0.0010049373,0,0,0.0007776771,0.0004543757,0.0009997566,0.0010773851,0.0003171055,0,0.1,0.2,-0.2,0.1,0.5,0.45,0.4,0.6,0.45,0.5,0.55,0.6,0.4,0.55,-0.234378354,-0.0611448222,-0.0736696179,-0.57784604,-0.0494387662,-0.7320239244,-0.6430828899,0.209667224,-0.9744966617,-0.0280417016,0.9,0.95,0.9666666667,0.8,0.9833333333,0.2,0.15,0.0666666667,0.2,0.5333333333,0.7,0.8,0.9,0.6,0.45,0.9969741369,0.9947847417,0.9892664839,0.9987899463,0.9844836132,1.0010059482,1.0010059482,1.0010059482,1.0010059482,1.0010059482,0.9935925472,0.9881618848,0.960257756,0.995670049,0.960257756,0.9946349429,0.9924772568,0.9826218801,0.9968072078,0.9757406111,0.9995188943,0.9968072078,0.9958304175,1,0.9938258106,0.9,0.95,0.9666666667,0.8,0.9833333333,-0.0004736837,0.0008986887,-0.0037629549,-0.0009447166,0.0061617734,0.0065447715,0.0080387979,0.0301960755,0.001679396,0.0152452562,0.8094539125,0.6849367225,0.7089857426,0.7461688755,0.3163831206,0.8643067847,0.9216799092,0.975313059,0.8114754098,0.975313059,0.002482734,0.0031658165,0.0102769622,0.0017638734,0.0097633189,0.4800861141,0.2288702929,0.3874915679,0.2361396304,0.0997965313,0.2599569429,0.3855648536,0.3062542161,0.3819301848,0.4501017343,0.7400430571,0.6144351464,0.6937457839,0.6180698152,0.5498982657,262.9083333333,237.9275,287.2891666667,373.795,236.0277777778,471.1819978935,339.3228901174,419.8490127258,644.1220752052,317.1156147229,-0.0285252239,-0.1600338496,-0.0353509301,-0.0873051378,-0.0073246892,0.514262612,0.5800169248,0.517675465,0.5436525689,0.5036623446,0.485737388,0.4199830752,0.482324535,0.4563474311,0.4963376554,1.4125137272,1.2668782345,2.5039619798,1.2109277769,2.2930857919
2026-07-31T12:40:00Z,689.76,0.0055983205,0.0055827081,0.0055983205,0,-0,0,0.0010860607,0.0006218846,0.00092942,0.0018339712,0.0003511206,0,0.1,0.2666666667,0.2,0.1,0.5,0.45,0.3666666667,0.4,0.45,0.5,0.55,0.6333333333,0.6,0.55,-0.348456907,-0.1069431365,-0.0391626741,-0.719943221,-0.063908412,-0.7669898808,-0.7561535637,0.2384930785,-0.7402864514,-0.1006433168,0.9,0.95,0.9666666667,0.8,0.9833333333,0.1,0.1,0.0333333333,0,0.5166666667,0.8,0.85,0.9333333333,0.8,0.4666666667,0.9925140629,0.9897322982,0.9851199451,0.9949779633,0.9793394321,1,1,1,1,1,0.9880610647,0.9826606356,0.9549118534,0.9901270007,0.9549118534,0.9892716307,0.9869519833,0.9786809905,0.9939544189,0.9703085131,0.9944328462,0.9927655996,0.9910693575,0.9954331942,0.9886627233,1,1,1,1,1,0.0025986641,0.004359798,0.0014034646,0.0013540942,0.0103025104,0.0110225141,0.0098088016,0.0425634825,0.0088192708,0.0206116923,0.8302365785,0.8348493549,0.7093074898,0.7998677405,0.3643329816,1,1,1,1,1,0.0034235772,0.0039246558,0.0095517726,0.0029000029,0.0100741256,0.6089068826,0.2666136092,0.5466899631,0.7861799218,0.1303818794,0.1955465587,0.3666931954,0.2266550184,0.1069100391,0.4348090603,0.8044534413,0.6333068046,0.7733449816,0.8930899609,0.5651909397,655.8755555555,587.3177777778,624.8859259259,882.1422222222,620.9811111111,1272.625389789,912.0419405859,922.6967692358,1760.6290667363,849.334401426,-0.0496553946,-0.0906334088,-0.2218843145,-0.0696069145,-0.0166570633,0.5248276973,0.5453167044,0.6109421573,0.5348034573,0.5083285317,0.4751723027,0.4546832956,0.3890578427,0.4651965427,0.4916714683,1.5964435247,1.3717709241,2.7523037378,1.9485118035,2.2963192481
2026-07-31T13:00:00Z,691.29,0.0022181628,0.0022157063,0.0002029691,0.0020147848,-0,0,0.0013556123,0.0007261296,0.0008450227,0.0021047607,0.0003910786,0.2,0.2,0.3333333333,0.6,0.1,0.4,0.4,0.3333333333,0.2,0.45,0.6,0.6,0.6666666667,0.8,0.55,-0.3464659274,-0.0872914446,-0.0647755007,-0.5538840997,-0.0559381887,-0.7287652885,-0.7676094973,0.1026706483,0.0521721112,-0.1520021549,0.9,0.95,0.9666666667,0.8,0.9833333333,0,0.05,0,0,0.5,0.9,0.9,0.9666666667,0.8,0.4833333333,0.9916699215,0.9883938,0.9844382724,0.995000651,0.977519806,1,1,1,1,1,0.9858742351,0.9804857585,0.9527983914,0.9917545458,0.9527983914,0.9888758698,0.9850424569,0.9820769865,0.9922319142,0.9681609744,0.9932300482,0.9917545458,0.989063924,0.9977867465,0.9865613563,1,1,1,1,1,0.0022298233,0.0047079683,0.0033088987,0.0007898277,0.0109433761,0.0137108837,0.0173360215,0.0470759304,0.0112492686,0.021319032,0.8546996694,0.8223306138,0.7394600986,0.8189487097,0.4187512219,1,1,1,1,1,0.0042116832,0.0046172859,0.0085055072,0.0032891931,0.0104661338,0.6885125184,0.509736045,0.6017424976,0.8478500551,0.1344326439,0.1557437408,0.2451319775,0.1991287512,0.0760749724,0.432783678,0.8442562592,0.7548680225,0.8008712488,0.9239250276,0.567216322,180.067721519,154.8721518987,177.8734177215,0.6164556962,175.2691983122,365.2094482178,261.4744786987,262.8604077795,0.2959319331,242.7355897716,-0.0265751597,-0.0842368174,-0.0007112269,-0.9980542491,-0.0111136549,0.5132875799,0.5421184087,0.5003556135,0.9990271246,0.5055568275,0.4867124201,0.4578815913,0.4996443865,0.0009728754,0.4944431725,1.6405208581,1.1856322727,2.7536486909,0.5289840524,2.3070567953
2026-07-31T13:20:00Z,691.77,0.000694354,0.0006941131,-0.0003905741,0.0010853521,0.0056365952,0,0.0014758803,0.0008015561,0.0007530199,0.0022680949,0.0004324724,0.4,0.3,0.3333333333,0.6,0.1,0.3,0.35,0.3333333333,0.2,0.45,0.7,0.65,0.6666666667,0.8,0.55,-0.2593745192,-0.0653405974,-0.0771222373,-0.3809273871,-0.0380903546,-0.3586563286,-0.5307716024,0.0614611422,0.596182329,-0.1151559916,0.9,0.95,0.9666666667,0.8,0.9833333333,0,0,0.0333333333,0.2,0.4833333333,0.9,0.95,0.9333333333,0.6,0.5,0.9924396837,0.9886382034,0.9852450959,0.9960969686,0.9771911184,1.0056304841,1.0056304841,1.0056304841,1.0056304841,1.0056304841,0.9852263035,0.9798054267,0.970149038,0.9915434321,0.9521372711,0.98837764,0.9850962025,0.9819159547,0.9925408734,0.9674891944,0.99709441,0.9915434321,0.9898810298,0.9993061278,0.9862237449,1,1,1,1,1,0.0009188551,0.0037470134,0.0038361156,-0.0006331584,0.0100509456,0.0147942231,0.0189571365,0.0467882273,0.0090141338,0.0214245637,0.871107728,0.8220664657,0.8195234699,0.8586959252,0.4748712686,0.7240524265,0.7819759306,0.8413118761,0.6003078502,0.8947439535,0.0045419481,0.0050977237,0.0071997096,0.0034614377,0.0108685287,0.7305324158,0.5600522193,0.6005049524,0.8174603175,0.1350772668,0.1347337921,0.2199738903,0.1997475238,0.0912698413,0.4324613666,0.8652662079,0.7800261097,0.8002524762,0.9087301587,0.5675386334,0.5500978279,0.4241228652,0.4991096004,0.2012037805,0.4713847897,0.964710241,0.6956965999,0.6896354022,0.3993988013,0.6391422436,0.1031463151,0.0423165048,0.0821736894,0.9947441491,0.0311775904,0.4484268424,0.4788417476,0.4589131553,0.0026279254,0.4844112048,0.5515731576,0.5211582524,0.5410868447,0.9973720746,0.5155887952,1.3990359984,1.1742059697,2.6994680194,1.9541783571,2.2922642257
2026-07-31T13:40:00Z,686.8,-0.0071844688,-0.0072104014,0.0001734681,-0.0073566607,0.0000578127,0.0019150443,0.0011014631,0.0007605557,0.0007090257,0.0005489225,0.0004621871,0.2,0.2,0.2666666667,0.2,0.1,0.4,0.4,0.3666666667,0.4,0.45,0.6,0.6,0.6333333333,0.6,0.55,-0.0726984596,-0.0236802541,0.0521967099,0.0298921977,-0.0332853255,-0.2924900681,-0.46216366,-0.0274916988,0.0413803369,-0.0898737028,0.8,0.9,0.9333333333,0.6,0.9666666667,0,0,0,0.8,0.4666666667,0.8,0.9,0.9333333333,-0.2,0.5,1.0002679091,0.9963413658,0.9931057076,1.0033605125,0.9845170841,1.0129076878,1.0129076878,1.0129076878,1.0129076878,1.0129076878,0.9935061153,0.9888177053,0.9771694817,0.998070763,0.9590273733,0.9970442632,0.992552417,0.9893855562,1,0.9744903902,1.0043098427,0.9997233547,0.9982382062,1.0065375655,0.9935352359,0.7,0.85,0.9,0.4,0.95,-0.005224493,-0.0035666445,-0.0033865801,-0.0044583576,0.0018483957,0.0065068292,0.011100315,0.0224193885,0.0002767219,0.0155106386,0.5950287051,0.7800697495,0.7983642194,0.0511942651,0.5170880801,0.3347091932,0.4641885766,0.6388266449,0.1300294406,0.7604377787,0.0041013607,0.0049654671,0.0068683222,0.003430958,0.0111310436,0.2453038674,0.273287423,0.3304805793,0.0165073849,0.0941313711,0.3773480663,0.3633562885,0.3347597103,0.4917463076,0.4529343144,0.6226519337,0.6366437115,0.6652402897,0.5082536924,0.5470656856,0.5096164006,0.3649870501,0.42118022,0.3562565233,0.3787343066,0.7628169961,0.5598582341,0.541851693,0.4403021188,0.503025427,0.1342808744,0.1044352769,0.1039455538,0.9980699204,0.0403777242,0.4328595628,0.4477823616,0.4480272231,0.0009650398,0.4798111379,0.5671404372,0.5522176384,0.5519727769,0.9990349602,0.5201888621,2.0536063409,2.2592683144,2.3486056974,1.8274954097,2.1715201437
2026-07-31T14:00:00Z,682.68,-0.0059988352,-0.0060169005,-0.0001747234,-0.0058251296,0.0010485233,0.0036042989,0.0005480184,0.0006242591,0.0006183475,-0.0027318802,0.0004787153,0,0.1,0.2,0.2,0.1,0.5,0.45,0.4,0.4,0.45,0.5,0.55,0.6,0.6,0.55,0.0273880731,0.0228806828,0.0774132174,0.1648366238,-0.0190683201,-0.344435949,-0.4728483429,-0.1348208332,-0.4797577713,-0.0755822714,0.7,0.85,0.9,0.4,0.95,0.9,0.1,0,0.8,0.45,-0.2,0.75,0.9,-0.4,0.5,1.005998418,1.0025762436,0.9996162184,1.0084666315,0.9906364134,1.0190206246,1.0190206246,1.0190206246,1.0190206246,1.0190206246,0.9963745825,0.9950489248,0.9848831078,0.9963745825,0.9648151403,1.0015380559,0.9989160368,0.9955616101,1.0060350384,0.9803714771,1.0103708912,1.0057567235,1.0042626121,1.0126120584,1,0.1,0.45,0.6,0.2,0.8,-0.0084645009,-0.0085067047,-0.0085822574,-0.003002871,-0.004758516,-0.0030521197,0.004458177,0.0157568183,-0.0047235829,0.0107787977,0.1247943371,0.5664431857,0.7092355354,0.6121587849,0.5417689357,0.1600905563,0.206538344,0.4428234284,0.1600905563,0.6491014728,0.0044557897,0.0047828031,0.0063551616,0.0049379264,0.0112634283,-0.1055022716,0.096743295,0.2146331577,-0.2168674699,0.0634976014,0.5527511358,0.4516283525,0.3926834212,0.6084337349,0.4682511993,0.4472488642,0.5483716475,0.6073165788,0.3915662651,0.5317488007,0.706380095,0.5111363028,0.5801402182,0.6622180577,0.486035629,0.9947352722,0.7339130162,0.7007055255,0.5499001924,0.647132144,0.0563405579,0.0828325604,0.0779632081,0.6246753247,-0.0149081528,0.4718297211,0.4585837198,0.461018396,0.1876623377,0.5074540764,0.5281702789,0.5414162802,0.538981604,0.8123376623,0.4925459236,1.771382771,1.9350386391,2.1258667014,1.1835029814,2.1095188002
2026-07-31T14:20:00Z,684.735,0.0030101951,0.0030056735,-0.0001391574,0.0031497909,0.0004468308,0.0004761312,0.0000874039,0.0005723305,0.0005370199,-0.0032421302,0.0004964193,0.2,0.1,0.2,0.2,0.1,0.4,0.45,0.4,0.4,0.45,0.6,0.55,0.6,0.6,0.55,-0.0361970617,0.005437467,0.0628855248,0.2890276596,-0.0233539088,-0.3336753335,-0.4578949669,-0.3471931647,-0.5023339736,-0.0657629438,0.6,0.8,0.8666666667,0.2,0.9333333333,0.8,0.05,0.0333333333,0.6,0.4333333333,-0.2,0.75,0.8333333333,-0.4,0.5,1.0031260269,0.9997670632,0.997218632,1.0039723397,0.9878796177,1.0159623796,1.0159623796,1.0159623796,1.0159623796,1.0159623796,0.993384302,0.9920626228,0.9834899633,0.993384302,0.9619195747,1,0.9959181289,0.9937421046,1,0.9774292244,1.0073386054,1.0027382856,1.0012486582,1.0095730465,0.9972617144,0.3,0.6,0.7333333333,0.4,0.8666666667,-0.0035193442,-0.0052042031,-0.0050054212,0.0025119207,-0.0025239871,0.0014698785,0.0040102639,0.0184053186,-0.0072851427,0.0131464082,0.0033841718,0.4934209129,0.6552474793,0.7706103558,0.5747769651,0.2930142303,0.332111213,0.5084326512,0.2930142303,0.7046345089,0.0043155029,0.0046982265,0.0057421821,0.0052230962,0.0113396404,0.0482593037,0.0881547139,0.2420537897,-0.3819840365,0.0764268204,0.4758703481,0.455922643,0.3789731051,0.6909920182,0.4617865898,0.5241296519,0.544077357,0.6210268949,0.3090079818,0.5382134102,1.3505001104,0.978328022,1.1272710062,1.4484712713,0.9329289328,1.871514441,1.3827403573,1.305872296,0.8582524313,1.2146913025,0.0118468112,0.016455619,0.0399808009,0.2563089183,0.0233374158,0.4940765944,0.4917721905,0.4800095995,0.3718455408,0.4883312921,0.5059234056,0.5082278095,0.5199904005,0.6281544592,0.5116687079,1.6693150002,1.9126693678,2.0571114218,1.013744202,2.075343234
2026-07-31T14:40:00Z,685.68,0.0013800959,0.0013791445,0.0002263649,0.0011534699,0.0010366628,0.0022923389,-0.0003262853,0.000506692,0.000474274,-0.0020774997,0.0005183909,0.4,0.2,0.2,0.2,0.1,0.3,0.4,0.4,0.4,0.45,0.7,0.6,0.6,0.6,0.55,-0.0398575291,-0.0082544392,0.0457525232,0.247279878,-0.022041531,-0.2459766386,-0.4329261101,-0.5072083198,0.2939391648,-0.0533182429,0.5,0.75,0.8333333333,0,0.9166666667,0.7,0,0,0.4,0.4166666667,-0.2,0.75,0.8333333333,-0.4,0.5,1.0020468732,0.9987479582,0.9964120775,1.0009523393,0.9867373751,1.0145621864,1.0145621864,1.0145621864,1.0145621864,1.0145621864,0.9920152258,0.9906953681,0.9821345234,0.9920152258,0.960593863,0.9998687434,0.9949830825,0.9928246412,0.9986218061,0.9760821374,1.0059502975,1.0013563178,1,1.001633415,0.9961789756,0.4,0.7,0.8,0.6,0.9,-0.0005785895,-0.0035615322,-0.0032890511,0.0032026601,-0.0020299063,0.003042715,0.0072272166,0.0173293769,-0.0081152628,0.0133301806,0.0532237696,0.4171197295,0.6104134239,0.4401403647,0.6142416877,0.3541397154,0.3898564009,0.5509332134,0.3541397154,0.7301715984,0.0040622964,0.0045238637,0.0052541992,0.0044285379,0.0114548133,0.0961182994,0.1601041328,0.2316081697,-0.446300716,0.0774980668,0.4519408503,0.4199479336,0.3841959151,0.723150358,0.4612509666,0.5480591497,0.5800520664,0.6158040849,0.276849642,0.5387490334,0.742500559,0.8843274821,1.0316543679,1.4822786225,0.8430302437,0.813005509,1.2241825899,1.1421614213,0.4768763369,1.0709376188,-0.4983534207,0.0225216953,0.044570262,0.2794752287,0.0265414894,0.7491767103,0.4887391524,0.477714869,0.3602623856,0.4867292553,0.2508232897,0.5112608476,0.522285131,0.6397376144,0.5132707447,1.6477666125,1.9019758783,2.0219821981,0.9281273634,2.0572771723
2026-07-31T15:00:00Z,684.58,-0.0016042469,-0.0016055351,0.0000656283,-0.0016697656,0.0009843596,0.0015822669,-0.0006717235,0.0004131725,0.0004056009,-0.000210348,0.000537287,0.2,0.1,0.1333333333,-0.2,0.1,0.4,0.45,0.4333333333,0.6,0.45,0.6,0.55,0.5666666667,0.4,0.55,0.0399836369,0.009969093,0.0261613289,-0.404392499,-0.0130970621,-0.3431399106,-0.4279314406,-0.4981962488,0.1622700663,-0.0502628263,0.4,0.7,0.8,0,0.9,0.6,0.8,0,0.2,0.4,-0.2,-0.1,0.8,-0.2,0.5,1.0035094511,1.0006178971,0.998476925,1.0004601361,0.9885281243,1.0161924099,1.0161924099,1.0161924099,1.01073651,1.0161924099,0.9936092203,0.9936092203,0.9848812411,0.9936092203,0.9621373689,1.0002264162,0.9967571358,0.9946974787,1,0.9776505303,1.0075666832,1.0029653218,1.0016068246,1.0016068246,0.9985684653,0.2,0.5,0.6666666667,0.4,0.8333333333,-0.0004866952,-0.0045430358,-0.0043581387,-0.0000394402,-0.0043780902,-0.0014731837,0.0053307879,0.0141099614,-0.0103936279,0.0124676477,0.2139988827,0.3008355074,0.5388957567,0.0223537402,0.6467961461,0.2829883571,0.2829883571,0.4828551435,0.3731343284,0.7004458857,0.0041707271,0.0043437285,0.0047822888,0.0019896569,0.0115697215,-0.0486746988,0.1147281922,0.1887072808,-0.5451099318,0.0720636006,0.5243373494,0.4426359039,0.4056463596,0.7725549659,0.4639681997,0.4756626506,0.5573640961,0.5943536404,0.2274450341,0.5360318003,2.0044111318,2.2514129967,2.5171352747,3.1384593315,2.1780041123,2.0161383523,3.147458986,2.9143745608,1.6039055539,2.7394262377,0.0923465569,-0.0085921049,-0.0726521221,-0.5202405529,0.0090600251,0.4538267216,0.5042960525,0.536326061,0.7601202765,0.4954699874,0.5461732784,0.4957039475,0.463673939,0.2398797235,0.5045300126,1.6047661046,1.8745213135,2.0793071003,0.9611118283,2.0493926183
2026-07-31T15:20:00Z,683.73,-0.0012416372,-0.0012424087,-0.0001314675,-0.0011103157,0.0000876565,0.0040175897,-0.0009683514,0.0003375997,0.000387575,0.000284469,0.000554061,0,0,0.0666666667,-0.2,0.0666666667,0.5,0.5,0.4666666667,0.6,0.4666666667,0.5,0.5,0.5333333333,0.4,0.5333333333,0.0718215487,0.016883661,0.0119297283,-0.0423311862,-0.013660854,-0.4457744168,-0.4272423807,-0.4858824996,-0.4742553894,-0.0445747239,0.3,0.65,0.7666666667,0,0.8833333333,0.5,0.75,0.1333333333,0,0.3833333333,-0.2,-0.1,0.6333333333,0,0.5,1.0043357758,1.0019254677,0.9998259547,1.0008058737,0.9899345014,1.0174557208,1.0174557208,1.0174557208,1.0053676159,1.0174557208,0.9948444561,0.9948444561,0.9913269858,0.9948444561,0.9633334796,1.0012431808,0.9979962851,0.9959340675,1,0.9788659266,1.0088192708,1.004212189,1.002852003,1.0014698785,1,0.2,0.45,0.6333333333,0.4,0.8166666667,0.0000218055,-0.0051326651,-0.0054457924,-0.0013748117,-0.0062793018,-0.0041945209,0.0012740532,0.0032427515,-0.0044700058,0.0107620667,0.3968425114,0.2038196906,0.4973280312,0.0738941346,0.6774503863,0.228007762,0.228007762,0.3319339491,0.489923558,0.6774760168,0.004415205,0.0043119613,0.0047568945,0.001479943,0.0116578686,-0.139941691,0.0284499673,0.0492643781,-0.3384785006,0.0619416319,0.5699708455,0.4857750164,0.475367811,0.6692392503,0.469029184,0.4300291545,0.5142249836,0.524632189,0.3307607497,0.530970816,0.9332289617,0.9547966243,0.9593288404,1.0419812727,0.9221427009,0.7913104301,1.3066712626,1.1138248183,0.4363105663,1.1329000427,0.1980253045,0.0211061651,-0.1225029923,-0.4820778141,0.0242544322,0.4009873478,0.4894469175,0.5612514961,0.7410389071,0.4878727839,0.5990126522,0.5105530825,0.4387485039,0.2589610929,0.5121272161,1.529009795,1.8988642367,1.6256919831,1.100424857,2.034259006
2026-07-31T15:40:00Z,684.735,0.0014698785,0.0014687992,0.0000146257,0.0014552315,0.0006362067,0.0019963729,-0.0011984287,0.0002479034,0.0003657594,-0.0002847817,0.0005677792,0.2,0.1,0.1333333333,0.2,0.1,0.4,0.45,0.4333333333,0.4,0.45,0.6,0.55,0.5666666667,0.6,0.55,0.0463001027,-0.0127134489,-0.003096861,-0.3489990148,-0.0171635278,-0.5542928884,-0.4326189831,-0.4669115569,0.1093500177,-0.0488332976,0.2,0.6,0.7333333333,0.4,0.8666666667,0.4,0.7,0.1,0.6,0.3666666667,-0.2,-0.1,0.6333333333,-0.2,0.5,1.0026886314,1.0006940641,0.9985670856,0.999937202,0.988716316,1.0159623796,1.0159623796,1.0159623796,1.0024315976,1.0159623796,0.993384302,0.993384302,0.9898719943,0.9945161267,0.9619195747,0.9997736351,0.996998839,0.9952171278,0.9997736351,0.9774292244,1.0073386054,1.0027382856,1.0013800959,1,0.9985322789,0.5,0.55,0.7,0.8,0.85,0.0027042977,-0.0030491462,-0.0038705971,0.0006323614,-0.0054658016,-0.0017276067,0.004805858,0.0062973033,0.0030101951,0.014286984,0.589559703,0.1193589991,0.4576914094,0.1982709625,0.7028906679,0.2930142303,0.2930142303,0.3881891968,0.692804428,0.7046345089,0.0044830674,0.0041376208,0.0046794883,0.000904477,0.0117283217,-0.0567121321,0.1084975981,0.0956579975,0.3450881612,0.08231278,0.528356066,0.4457512009,0.4521710012,0.3274559194,0.45884361,0.471643934,0.5542487991,0.5478289988,0.6725440806,0.54115639,1.9166608595,1.8743873403,1.7442411924,1.5350174216,1.8123093302,1.4504612105,2.5385795769,2.1080228303,0.5234784345,2.1964242365,0.092245946,0.0085781998,-0.0924842884,-0.4732685163,0.0122495262,0.453877027,0.4957109001,0.5462421442,0.7366342581,0.4938752369,0.546122973,0.5042890999,0.4537578558,0.2633657419,0.5061247631,1.4842039579,1.8978968087,1.7037027126,0.5614024951,2.0250939269
2026-07-31T16:00:00Z,685.1,0.0005330529,0.0005329109,0.0000219063,0.0005111355,0.0006863819,0.0006425703,-0.0010054714,0.0001770171,0.000371257,-0.0001466939,0.0005810523,0.2,0.1,0.1333333333,0.2,0.1333333333,0.4,0.45,0.4333333333,0.4,0.4333333333,0.6,0.55,0.5666666667,0.6,0.5666666667,0.1495381086,-0.013928082,0.0165355139,-0.2089303082,-0.0156549138,-0.4613809882,-0.424907158,-0.4620126705,-0.0277641594,-0.0537519972,0.1,0.55,0.7,0.2,0.85,0.3,0.65,0.0666666667,0.4,0.35,-0.2,-0.1,0.6333333333,-0.2,0.5,1.0014742373,1.0003696541,0.9981343356,0.9995110203,0.9884432929,1.0154211064,1.0154211064,1.0154211064,1.0018975332,1.0154211064,0.9928550577,0.9928550577,0.9893446212,0.9939862794,0.9614070939,0.9992409867,0.9978105386,0.994686907,0.9992409867,0.9769084805,1.0024813896,1.0022040578,1.0008465917,1,0.9992409867,0.6,0.6,0.7333333333,0.8,0.8666666667,0.0030503842,-0.0020513168,-0.003517562,0.0007823675,-0.0055843349,-0.0067559731,0.0041920732,0.0029865605,0.0005330529,0.0154594098,0.4654816097,0.0646351593,0.4702365084,0.0491305088,0.7260061473,0.3166235446,0.3166235446,0.4086202071,0.7601476015,0.7144980408,0.0042329725,0.0040149183,0.0046860368,0.0009359474,0.0118098764,-0.2675086108,0.096069869,0.0479435958,0.0855803048,0.0890539617,0.6337543054,0.4519650655,0.4760282021,0.4572098476,0.4554730191,0.3662456946,0.5480349345,0.5239717979,0.5427901524,0.5445269809,2.357054921,2.1878428288,1.9907689852,1.5743519595,2.1505813556,1.599449955,2.9964274186,2.4845224067,0.6559148087,2.5767035558,0.0775740029,-0.0096546093,-0.0424653818,-0.2650026389,0.0101194714,0.4612129985,0.5048273046,0.5212326909,0.6325013194,0.4949402643,0.5387870015,0.4951726954,0.4787673091,0.3674986806,0.5050597357,1.4707672837,1.9231862055,1.8288227875,0.5020515272,2.0223207732
2026-07-31T16:20:00Z,686.92,0.0026565465,0.0026530241,0.0001021749,0.0025541107,0.0008465052,0.0000218924,-0.0004357616,0.0001306748,0.0003560816,0.000880743,0.000597243,0.2,0.2,0.2,0.2,0.1333333333,0.4,0.4,0.4,0.4,0.4333333333,0.6,0.6,0.6,0.6,0.5666666667,0.1200206923,-0.0204023396,0.0034657432,0.1102941301,-0.0173562961,0.3377920868,-0.413665398,-0.4295121932,0.01521743,-0.043932413,0,0.5,0.6666666667,0.8,0.8333333333,0.2,0.6,0.0333333333,0.2,0.3333333333,-0.2,-0.1,0.6333333333,0.6,0.5,0.9981846503,0.9980816543,0.9958493468,0.9972238397,0.9861148314,1.0127307401,1.0127307401,1.0127307401,1.0008443487,1.0127307401,0.9902244803,0.9902244803,0.9867233448,0.9913527048,0.9588598381,0.9965934898,0.9953560822,0.9923790252,0.9965934898,0.9743201537,0.9998253072,0.9998253072,0.9985442264,0.9973504921,0.9968191347,0.9,0.85,0.9,1,0.95,0.0037762767,0.0006769347,-0.0010125297,0.0010146742,-0.0037334984,-0.0063215148,0.0073026953,0.0109049168,0.0018084238,0.017734647,0.1319663435,0.0380329757,0.4506561912,0.658901402,0.7543162654,0.4343467012,0.4343467012,0.510495382,0.9110429448,0.7636805837,0.0034454369,0.0038637377,0.0045910926,0.0015344544,0.0119089808,-0.2467532468,0.15915628,0.1815286624,0.2412451362,0.1008764537,0.6233766234,0.42042186,0.4092356688,0.3793774319,0.4495617731,0.3766233766,0.57957814,0.5907643312,0.6206225681,0.5504382269,1.4112062731,1.2470880439,1.0913605623,0.8038369305,1.200423788,0.7884977106,1.6583149165,1.3809572595,0.2896982088,1.4333027926,0.1309348911,0.0258064086,-0.0196743953,-0.1320340608,0.0040041042,0.4345325545,0.4870967957,0.5098371977,0.5660170304,0.4979979479,0.5654674455,0.5129032043,0.4901628023,0.4339829696,0.5020020521,1.3626553586,1.8274734539,1.9176109767,0.6333803198,2.0012652368
2026-07-31T16:40:00Z,687.1,0.0002620392,0.0002620049,0.0000655098,0.0001965166,0.00063322,0.0019433304,0.0002692035,0.0000717629,0.0003325693,0.0012989376,0.0006044063,0.2,0.3,0.2666666667,0.6,0.1666666667,0.4,0.35,0.3666666667,0.2,0.4166666667,0.6,0.65,0.6333333333,0.8,0.5833333333,-0.0882409652,-0.0221171499,0.0002596181,-0.2497782171,-0.009028607,-0.1027667757,-0.4094490347,-0.4032697032,-0.2594441918,-0.0303427384,0,0.45,0.6333333333,0.8,0.8166666667,0.1,0.55,0,0,0.3166666667,-0.1,-0.1,0.6333333333,0.8,0.5,0.9972434871,0.9982142337,0.9959862708,0.9976961141,0.9862482414,1.0070295445,1.0124654344,1.0124654344,1.0006330956,1.0124654344,0.9899650706,0.9899650706,0.9864648523,0.9910929996,0.958608645,0.9963324116,0.9950953282,0.9924901761,0.9965579974,0.9740649105,0.9995633823,0.9997380294,0.9992868578,0.9997380294,0.9965579974,1,0.85,0.9,1,0.95,0.0015450973,0.001104019,-0.0008085252,-0.0002939892,-0.0040782277,-0.0067507987,0.0079435516,0.0120783621,0.0036810891,0.024070348,0.1509707158,0.0127998938,0.4212226771,0.9423266431,0.7636579415,0.5880597015,0.4459896507,0.5205709488,0.9336384439,0.7685447912,0.0019900375,0.0036575685,0.004435223,0.0018923547,0.0119778773,-0.2682366456,0.1734742912,0.2030205496,0.5971563981,0.1406304424,0.6341183228,0.4132628544,0.3984897252,0.2014218009,0.4296847788,0.3658816772,0.5867371456,0.6015102748,0.7985781991,0.5703152212,1.891585387,1.9031540371,1.6146899829,1.2578403647,1.7878369019,1.1479334322,2.5093082663,2.0944494693,0.4082574123,2.1707383334,-0.2899809077,0.0070483623,-0.0309371263,0.0572767729,-0.024501277,0.6449904538,0.4964758189,0.5154685632,0.4713616136,0.5122506385,0.3550095462,0.5035241811,0.4845314368,0.5286383864,0.4877493615,1.4216724325,1.8280108809,1.9561102463,0.8052280272,2.0839246538
2026-07-31T17:00:00Z,688.25,0.0016737011,0.001672302,-0.0000436618,0.0017174378,0.000130991,0.0001455456,0.0006643992,0.0000403879,0.0003177199,0.0013120232,0.0006093564,0.4,0.3,0.2666666667,1,0.2,0.3,0.35,0.3666666667,0,0.4,0.7,0.65,0.6333333333,1,0.6,0.055670485,-0.0258738446,-0.002962088,0.7304562895,-0.0148979836,-0.5196197293,-0.3911850318,-0.38096644,0.2820733421,-0.0200495004,0.9,0.4,0.6,0.8,0.8,0,0.5,0,0,0.3,0.9,-0.1,0.6,0.8,0.5,0.9957878678,0.99697421,0.9947574767,0.9973425354,0.9850466158,1.0001307664,1.0107737014,1.0107737014,1.0001307664,1.0107737014,0.9883109335,0.9883109335,0.9867344715,0.9914638576,0.9570069016,0.9946676353,0.9946676353,0.9909189975,0.9954231747,0.9724373411,0.9980675627,0.9983290955,0.9978932074,0.9983290955,0.9949436978,1,0.85,0.9,1,0.95,0.001222336,0.0026421047,0.0006355843,0.0000334181,-0.0030226301,0.0021112405,0.0086318073,0.013234991,0.0066107967,0.0275148547,0.6842375381,0.0043585575,0.4049976734,0.9434415684,0.7702240111,0.9889366933,0.5203751617,0.5518283469,0.9849119866,0.7996216727,0.0023070266,0.0035275731,0.0043212304,0.0019102888,0.012024393,0.1066961001,0.1858630483,0.2183098592,1,0.1604562076,0.44665195,0.4070684759,0.3908450704,0,0.4197718962,0.55334805,0.5929315241,0.6091549296,1,0.5802281038,1.6044686354,1.9915589102,1.670547904,1.1074276779,1.8557095888,0.8147724517,2.6115589418,2.1853722444,0.2434421221,2.2642102046,-0.4632682519,0.0045425905,-0.0091934797,-0.4204989181,-0.0054997644,0.731634126,0.4977287048,0.5045967399,0.710249459,0.5027498822,0.268365874,0.5022712952,0.4954032601,0.289750541,0.4972501178,1.4184794143,1.8070685442,1.935515147,0.8602273803,2.0885924404
2026-07-31T17:20:00Z,689.2,0.0013803124,0.0013793606,-0,0.0013803124,0.0016273157,0.0005666546,0.0007097381,0.0000711733,0.0003099998,0.0013827626,0.0006080609,0.6,0.3,0.2666666667,1,0.2333333333,0.2,0.35,0.3666666667,0,0.3833333333,0.8,0.65,0.6333333333,1,0.6166666667,-0.0227927281,-0.0365547553,-0.0024545334,0.8642147463,-0.0202100825,-0.0977273575,-0.3377727835,-0.3519326456,0.5371409223,-0.0036820261,0.9,0.35,0.5666666667,0.8,0.7833333333,0.3,0.45,0.0666666667,0,0.2833333333,0.6,-0.1,0.5,0.8,0.5,0.9953612885,0.9959213581,0.9938481815,0.9972634939,0.9842280905,1.0016250725,1.0093804411,1.0093804411,1.0016250725,1.0093804411,0.9880731283,0.9869486361,0.9856355194,0.9929048172,0.9556877539,0.9935214742,0.9932965757,0.9899013349,0.9966918166,0.9731427742,0.996952989,0.9986215902,0.9966918166,0.9986215902,0.9940510737,1,0.85,0.9,1,0.95,0.00144489,0.0034024956,0.001656822,-0.0000290192,-0.0021658873,0.0095505947,0.0064693255,0.01405135,0.0065207708,0.0334382966,0.6892125611,0.0128882987,0.3973746513,0.9524083675,0.7698580011,0.8800856531,0.5818240621,0.6049495875,0.8136439268,0.8252938792,0.0024555485,0.0036150564,0.0042564791,0.0020037846,0.0120016807,0.6257197697,0.146543169,0.2287973167,1,0.1975374258,0.1871401152,0.4267284155,0.3856013416,0,0.4012312871,0.8128598848,0.5732715845,0.6143986584,1,0.5987687129,0.9268863591,1.3065847813,1.1224246056,0.7979308967,1.2340796219,0.3151896831,1.7358928819,1.4486519511,0.1891591738,1.5034741977,-0.2842096649,-0.0135462396,0.0147426973,0.2419429739,0.0017930609,0.6421048324,0.5067731198,0.4926286513,0.379028513,0.4991034696,0.3578951676,0.4932268802,0.5073713487,0.620971487,0.5008965304,0.6988603233,1.9110000855,1.9028577893,0.810555543,2.111147843
2026-07-31T17:40:00Z,688.57,-0.0009141033,-0.0009145214,-0.0000435287,-0.0008706125,0.0007110002,0.000420796,0.0007909673,0.0000555144,0.0003144577,0.000784234,0.0006076924,0.4,0.3,0.2,0.6,0.2,0.3,0.35,0.4,0.2,0.4,0.7,0.65,0.6,0.8,0.6,0.1796657915,-0.0416275166,0.0034573056,0.7427295132,-0.0177261922,0.0115311792,-0.2981769167,-0.3224892375,0.137721573,0.0116220924,0.8,0.3,0.5333333333,0.6,0.7666666667,0.2,0.4,0.0333333333,0,0.2666666667,0.6,-0.1,0.5,0.6,0.5,0.9968289353,0.9971840191,0.995075543,0.9991838157,0.9856252814,1.002541499,1.0103039633,1.0103039633,1.002541499,1.0103039633,0.9889771556,0.9878516345,0.9865373165,0.9950404461,0.9565621505,0.9944304864,0.9944304864,0.9909813091,0.9978651408,0.9740912326,0.9995352687,1,0.9978651408,1,0.9956721902,0.9,0.8,0.8666666667,0.8,0.9333333333,-0.0003882882,0.002288594,0.0003648203,-0.0007522837,-0.0035522062,0.0056007068,0.0070788177,0.0096334311,0.005064954,0.0307162638,0.7611329814,0.0080527338,0.4037139729,0.7666663161,0.7689883333,0.812633833,0.5410737387,0.5664527956,0.6611810261,0.8082691528,0.0026040855,0.0035672205,0.0042836558,0.0012666525,0.0120011871,0.4263479711,0.1623071764,0.164167916,0.733615222,0.1826110172,0.2868260145,0.4188464118,0.417916042,0.133192389,0.4086944914,0.7131739855,0.5811535882,0.582083958,0.866807611,0.5913055086,1.0069850611,1.4722883658,1.2714139128,0.9719330014,1.3955673759,0.3334636314,1.9690081319,1.6418874626,0.1773753802,1.7044600835,-0.0989296274,-0.0063438252,-0.0006585713,0.2287805924,-0.0029866956,0.5494648137,0.5031719126,0.5003292856,0.3856097038,0.5014933478,0.4505351863,0.4968280874,0.4996707144,0.6143902962,0.4985066522,0.6109866229,1.9411787315,1.9691403539,0.68988857,2.1205839034
2026-07-31T18:00:00Z,688.565,-0.0000072614,-0.0000072615,-0.0002178428,0.0002106272,0.0008061939,0.000936928,0.0008951423,0.0000261359,0.0003019224,0.0004719961,0.0006025439,0.2,0.3,0.2,0.2,0.2,0.4,0.35,0.4,0.4,0.4,0.6,0.65,0.6,0.6,0.6,0.1921080411,-0.0303726763,-0.0004588978,0.5518186426,-0.0209322209,-0.0429221974,-0.2211083879,-0.3032144856,0.435324704,0.0174163094,0.7,0.25,0.5,0.4,0.75,0.1,0.35,0,0,0.25,0.6,-0.1,0.5,0.4,0.5,0.9972551611,0.9975517925,0.9954606077,0.9996688766,0.9861541757,1.002548779,1.0103112996,1.0103112996,1.002548779,1.0103112996,0.988984337,0.9878588078,0.9865444802,0.9957375121,0.9565690966,0.9944377074,0.9944377074,0.9914532397,0.9995425268,0.9755651246,1,1.0000072615,0.9995425268,1.0000072615,0.9958101269,0.8,0.75,0.8333333333,0.6,0.9166666667,-0.0012833013,0.0021999168,0.0001615171,-0.0006128688,-0.0039292218,0.004207502,0.0072630193,0.0114651272,0.0023947476,0.0323158573,0.8812300101,0.0018894234,0.3871381921,0.4421713176,0.7645629335,0.8120985011,0.5407503234,0.5661472655,0.6257995736,0.8081340359,0.0027388888,0.0034671133,0.0042000222,0.0010038253,0.0119339001,0.3581626319,0.1671998653,0.2012375919,0.56432247,0.1936048862,0.320918684,0.4164000674,0.3993812041,0.217838765,0.4031975569,0.679081316,0.5835999326,0.6006187959,0.782161235,0.5968024431,1.467423632,1.706669841,2.0342148316,1.3878836715,2.2571472175,0.4541774522,1.558942869,2.6629804841,0.29845626,2.7586634071,-0.2181414839,-0.43183414,-0.0143357161,-0.4287267292,-0.0007033991,0.6090707419,0.71591707,0.507167858,0.7143633646,0.5003516995,0.3909292581,0.28408293,0.492832142,0.2856366354,0.4996483005,0.7615868497,2.0050705655,2.0259804857,0.7586300458,2.1295647036
2026-07-31T18:20:00Z,688.53,-0.0000508304,-0.0000508316,-0.0000363074,-0.0000145235,0.0006390333,0.0005228454,0.0008392935,0.0000308219,0.000285931,-0.0000108928,0.0005939737,0.2,0.2,0.1333333333,-0.2,0.2,0.4,0.4,0.4333333333,0.6,0.4,0.6,0.6,0.5666666667,0.4,0.6,-0.0328579094,0.0075197581,0.0002963712,0.5202953136,-0.0209513002,-0.2825937299,-0.2741258939,-0.2884605743,0.656354815,0.0270558723,0.6,0.2,0.4666666667,0.2,0.7333333333,0,0.3,0.5333333333,0,0.2333333333,0.6,-0.1,-0.0666666667,0.2,0.5,0.9978795405,0.9978159993,0.9958781752,1.0001350704,0.9867411974,1.0025997415,1.0103626567,1.0103626567,1.0025997415,1.0103626567,0.98903461,0.9879090236,0.9879090236,0.9977343035,0.9566177218,0.9950183725,0.9944882576,0.9917650647,1,0.9758470945,1.0000508329,1.0000580948,1,1.0000580948,0.9962093155,0.7,0.7,0.8,0.4,0.9,-0.0016563614,0.0018911926,-0.0000241749,-0.0001132848,-0.0042634229,0.0057699611,0.0042882773,0.0111315075,0.0020812109,0.0332858108,0.8333937184,0.0026129688,0.3654083823,0.0011553155,0.757626224,0.8083511777,0.5384864166,0.5384864166,0.4656716418,0.8071882178,0.0026406798,0.0034768676,0.0040941263,0.0004532138,0.0118178929,0.56509299,0.1059841384,0.196220554,0.5162454874,0.2003432391,0.217453505,0.4470079308,0.401889723,0.2418772563,0.3998283805,0.782546495,0.5529920692,0.598110277,0.7581227437,0.6001716195,1.4248222917,1.7056404606,1.9624395792,1.3004122832,2.1844102455,0.439842436,1.4736868732,2.5875783609,0.3211299908,2.6790962526,0.0015748425,0.0607211287,-0.0073567157,-0.1558658951,-0.0036706087,0.4992125787,0.4696394356,0.5036783578,0.5779329475,0.5018353044,0.5007874213,0.5303605644,0.4963216422,0.4220670525,0.4981646956,0.8919434485,2.0044188519,2.0327396566,0.8419753638,2.1368009838
2026-07-31T18:40:00Z,688.72,0.0002759502,0.0002759121,-0.0003049976,0.0005811251,0.000915272,0.0000581125,0.0006464341,0.000056403,0.0002858586,-0.0001451969,0.0005828897,0.4,0.2,0.1333333333,-0.2,0.2333333333,0.3,0.4,0.4333333333,0.6,0.3833333333,0.7,0.6,0.5666666667,0.4,0.6166666667,0.4876481888,0.0213546111,0.0061063529,0.7160624057,-0.0225498176,0.1364293656,-0.3309757811,-0.2681317254,0.708679412,0.0347656209,0.5,0.15,0.4333333333,0,0.7166666667,0,0.25,0.5,0.4,0.2166666667,0.5,-0.1,-0.0666666667,-0.4,0.5,0.9983287838,0.9976939104,0.9958870562,0.9999956441,0.9870200033,1.0023231502,1.0100839238,1.0100839238,1.0023231502,1.0100839238,0.9907872575,0.9876364851,0.9876364851,0.9986278894,0.9563538158,0.997386456,0.9942139041,0.9925659194,0.9997749448,0.9758537577,0.9997822047,1,0.9997749448,1,0.9969363457,0.9,0.8,0.8666666667,0.8,0.9333333333,-0.0012377375,0.0017702612,-0.0000320058,0.0002947497,-0.0042152481,0.0072982025,0.0030730691,0.0085815541,0.0006828914,0.0341917561,0.7387705235,0.008570157,0.3654189109,0.3195092338,0.7493944593,0.7986154814,0.5507761966,0.5507761966,0.3713163065,0.8123226591,0.0021602125,0.0035132053,0.0040930303,0.0003632709,0.0116608822,0.7883096367,0.0784095132,0.1587645624,0.2596685083,0.2060633484,0.1058451817,0.4607952434,0.4206177188,0.3701657459,0.3969683258,0.8941548183,0.5392047566,0.5793822812,0.6298342541,0.6030316742,1.1432527033,1.5496531033,1.7152572036,1.1356084755,1.9226514157,0.269945293,1.2558101957,2.2778355481,0.285685414,2.3549581013,-0.2812484963,0.0689412364,-0.0075280936,-0.0283649503,0.0013549579,0.6406242482,0.4655293818,0.5037640468,0.5141824752,0.4993225211,0.3593757518,0.5344706182,0.4962359532,0.4858175248,0.5006774789,1.0467947945,1.9964672106,2.1074975265,1.1199441851,2.1384570496
2026-07-31T19:00:00Z,689.95,0.0017859217,0.0017843288,-0.0001088977,0.0018950257,0.0000580851,0.0008785368,0.0005596804,0.0000869247,0.0002790839,0.0004224944,0.0005675919,0.4,0.3,0.2,-0.2,0.2666666667,0.3,0.35,0.4,0.6,0.3666666667,0.7,0.65,0.6,0.4,0.6333333333,0.738377208,0.0309666783,-0.0060495761,0.8348975679,-0.0212451085,0.3823873507,-0.4112401478,-0.2391744339,0.8436657084,0.0574225444,0.4,0.1,0.4,0.8,0.7,0,0.2,0.4666666667,0.2,0.2,0.4,-0.1,-0.0666666667,0.6,0.5,0.9973048772,0.9962073339,0.9945218253,0.998430321,0.9858838805,1.0005362707,1.0082832089,1.0082832089,1.0000579752,1.0082832089,0.9918254946,0.9858757881,0.9858757881,0.9968475977,0.9546488876,0.9958692659,0.9924414813,0.990984854,0.9979926082,0.9745053989,0.9982172621,0.9989129647,0.9979998551,0.9982172621,0.9954344518,1,0.9,0.9333333333,1,0.9666666667,0.0001765609,0.0029668817,0.0014314579,0.0007246902,-0.0026278415,0.0076160851,0.0058753207,0.0124585449,0.0010882182,0.0388622881,0.7213908287,0.0194854962,0.3578018122,0.5712496975,0.742331114,0.9384359401,0.6303363519,0.6303363519,0.9819413093,0.8455614106,0.0018927,0.0035907337,0.0040383389,0.0007905384,0.0114087393,0.7955758963,0.1468123862,0.231083288,0.3588516746,0.2348071325,0.1022120519,0.4265938069,0.384458356,0.3205741627,0.3825964338,0.8977879481,0.5734061931,0.615541644,0.6794258373,0.6174035662,0.6247640464,0.8350414898,0.8897637297,0.6168493064,0.9789135576,0.1850054882,0.6117339464,1.1508357635,0.2140876605,1.1928326329,0.2329892222,0.1273534104,0.0293685094,0.2231207561,0.0065891061,0.3835053889,0.4363232948,0.4853157453,0.3884396219,0.496705447,0.6164946111,0.5636767052,0.5146842547,0.6115603781,0.503294553,1.0273419734,1.905225162,2.0648754128,1.3019054083,2.1404219388
2026-07-31T19:20:00Z,689.33,-0.0008986158,-0.0008990198,0.0000652221,-0.0009637751,0.0003840608,0.0005942072,0.0003690452,0.0001839696,0.0002695852,0.0004279518,0.0005551934,0.2,0.2,0.1333333333,-0.2,0.2333333333,0.4,0.4,0.4333333333,0.6,0.3833333333,0.6,0.6,0.5666666667,0.4,0.6166666667,0.514862789,0.0990931958,-0.0065214208,0.4287447567,-0.019862865,0.3797792416,-0.329086699,-0.1986450613,0.7973722908,0.0839516723,0.3,0.05,0.3666666667,0.8,0.6833333333,0,0.15,0.4333333333,0,0.1833333333,0.3,-0.1,-0.0666666667,0.8,0.5,0.9988155165,0.997072157,0.9957591671,0.9995488373,0.9873312975,1.0014361772,1.0091900831,1.0091900831,1.0013491361,1.0091900831,0.9939433943,0.9867625085,0.9867625085,0.9977441864,0.9555075218,0.9984332613,0.993334107,0.9918761696,0.9988902267,0.976977645,0.9998114111,0.9998114111,0.9991150828,1,0.9965038516,0.9,0.85,0.8666666667,0.8,0.9333333333,-0.00047622,0.0011801314,0.0003318479,-0.0004047408,-0.003709502,0.0061742811,-0.0006234052,0.0103922373,0.0011037367,0.0348125019,0.67954169,0.088501809,0.3438001493,0.5808947214,0.733397428,0.8083252662,0.590232859,0.590232859,0.6257545272,0.828806918,0.0012858743,0.0035658732,0.0039795338,0.0007940743,0.0112272885,0.6211453744,-0.0177465951,0.1938217605,0.3653846154,0.2136539525,0.1894273128,0.5088732976,0.4030891197,0.3173076923,0.3931730238,0.8105726872,0.4911267024,0.5969108803,0.6826923077,0.6068269762,0.4695485907,0.5834226979,0.5880082822,0.504684054,0.6332247469,0.2098757911,0.3833234883,0.738617164,0.2816762011,0.7634362155,0.4528090765,0.1865037997,0.0430422535,0.6182398046,0.0171085587,0.2735954618,0.4067481001,0.4784788732,0.1908800977,0.4914457207,0.7264045382,0.5932518999,0.5215211268,0.8091199023,0.5085542793,0.8940375819,1.836586005,2.0365981649,1.1403024732,2.1530867589
2026-07-31T19:40:00Z,687.89,-0.002088985,-0.0020911699,-0.0000290137,-0.002060031,0.0022196109,0.0005077541,0.0001659444,0.0002876782,0.0002392802,-0.0000973993,0.0005422169,0,0.1,0.1333333333,-0.2,0.2,0.5,0.45,0.4333333333,0.6,0.4,0.5,0.55,0.5666666667,0.4,0.6,0.0678068479,0.0818050841,-0.0115932768,0.1834652439,-0.0173734444,0.1740945924,0.0454313862,-0.1880744094,-0.1312748612,0.1072775842,0.9,0,0.3333333333,0.8,0.6666666667,0,0.1,0.4,0.8,0.1666666667,0.9,-0.1,-0.0666666667,0,0.5,1.0010474058,0.9989122534,0.9981319688,1.0014449985,0.9898847684,1.0042884764,1.0113026792,1.0113026792,1.0042884764,1.0113026792,0.996714591,0.9888281557,0.9888281557,0.9994911977,0.9575077411,1.0005233395,0.9954135109,0.9951881842,1.0009303813,0.9798078181,1.0019043742,1.0012065883,1.0012065883,1.0020933579,0.9988515606,0.2,0.55,0.6333333333,0.2,0.8166666667,-0.0017941558,-0.0016451966,-0.0016015314,-0.0012501999,-0.0058801656,0.0014121004,-0.0049183411,0.0087251078,-0.0009802996,0.030076145,0.1915467071,0.2485597643,0.2944063456,0.0181335639,0.7200727933,0.43378119,0.4970892626,0.4970892626,0.1060606061,0.7898932577,0.0010890613,0.0033272651,0.0038170018,0.0010228907,0.0110658585,0.1508553655,-0.1408450704,0.1577412513,-0.1920341394,0.1854313807,0.4245723173,0.5704225352,0.4211293743,0.5960170697,0.4072843097,0.5754276827,0.4295774648,0.5788706257,0.4039829303,0.5927156903,0.3638249321,0.4195528434,0.4012798489,0.4847648839,0.4133121378,0.2499599529,0.2638299475,0.4790403649,0.3049244752,0.4894221147,0.5515892056,0.2654830437,0.0969148576,1,0.0409522956,0.2242053972,0.3672584782,0.4515425712,0,0.4795238522,0.7757946028,0.6327415218,0.5484574288,1,0.5204761478,1.3003318574,1.656191338,1.880304455,1.0927299657,2.1166238413
2026-07-31T20:20:00Z,687.36,-0.000770472,-0.000770769,-0.000770472,0,-0,0,-0.0000796636,0.0003987524,0.0001971869,-0.0006954143,0.0005327114,-0.2,0,0.1333333333,-0.2,0.1666666667,0.6,0.5,0.4333333333,0.6,0.4166666667,0.4,0.5,0.5666666667,0.4,0.5833333333,0.2341789736,0.0138743612,0.000103107,0.237532829,-0.0102205765,0.5793255158,-0.102268788,-0.1988513211,0.5909859934,0.0942853182,0.8,0,0.3,0.6,0.65,0,0.05,0.3666666667,0.8,0.15,0.8,-0.05,-0.0666666667,-0.2,0.5,1.0018571054,0.9993616882,0.9991768021,1.0018767458,0.9910522385,1.0050628492,1.0066486266,1.0120824604,1.0050628492,1.0120824604,0.9994326117,0.9895906075,0.9895906075,1,0.9582460428,1.0012948091,0.9961810405,0.9961810405,1.0007710661,0.9813780261,1.0026769088,1.0017603585,1.0019785847,1.0028660382,1,0.1,0.55,0.6,0.2,0.8,-0.0014986192,-0.0031498362,-0.0020360119,-0.0004859171,-0.0067672241,0.000378402,-0.0063749512,0.0083249595,-0.0016992724,0.0248550001,0.0506101483,0.6060841126,0.2267134135,0.5193998636,0.7078636075,0.1007751938,0.6102345416,0.4628072445,0,0.7755708688,0.0010171105,0.002953471,0.0035845004,0.0013646074,0.0109652232,0.0383480826,-0.1823067383,0.1493617581,-0.2917705736,0.1573235183,0.4808259587,0.5911533692,0.4253191209,0.6458852868,0.4213382408,0.5191740413,0.4088466308,0.5746808791,0.3541147132,0.5786617592,76.2345714286,84.9394285714,88.2228571429,100.2,90.9349047619,60.1790199858,59.1719056103,107.5497449669,76.9918142694,109.6714162503,-0.1044744891,-0.1929674375,-0.0165214123,-0.0968853733,-0.0169967492,0.5522372445,0.5964837188,0.5082607061,0.5484426866,0.5084983746,0.4477627555,0.4035162812,0.4917392939,0.4515573134,0.4915016254,1.3247364518,1.7111965708,1.8863087681,1.0960454485,2.1566684084
2026-07-31T20:40:00Z,686.13,-0.0017894553,-0.0017910583,-0.0001163873,-0.0016732627,0,0,-0.0003166199,0.0003802026,0.0001467258,-0.0014006092,0.000515953,-0.4,0,0.0666666667,-0.6,0.1666666667,0.7,0.5,0.4666666667,0.8,0.4166666667,0.3,0.5,0.5333333333,0.2,0.5833333333,0.2994339969,0.1132752433,0.009912329,0.2672483182,-0.011311238,0.7839781841,-0.0212850273,-0.1775195964,0.7700568257,0.0858167012,0.7,0.85,0.2666666667,0.4,0.6333333333,0.9,0,0.3333333333,0.8,0.1333333333,-0.2,0.85,-0.0666666667,-0.4,0.5,1.0033441185,1.0011043826,1.0011511424,1.0029178144,0.9932381619,1.0068645883,1.0068645883,1.0138967834,1.0068645883,1.0138967834,1,0.9913646102,0.9913646102,1,0.9599638552,1.0025651116,0.9979668576,0.9979668576,1.0017926632,0.983858744,1.0044743707,1.0035561774,1.0037747949,1.0046638392,1.0017926632,0.1,0.4,0.4333333333,0.2,0.7166666667,-0.0019193288,-0.0047163074,-0.0032786664,-0.000116596,-0.0084587756,-0.0030802761,-0.0009755387,0.0055249428,-0.0037605994,0.0251763089,0.3683068526,0.5451408822,0.1402436105,0.9821682293,0.6863903265,0,0.557122708,0.3832470893,0,0.7423321173,0.0014985123,0.0029693169,0.0033912059,0.0019986605,0.0107851172,-0.3090379009,-0.0327628362,0.0977950713,-0.5128712871,0.159292872,0.6545189504,0.5163814181,0.4511024643,0.7564356436,0.420353564,0.3454810496,0.4836185819,0.5488975357,0.2435643564,0.579646436,81.862745098,84.5220588235,99.4306100218,104.3509803922,102.9918845316,73.1056146259,60.4920728292,123.9360494435,97.2332780796,126.0240063411,-0.1008446457,-0.2634007217,-0.0176629497,-0.1123311597,-0.0128881893,0.5504223229,0.6317003609,0.5088314749,0.5561655798,0.5064440947,0.4495776771,0.3682996391,0.4911685251,0.4438344202,0.4935559053,1.4710714784,1.5653826358,1.9033408526,1.1246204709,2.1724920447
